User_ID,Transaction_ID,Transaction_Amount_INR,Transaction_Type,City,Device_Type,Payment_Mode,Transaction_Timestamp,IP_Risk_Score,Device_Risk_Score,Location_Risk_Score,Fraud_Score,Fraudulent,Transaction_Status
user8270,TXN100000,164.05,Recharge,Ahmedabad,iOS,UPI AutoPay,2025-01-01 00:00:00,79.5,67.27,17.53,66.68,0,Success
user1860,TXN100001,518.33,Bill Payment,Kolkata,Android,UPI,2025-01-01 03:00:00,42.9,78.61,42.82,63.61,0,Success
user6390,TXN100002,52.84,Bill Payment,Pune,Android,UPI AutoPay,2025-01-01 06:00:00,6.86,20.25,97.64,40.69,0,Success
user6191,TXN100003,350.44,Recharge,Lucknow,Android,UPI AutoPay,2025-01-01 09:00:00,86.83,81.83,33.44,54.36,0,Success
user6734,TXN100004,362.06,P2P,Bengaluru,Android,UPI AutoPay,2025-01-01 12:00:00,76.5,95.8,63.0,64.23,0,Success
user7265,TXN100005,359.89,P2M,Kolkata,Android,UPI QR,2025-01-01 15:00:00,79.07,61.61,98.89,75.26,1,Success
user1466,TXN100006,73.2,Shopping,Lucknow,Android,UPI Lite,2025-01-01 18:00:00,74.49,78.49,26.4,48.21,0,Success
user5426,TXN100007,30.18,Bank Transfer,Jaipur,Android,UPI QR,2025-01-01 21:00:00,27.58,53.26,16.67,36.05,0,Success
user6578,TXN100008,287.06,P2M,Lucknow,Android,UPI AutoPay,2025-01-02 00:00:00,85.88,59.81,54.63,68.71,0,Success
user9322,TXN100009,197.86,Shopping,Bengaluru,Android,UPI,2025-01-02 03:00:00,0.22,1.34,55.19,25.6,0,Success
user2685,TXN100010,447.81,Shopping,Lucknow,Android,UPI QR,2025-01-02 06:00:00,23.73,52.43,92.19,55.63,0,Success
user1769,TXN100011,81.41,Bank Transfer,Jaipur,Android,UPI AutoPay,2025-01-02 09:00:00,4.66,57.56,2.64,17.01,0,Success
user7949,TXN100012,350.77,P2M,Ahmedabad,Android,UPI,2025-01-02 12:00:00,11.06,67.0,40.74,34.41,0,Success
user3433,TXN100013,470.79,Bank Transfer,Bengaluru,iOS,UPI,2025-01-02 15:00:00,53.24,16.94,31.23,26.53,0,Success
user6311,TXN100014,149.11,Bill Payment,Ahmedabad,Android,UPI,2025-01-02 18:00:00,3.73,24.14,57.11,24.99,0,Pending
user6051,TXN100015,248.87,Bank Transfer,Pune,Android,UPI Lite,2025-01-02 21:00:00,18.14,75.6,0.93,14.53,0,Success
user7420,TXN100016,240.32,Recharge,Chennai,Android,UPI,2025-01-03 00:00:00,23.27,16.76,71.11,29.38,0,Success
user2184,TXN100017,72.13,P2P,Lucknow,Android,UPI AutoPay,2025-01-03 03:00:00,65.53,41.6,48.5,52.58,0,Success
user5555,TXN100018,278.97,P2P,Delhi,iOS,UPI QR,2025-01-03 06:00:00,46.88,25.05,70.07,46.31,0,Failed
user4385,TXN100019,830.89,P2P,Ahmedabad,Web,UPI QR,2025-01-03 09:00:00,45.84,54.52,44.78,51.33,0,Success
user7396,TXN100020,167.7,P2M,Jaipur,Android,UPI AutoPay,2025-01-03 12:00:00,76.84,98.69,47.42,61.28,0,Success
user9666,TXN100021,38.06,P2M,Kolkata,iOS,UPI Lite,2025-01-03 15:00:00,45.67,85.2,89.55,55.02,0,Success
user3558,TXN100022,82.5,Bill Payment,Ahmedabad,Android,UPI Lite,2025-01-03 18:00:00,34.85,26.95,21.09,29.89,0,Success
user8849,TXN100023,27.68,P2P,Kolkata,Android,UPI,2025-01-03 21:00:00,96.25,36.86,21.75,43.56,0,Failed
user3047,TXN100024,596.01,Bill Payment,Lucknow,Android,UPI AutoPay,2025-01-04 00:00:00,0.83,91.86,55.95,34.83,0,Success
user3747,TXN100025,352.17,P2P,Pune,iOS,UPI,2025-01-04 03:00:00,30.54,89.83,66.02,56.35,0,Success
user1189,TXN100026,99.35,P2M,Mumbai,Android,UPI,2025-01-04 06:00:00,60.94,16.05,35.47,35.02,0,Success
user3734,TXN100027,39.72,Recharge,Bengaluru,Web,UPI AutoPay,2025-01-04 09:00:00,78.28,82.93,51.95,82.06,1,Success
user4005,TXN100028,71.29,Recharge,Kolkata,Android,UPI Lite,2025-01-04 12:00:00,81.64,29.76,22.79,45.95,0,Success
user5658,TXN100029,86.64,Recharge,Kolkata,Android,UPI Lite,2025-01-04 15:00:00,4.61,54.38,13.59,22.71,0,Failed
user2899,TXN100030,182.99,Bank Transfer,Bengaluru,iOS,UPI QR,2025-01-04 18:00:00,70.91,0.51,23.83,27.39,0,Success
user8734,TXN100031,176.93,Recharge,Mumbai,Web,UPI AutoPay,2025-01-04 21:00:00,72.03,99.86,91.64,84.22,1,Success
user2267,TXN100032,627.3,Shopping,Lucknow,iOS,UPI,2025-01-05 00:00:00,21.41,76.11,80.18,51.42,0,Success
user2528,TXN100033,82.04,P2P,Jaipur,iOS,UPI AutoPay,2025-01-05 03:00:00,11.28,24.17,14.02,11.24,0,Success
user4556,TXN100034,36.3,Recharge,Chennai,Android,UPI,2025-01-05 06:00:00,74.97,68.38,4.66,46.53,0,Success
user4890,TXN100035,51.57,Shopping,Kolkata,Android,UPI QR,2025-01-05 09:00:00,24.95,29.33,9.32,17.63,0,Success
user9838,TXN100036,160.29,Shopping,Mumbai,Android,UPI QR,2025-01-05 12:00:00,0.17,8.95,29.34,9.84,0,Success
user6393,TXN100037,79.15,Shopping,Mumbai,Android,UPI QR,2025-01-05 15:00:00,22.36,42.53,81.14,56.81,0,Success
user9792,TXN100038,122.49,Bill Payment,Pune,Web,UPI QR,2025-01-05 18:00:00,3.11,61.37,32.14,32.27,0,Success
user9433,TXN100039,104.16,Bill Payment,Kolkata,iOS,UPI,2025-01-05 21:00:00,24.92,8.98,18.57,14.98,0,Success
user8513,TXN100040,441.53,Shopping,Ahmedabad,iOS,UPI Lite,2025-01-06 00:00:00,33.5,51.84,39.58,37.66,0,Success
user3612,TXN100041,91.2,Bank Transfer,Lucknow,Android,UPI,2025-01-06 03:00:00,27.14,51.49,12.41,18.47,0,Success
user8041,TXN100042,112.47,Recharge,Jaipur,iOS,UPI QR,2025-01-06 06:00:00,91.99,62.86,47.02,50.4,0,Success
user7235,TXN100043,336.06,P2P,Mumbai,iOS,UPI Lite,2025-01-06 09:00:00,23.25,24.46,67.56,38.25,0,Success
user6486,TXN100044,93.23,Bank Transfer,Pune,Android,UPI AutoPay,2025-01-06 12:00:00,46.75,2.06,36.88,31.46,0,Success
user8099,TXN100045,250.44,P2M,Pune,Android,UPI,2025-01-06 15:00:00,95.74,32.49,17.36,50.93,0,Success
user1775,TXN100046,228.49,Bill Payment,Bengaluru,iOS,UPI AutoPay,2025-01-06 18:00:00,87.92,39.86,45.32,64.92,0,Success
user9226,TXN100047,189.0,Recharge,Kolkata,Android,UPI QR,2025-01-06 21:00:00,30.93,63.57,76.25,50.87,0,Success
user4152,TXN100048,52.75,Recharge,Mumbai,Web,UPI AutoPay,2025-01-07 00:00:00,32.65,93.02,7.66,47.07,0,Success
user2585,TXN100049,561.03,P2M,Jaipur,Android,UPI Lite,2025-01-07 03:00:00,59.33,20.34,7.09,29.25,0,Success
user4943,TXN100050,1511.24,P2M,Ahmedabad,Android,UPI Lite,2025-01-07 06:00:00,91.79,68.73,31.81,46.23,0,Success
user8555,TXN100051,165.48,Recharge,Delhi,Android,UPI Lite,2025-01-07 09:00:00,1.0,9.74,41.51,22.14,0,Success
user4073,TXN100052,57.61,P2M,Delhi,Android,UPI,2025-01-07 12:00:00,39.31,19.06,21.65,18.21,0,Failed
user2021,TXN100053,168.87,Recharge,Ahmedabad,Android,UPI AutoPay,2025-01-07 15:00:00,84.98,50.91,2.69,47.84,0,Success
user4843,TXN100054,441.36,Bank Transfer,Mumbai,Android,UPI AutoPay,2025-01-07 18:00:00,41.05,70.84,21.96,37.07,0,Success
user8989,TXN100055,88.66,P2M,Kolkata,Web,UPI AutoPay,2025-01-07 21:00:00,72.01,85.86,43.54,63.89,0,Success
user7873,TXN100056,144.19,Bank Transfer,Jaipur,iOS,UPI QR,2025-01-08 00:00:00,69.19,74.39,7.94,60.5,0,Success
user6675,TXN100057,230.59,Bank Transfer,Bengaluru,Android,UPI,2025-01-08 03:00:00,20.55,1.54,71.59,30.2,0,Success
user1161,TXN100058,546.23,P2M,Kolkata,Android,UPI,2025-01-08 06:00:00,44.96,68.39,55.21,56.85,0,Success
user5297,TXN100059,356.18,Recharge,Chennai,Android,UPI AutoPay,2025-01-08 09:00:00,56.62,82.47,43.44,54.9,0,Success
user1995,TXN100060,371.25,Shopping,Kolkata,iOS,UPI,2025-01-08 12:00:00,71.55,52.55,51.87,52.52,0,Success
user8629,TXN100061,107.1,Recharge,Kolkata,Android,UPI AutoPay,2025-01-08 15:00:00,82.24,96.56,65.58,72.25,1,Success
user2016,TXN100062,245.16,P2P,Lucknow,Android,UPI AutoPay,2025-01-08 18:00:00,75.99,0.43,99.48,57.44,0,Success
user8869,TXN100063,79.68,P2M,Mumbai,Android,UPI AutoPay,2025-01-08 21:00:00,2.83,81.87,77.51,45.3,0,Success
user7439,TXN100064,382.04,Bill Payment,Bengaluru,iOS,UPI Lite,2025-01-09 00:00:00,67.06,33.48,54.04,52.63,0,Success
user8892,TXN100065,518.64,P2M,Lucknow,Android,UPI QR,2025-01-09 03:00:00,49.73,65.04,77.05,55.98,0,Success
user7863,TXN100066,285.25,P2P,Mumbai,iOS,UPI,2025-01-09 06:00:00,57.39,69.35,47.52,60.45,0,Failed
user8916,TXN100067,113.59,Bank Transfer,Hyderabad,Web,UPI QR,2025-01-09 09:00:00,37.3,30.62,31.09,35.11,0,Success
user9529,TXN100068,133.79,Bill Payment,Bengaluru,Android,UPI Lite,2025-01-09 12:00:00,71.4,99.54,26.2,62.46,0,Success
user1878,TXN100069,998.76,Bill Payment,Mumbai,Android,UPI,2025-01-09 15:00:00,67.39,10.33,39.95,43.44,0,Success
user5887,TXN100070,115.5,Recharge,Delhi,Android,UPI AutoPay,2025-01-09 18:00:00,57.95,15.7,0.23,32.52,0,Success
user5859,TXN100071,468.71,Shopping,Lucknow,Android,UPI QR,2025-01-09 21:00:00,86.16,89.22,17.7,75.26,1,Success
user7331,TXN100072,230.19,Recharge,Hyderabad,Android,UPI Lite,2025-01-10 00:00:00,10.19,11.92,12.65,5.85,0,Success
user9571,TXN100073,117.43,Bill Payment,Bengaluru,Android,UPI,2025-01-10 03:00:00,30.1,38.13,96.03,52.39,0,Success
user9684,TXN100074,42.75,Bill Payment,Chennai,iOS,UPI,2025-01-10 06:00:00,49.51,73.31,6.48,45.83,0,Success
user8208,TXN100075,202.67,Shopping,Jaipur,Android,UPI QR,2025-01-10 09:00:00,95.86,79.15,50.1,76.71,1,Failed
user6276,TXN100076,179.67,P2M,Chennai,Android,UPI QR,2025-01-10 12:00:00,7.2,95.47,91.97,51.25,0,Failed
user3062,TXN100077,998.78,Shopping,Delhi,Android,UPI,2025-01-10 15:00:00,33.71,78.96,60.75,53.39,0,Success
user1064,TXN100078,69.39,Bank Transfer,Delhi,Android,UPI,2025-01-10 18:00:00,92.59,84.45,49.53,66.97,0,Success
user9006,TXN100079,1627.45,Recharge,Ahmedabad,Android,UPI Lite,2025-01-10 21:00:00,89.79,94.94,74.3,84.2,1,Success
user3568,TXN100080,239.56,P2M,Ahmedabad,Android,UPI AutoPay,2025-01-11 00:00:00,86.52,55.37,35.34,50.16,0,Success
user6463,TXN100081,239.33,Recharge,Chennai,Android,UPI AutoPay,2025-01-11 03:00:00,30.84,34.34,19.37,35.96,0,Success
user3027,TXN100082,90.64,Shopping,Lucknow,Web,UPI Lite,2025-01-11 06:00:00,84.68,76.16,84.73,74.82,1,Success
user3695,TXN100083,224.69,P2M,Kolkata,Android,UPI,2025-01-11 09:00:00,50.53,16.35,5.66,36.53,0,Failed
user6258,TXN100084,263.24,Shopping,Mumbai,iOS,UPI QR,2025-01-11 12:00:00,61.98,6.82,80.78,39.84,0,Success
user6618,TXN100085,418.77,Bank Transfer,Jaipur,Android,UPI QR,2025-01-11 15:00:00,23.88,78.53,10.34,36.75,0,Success
user7736,TXN100086,61.66,P2P,Hyderabad,Android,UPI,2025-01-11 18:00:00,70.67,95.07,62.56,69.74,0,Success
user1391,TXN100087,669.67,Bill Payment,Jaipur,Android,UPI Lite,2025-01-11 21:00:00,32.77,44.24,47.7,42.66,0,Success
user6892,TXN100088,235.43,P2M,Delhi,iOS,UPI,2025-01-12 00:00:00,34.39,16.11,99.85,47.61,0,Success
user4561,TXN100089,301.34,Bill Payment,Ahmedabad,Android,UPI QR,2025-01-12 03:00:00,63.68,49.7,38.79,38.18,0,Success
user7184,TXN100090,131.51,P2P,Kolkata,Android,UPI,2025-01-12 06:00:00,23.98,39.33,95.73,52.7,0,Success
user4099,TXN100091,64.84,P2M,Pune,Android,UPI,2025-01-12 09:00:00,22.44,37.25,40.38,35.5,0,Failed
user7278,TXN100092,176.39,Bill Payment,Bengaluru,Android,UPI Lite,2025-01-12 12:00:00,36.92,62.81,68.17,38.69,0,Success
user9392,TXN100093,197.81,Bill Payment,Pune,Android,UPI AutoPay,2025-01-12 15:00:00,77.81,17.47,64.37,59.05,0,Success
user4104,TXN100094,41.04,P2M,Pune,iOS,UPI QR,2025-01-12 18:00:00,22.47,38.05,8.65,12.69,0,Success
user8215,TXN100095,362.59,Bill Payment,Lucknow,Android,UPI QR,2025-01-12 21:00:00,78.73,86.87,74.34,74.87,1,Success
user3454,TXN100096,444.31,Bill Payment,Lucknow,iOS,UPI,2025-01-13 00:00:00,69.56,72.97,20.87,50.27,0,Success
user9996,TXN100097,79.07,P2M,Ahmedabad,Android,UPI QR,2025-01-13 03:00:00,67.91,5.56,38.84,34.04,0,Success
user3731,TXN100098,58.99,Bill Payment,Pune,Android,UPI QR,2025-01-13 06:00:00,47.48,51.39,78.22,49.31,0,Success
user9154,TXN100099,121.15,Bill Payment,Hyderabad,Android,UPI AutoPay,2025-01-13 09:00:00,74.59,9.13,94.43,56.36,0,Success
user6056,TXN100100,167.99,Recharge,Delhi,Android,UPI QR,2025-01-13 12:00:00,1.35,95.75,55.98,37.33,0,Success
user9110,TXN100101,125.94,Bank Transfer,Pune,Android,UPI QR,2025-01-13 15:00:00,30.56,24.46,51.94,37.86,0,Success
user4840,TXN100102,154.33,Recharge,Kolkata,iOS,UPI Lite,2025-01-13 18:00:00,67.91,93.26,50.49,68.43,0,Success
user2028,TXN100103,204.69,P2P,Bengaluru,Android,UPI Lite,2025-01-13 21:00:00,98.73,83.4,81.66,79.27,1,Success
user8385,TXN100104,41.75,Recharge,Mumbai,iOS,UPI Lite,2025-01-14 00:00:00,0.25,55.14,99.31,47.69,0,Success
user1502,TXN100105,46.84,Recharge,Ahmedabad,iOS,UPI Lite,2025-01-14 03:00:00,51.0,33.63,63.36,40.32,0,Success
user7910,TXN100106,10.78,P2P,Ahmedabad,Android,UPI Lite,2025-01-14 06:00:00,92.38,85.79,37.86,67.27,0,Success
user7938,TXN100107,420.96,Bill Payment,Chennai,iOS,UPI AutoPay,2025-01-14 09:00:00,86.35,15.28,21.87,30.61,0,Success
user5488,TXN100108,166.54,Bill Payment,Kolkata,Android,UPI QR,2025-01-14 12:00:00,2.31,18.0,19.88,7.6,0,Success
user1206,TXN100109,467.71,Recharge,Lucknow,Android,UPI,2025-01-14 15:00:00,52.96,22.47,85.62,41.49,0,Success
user6134,TXN100110,52.58,P2P,Delhi,Android,UPI AutoPay,2025-01-14 18:00:00,0.43,59.77,99.24,30.7,0,Success
user6977,TXN100111,168.07,Bill Payment,Hyderabad,Android,UPI,2025-01-14 21:00:00,78.96,31.43,69.8,53.76,0,Success
user8721,TXN100112,203.33,Shopping,Kolkata,iOS,UPI Lite,2025-01-15 00:00:00,30.89,98.92,95.58,63.99,0,Success
user8035,TXN100113,93.52,P2M,Jaipur,iOS,UPI QR,2025-01-15 03:00:00,76.56,19.51,35.0,43.66,0,Success
user2484,TXN100114,34.69,P2M,Mumbai,Android,UPI Lite,2025-01-15 06:00:00,94.48,80.56,62.76,77.04,1,Success
user8858,TXN100115,939.99,Bank Transfer,Bengaluru,Android,UPI AutoPay,2025-01-15 09:00:00,97.61,9.58,51.17,50.13,0,Success
user1863,TXN100116,664.67,P2M,Chennai,Android,UPI,2025-01-15 12:00:00,89.41,35.34,48.2,58.76,0,Success
user3790,TXN100117,111.95,Recharge,Kolkata,iOS,UPI QR,2025-01-15 15:00:00,20.41,24.38,63.24,36.76,0,Success
user8408,TXN100118,273.21,P2M,Chennai,Android,UPI AutoPay,2025-01-15 18:00:00,19.46,97.68,31.03,52.1,0,Failed
user9755,TXN100119,101.01,P2M,Mumbai,Android,UPI AutoPay,2025-01-15 21:00:00,62.58,2.57,64.06,42.94,0,Success
user6116,TXN100120,60.62,Shopping,Pune,iOS,UPI QR,2025-01-16 00:00:00,54.41,72.17,67.29,61.06,0,Success
user7019,TXN100121,1019.7,Bill Payment,Chennai,Android,UPI QR,2025-01-16 03:00:00,0.95,24.77,83.61,23.81,0,Success
user2757,TXN100122,31.33,Shopping,Ahmedabad,Web,UPI AutoPay,2025-01-16 06:00:00,39.17,81.12,73.05,62.03,0,Success
user8574,TXN100123,123.28,Recharge,Lucknow,Android,UPI,2025-01-16 09:00:00,90.67,31.12,31.98,42.37,0,Success
user7374,TXN100124,178.45,P2M,Pune,Web,UPI,2025-01-16 12:00:00,89.84,18.73,45.08,50.95,0,Failed
user7892,TXN100125,855.12,Bill Payment,Kolkata,Android,UPI AutoPay,2025-01-16 15:00:00,20.39,69.3,12.04,37.29,0,Success
user2678,TXN100126,402.05,Bank Transfer,Bengaluru,Android,UPI AutoPay,2025-01-16 18:00:00,38.2,25.76,25.73,31.35,0,Success
user4242,TXN100127,30.81,Bank Transfer,Ahmedabad,iOS,UPI Lite,2025-01-16 21:00:00,56.04,48.55,52.09,28.84,0,Success
user5636,TXN100128,163.57,P2M,Mumbai,iOS,UPI Lite,2025-01-17 00:00:00,85.28,13.15,10.08,42.28,0,Failed
user2059,TXN100129,167.51,P2M,Pune,iOS,UPI,2025-01-17 03:00:00,53.2,72.46,57.06,65.52,0,Success
user7668,TXN100130,130.54,Bank Transfer,Ahmedabad,Android,UPI Lite,2025-01-17 06:00:00,96.82,40.68,39.03,45.02,0,Failed
user4157,TXN100131,304.85,Bank Transfer,Lucknow,Web,UPI,2025-01-17 09:00:00,79.91,14.06,3.48,34.91,0,Success
user6915,TXN100132,40.08,Recharge,Pune,Android,UPI QR,2025-01-17 12:00:00,95.31,74.16,43.44,65.23,0,Success
user3693,TXN100133,109.0,P2M,Delhi,Android,UPI Lite,2025-01-17 15:00:00,73.15,10.34,28.11,36.27,0,Success
user4627,TXN100134,264.76,Bank Transfer,Delhi,Android,UPI,2025-01-17 18:00:00,87.76,57.48,6.7,59.15,0,Success
user6450,TXN100135,323.62,P2P,Pune,iOS,UPI,2025-01-17 21:00:00,83.1,60.75,29.34,56.98,0,Success
user2663,TXN100136,190.46,Bank Transfer,Pune,iOS,UPI AutoPay,2025-01-18 00:00:00,25.38,93.04,29.41,37.68,0,Success
user6592,TXN100137,122.93,Bill Payment,Delhi,Android,UPI,2025-01-18 03:00:00,22.95,15.1,35.51,17.03,0,Success
user8392,TXN100138,145.48,Bill Payment,Kolkata,Android,UPI Lite,2025-01-18 06:00:00,86.44,65.33,36.65,53.88,0,Success
user2306,TXN100139,343.92,P2P,Chennai,Android,UPI AutoPay,2025-01-18 09:00:00,8.47,38.08,42.98,12.74,0,Failed
user7776,TXN100140,169.68,Recharge,Bengaluru,Android,UPI AutoPay,2025-01-18 12:00:00,40.86,40.08,9.2,25.12,0,Success
user6864,TXN100141,57.87,P2M,Ahmedabad,Android,UPI Lite,2025-01-18 15:00:00,82.07,50.18,0.53,48.76,0,Success
user8526,TXN100142,47.77,P2M,Ahmedabad,iOS,UPI QR,2025-01-18 18:00:00,81.32,23.38,73.6,56.3,0,Success
user9901,TXN100143,36.98,Bank Transfer,Mumbai,Android,UPI Lite,2025-01-18 21:00:00,13.88,46.12,33.73,28.4,0,Success
user6575,TXN100144,703.16,Bill Payment,Bengaluru,Web,UPI Lite,2025-01-19 00:00:00,48.77,68.68,61.36,52.4,0,Failed
user6530,TXN100145,367.77,Recharge,Hyderabad,Android,UPI AutoPay,2025-01-19 03:00:00,47.98,45.71,30.7,38.4,0,Success
user5413,TXN100146,147.45,Recharge,Delhi,Android,UPI Lite,2025-01-19 06:00:00,32.37,4.25,98.42,41.28,0,Success
user4748,TXN100147,104.19,Recharge,Hyderabad,Android,UPI QR,2025-01-19 09:00:00,91.72,25.78,31.54,53.87,0,Success
user1663,TXN100148,92.39,Bank Transfer,Lucknow,iOS,UPI QR,2025-01-19 12:00:00,65.31,35.15,60.5,50.81,0,Success
user2998,TXN100149,489.43,P2M,Bengaluru,Android,UPI QR,2025-01-19 15:00:00,98.02,35.47,22.0,43.83,0,Success
user8994,TXN100150,1101.51,Recharge,Jaipur,Web,UPI AutoPay,2025-01-19 18:00:00,6.68,8.1,51.78,16.91,0,Success
user2495,TXN100151,89.53,Bank Transfer,Mumbai,Android,UPI Lite,2025-01-19 21:00:00,39.44,44.96,57.93,45.01,0,Success
user4304,TXN100152,512.05,Bank Transfer,Pune,Android,UPI,2025-01-20 00:00:00,83.51,69.19,18.28,50.93,0,Success
user4763,TXN100153,168.68,P2P,Lucknow,Android,UPI Lite,2025-01-20 03:00:00,42.27,4.87,12.37,15.36,0,Success
user6232,TXN100154,132.63,Shopping,Chennai,iOS,UPI QR,2025-01-20 06:00:00,26.19,75.09,97.36,61.2,0,Failed
user2853,TXN100155,738.2,Recharge,Jaipur,iOS,UPI Lite,2025-01-20 09:00:00,99.78,95.51,89.33,92.92,1,Success
user7585,TXN100156,162.36,Shopping,Bengaluru,Android,UPI AutoPay,2025-01-20 12:00:00,87.31,0.93,66.01,40.94,0,Success
user2291,TXN100157,220.6,P2M,Bengaluru,Android,UPI Lite,2025-01-20 15:00:00,54.65,19.37,86.11,37.43,0,Success
user4581,TXN100158,210.25,Bank Transfer,Hyderabad,Android,UPI AutoPay,2025-01-20 18:00:00,56.17,54.35,9.56,30.31,0,Success
user8554,TXN100159,32.28,Recharge,Kolkata,Android,UPI,2025-01-20 21:00:00,0.69,21.8,72.94,29.76,0,Success
user8280,TXN100160,218.86,Bill Payment,Hyderabad,Android,UPI,2025-01-21 00:00:00,98.1,76.46,28.56,58.94,0,Success
user2636,TXN100161,93.44,P2M,Ahmedabad,Android,UPI AutoPay,2025-01-21 03:00:00,80.63,31.21,53.95,47.5,0,Success
user4696,TXN100162,39.6,P2P,Hyderabad,Android,UPI Lite,2025-01-21 06:00:00,3.67,29.36,76.48,20.66,0,Success
user1698,TXN100163,97.79,P2P,Kolkata,Web,UPI QR,2025-01-21 09:00:00,17.63,0.09,3.35,7.33,0,Success
user5737,TXN100164,96.99,Shopping,Chennai,Android,UPI AutoPay,2025-01-21 12:00:00,82.1,27.01,69.48,52.75,0,Success
user1854,TXN100165,459.38,Bank Transfer,Lucknow,iOS,UPI Lite,2025-01-21 15:00:00,8.69,21.77,43.49,24.47,0,Failed
user9164,TXN100166,56.61,Shopping,Delhi,Android,UPI Lite,2025-01-21 18:00:00,94.18,34.32,43.97,56.76,0,Success
user6855,TXN100167,74.45,Bill Payment,Bengaluru,Android,UPI Lite,2025-01-21 21:00:00,99.99,14.77,90.73,48.64,0,Success
user8392,TXN100168,207.55,Bill Payment,Pune,Android,UPI QR,2025-01-22 00:00:00,88.64,59.46,85.97,73.24,1,Success
user7528,TXN100169,43.56,P2P,Hyderabad,Android,UPI QR,2025-01-22 03:00:00,73.89,23.87,5.75,33.94,0,Success
user6249,TXN100170,84.86,Recharge,Jaipur,iOS,UPI QR,2025-01-22 06:00:00,48.73,83.18,61.83,66.26,0,Success
user6172,TXN100171,31.05,P2P,Chennai,Android,UPI AutoPay,2025-01-22 09:00:00,8.24,28.46,43.58,16.61,0,Success
user2707,TXN100172,411.58,P2P,Mumbai,Android,UPI AutoPay,2025-01-22 12:00:00,73.04,21.09,11.78,39.51,0,Success
user6791,TXN100173,121.34,Bill Payment,Bengaluru,Android,UPI QR,2025-01-22 15:00:00,39.69,5.68,85.11,37.75,0,Success
user6535,TXN100174,161.43,Shopping,Kolkata,iOS,UPI AutoPay,2025-01-22 18:00:00,57.02,73.99,7.15,38.28,0,Failed
user5931,TXN100175,409.94,Bill Payment,Ahmedabad,Android,UPI QR,2025-01-22 21:00:00,29.34,50.82,3.21,34.59,0,Success
user4510,TXN100176,79.66,Bank Transfer,Kolkata,Android,UPI AutoPay,2025-01-23 00:00:00,24.22,11.38,19.75,19.8,0,Pending
user1202,TXN100177,120.06,Bill Payment,Hyderabad,Android,UPI Lite,2025-01-23 03:00:00,32.43,22.13,30.34,23.42,0,Success
user5218,TXN100178,57.04,Bill Payment,Lucknow,Web,UPI QR,2025-01-23 06:00:00,81.38,99.87,6.09,54.01,0,Success
user9958,TXN100179,56.91,P2P,Ahmedabad,Android,UPI AutoPay,2025-01-23 09:00:00,42.65,80.6,64.13,63.34,0,Success
user5389,TXN100180,65.33,Recharge,Jaipur,iOS,UPI Lite,2025-01-23 12:00:00,31.17,34.99,43.72,38.48,0,Success
user3327,TXN100181,100.23,P2P,Kolkata,Android,UPI Lite,2025-01-23 15:00:00,43.3,54.26,41.22,42.02,0,Success
user9004,TXN100182,111.63,P2M,Jaipur,Android,UPI AutoPay,2025-01-23 18:00:00,3.23,41.6,14.53,17.36,0,Success
user3931,TXN100183,218.9,Bill Payment,Mumbai,Android,UPI Lite,2025-01-23 21:00:00,89.06,3.64,43.78,35.8,0,Success
user8777,TXN100184,67.27,Bill Payment,Jaipur,Android,UPI,2025-01-24 00:00:00,55.18,77.87,39.02,62.16,0,Success
user1197,TXN100185,225.8,P2M,Bengaluru,iOS,UPI QR,2025-01-24 03:00:00,10.48,71.7,38.36,27.41,0,Success
user8125,TXN100186,266.4,Bill Payment,Chennai,Android,UPI QR,2025-01-24 06:00:00,28.84,40.88,21.86,34.69,0,Success
user2930,TXN100187,102.74,Bill Payment,Ahmedabad,Android,UPI Lite,2025-01-24 09:00:00,98.36,84.59,9.44,76.51,1,Pending
user7287,TXN100188,73.35,Bank Transfer,Bengaluru,iOS,UPI AutoPay,2025-01-24 12:00:00,59.31,53.47,26.07,38.09,0,Success
user9800,TXN100189,178.59,Bill Payment,Pune,Android,UPI,2025-01-24 15:00:00,29.14,6.52,66.73,25.71,0,Pending
user5282,TXN100190,133.9,P2M,Kolkata,Android,UPI AutoPay,2025-01-24 18:00:00,42.63,25.94,7.29,19.27,0,Failed
user3511,TXN100191,204.46,P2P,Kolkata,iOS,UPI QR,2025-01-24 21:00:00,25.85,46.18,38.23,41.56,0,Success
user1659,TXN100192,788.29,Bill Payment,Pune,Android,UPI Lite,2025-01-25 00:00:00,3.18,10.34,51.44,19.56,0,Success
user3811,TXN100193,175.68,Recharge,Jaipur,Android,UPI,2025-01-25 03:00:00,84.2,57.11,96.32,60.68,0,Success
user8098,TXN100194,86.55,P2M,Bengaluru,Android,UPI Lite,2025-01-25 06:00:00,29.25,12.06,84.38,27.57,0,Success
user7546,TXN100195,67.3,Shopping,Ahmedabad,Android,UPI,2025-01-25 09:00:00,83.84,20.05,91.66,63.05,0,Success
user2986,TXN100196,69.95,Bank Transfer,Ahmedabad,Android,UPI Lite,2025-01-25 12:00:00,47.86,89.4,82.0,59.07,0,Failed
user9338,TXN100197,37.99,P2M,Pune,iOS,UPI AutoPay,2025-01-25 15:00:00,18.29,99.98,58.91,38.84,0,Success
user3911,TXN100198,416.86,P2P,Kolkata,Android,UPI QR,2025-01-25 18:00:00,80.19,55.03,86.08,70.87,1,Success
user2734,TXN100199,17.58,P2M,Pune,Android,UPI Lite,2025-01-25 21:00:00,37.71,61.96,56.52,48.54,0,Success
user2843,TXN100200,267.23,Shopping,Mumbai,iOS,UPI Lite,2025-01-26 00:00:00,70.77,79.74,35.77,52.86,0,Success
user9680,TXN100201,68.85,Bank Transfer,Mumbai,Android,UPI,2025-01-26 03:00:00,83.72,69.61,37.23,57.18,0,Success
user3976,TXN100202,98.26,Recharge,Mumbai,iOS,UPI AutoPay,2025-01-26 06:00:00,96.3,18.25,56.55,51.2,0,Failed
user2959,TXN100203,66.82,Shopping,Delhi,Android,UPI AutoPay,2025-01-26 09:00:00,8.58,41.17,80.94,34.37,0,Success
user6759,TXN100204,696.36,P2M,Chennai,Android,UPI,2025-01-26 12:00:00,0.84,53.51,13.37,30.64,0,Success
user7694,TXN100205,166.72,Shopping,Lucknow,Android,UPI AutoPay,2025-01-26 15:00:00,54.84,35.97,3.93,36.48,0,Success
user3385,TXN100206,361.54,P2M,Hyderabad,Android,UPI QR,2025-01-26 18:00:00,26.42,17.61,78.96,39.08,0,Success
user5736,TXN100207,602.16,Recharge,Delhi,iOS,UPI Lite,2025-01-26 21:00:00,46.91,73.61,64.76,55.26,0,Success
user2802,TXN100208,193.14,Recharge,Ahmedabad,iOS,UPI,2025-01-27 00:00:00,7.27,19.88,82.13,24.09,0,Success
user9155,TXN100209,49.62,P2P,Jaipur,Android,UPI AutoPay,2025-01-27 03:00:00,50.16,26.05,97.67,59.97,0,Success
user9120,TXN100210,131.55,Recharge,Kolkata,iOS,UPI QR,2025-01-27 06:00:00,12.49,28.65,25.14,19.41,0,Success
user7616,TXN100211,78.08,Bill Payment,Jaipur,Android,UPI QR,2025-01-27 09:00:00,83.86,16.18,19.43,32.53,0,Success
user6534,TXN100212,99.14,Shopping,Pune,Web,UPI AutoPay,2025-01-27 12:00:00,75.95,84.96,34.1,81.91,1,Success
user5061,TXN100213,149.21,Shopping,Kolkata,Web,UPI AutoPay,2025-01-27 15:00:00,7.41,61.06,87.8,44.76,0,Success
user1262,TXN100214,143.43,P2M,Hyderabad,Android,UPI,2025-01-27 18:00:00,83.64,83.47,1.4,46.99,0,Success
user7287,TXN100215,247.67,Recharge,Hyderabad,Android,UPI AutoPay,2025-01-27 21:00:00,32.5,49.37,1.05,33.11,0,Success
user9815,TXN100216,286.38,P2P,Bengaluru,iOS,UPI,2025-01-28 00:00:00,35.29,51.96,21.68,40.69,0,Success
user3049,TXN100217,143.43,P2P,Jaipur,Android,UPI Lite,2025-01-28 03:00:00,17.98,61.61,37.59,31.65,0,Success
user6423,TXN100218,245.54,P2P,Lucknow,iOS,UPI QR,2025-01-28 06:00:00,83.53,37.09,30.23,42.16,0,Success
user5548,TXN100219,94.69,Bank Transfer,Hyderabad,Android,UPI,2025-01-28 09:00:00,40.47,49.66,82.49,48.05,0,Success
user4108,TXN100220,610.81,Bill Payment,Chennai,Android,UPI QR,2025-01-28 12:00:00,4.88,54.69,68.97,41.35,0,Success
user8158,TXN100221,93.18,Recharge,Bengaluru,Android,UPI Lite,2025-01-28 15:00:00,96.62,95.35,83.78,89.13,1,Success
user8400,TXN100222,543.04,P2P,Lucknow,Android,UPI AutoPay,2025-01-28 18:00:00,25.59,88.29,38.38,41.86,0,Success
user4170,TXN100223,37.48,Bill Payment,Kolkata,Android,UPI,2025-01-28 21:00:00,93.62,12.92,59.58,61.49,0,Success
user3255,TXN100224,112.12,Shopping,Jaipur,Android,UPI AutoPay,2025-01-29 00:00:00,30.12,4.13,51.55,14.23,0,Success
user2154,TXN100225,117.8,P2M,Jaipur,Android,UPI QR,2025-01-29 03:00:00,83.14,68.03,47.47,57.41,0,Success
user5499,TXN100226,216.8,Recharge,Lucknow,iOS,UPI,2025-01-29 06:00:00,66.42,4.92,28.81,31.52,0,Success
user7295,TXN100227,388.31,Recharge,Lucknow,Android,UPI Lite,2025-01-29 09:00:00,86.13,6.04,70.92,48.3,0,Failed
user7197,TXN100228,47.02,Bank Transfer,Hyderabad,iOS,UPI Lite,2025-01-29 12:00:00,97.61,15.93,52.4,48.53,0,Success
user2648,TXN100229,54.16,Shopping,Kolkata,Android,UPI AutoPay,2025-01-29 15:00:00,87.15,35.17,7.86,52.01,0,Success
user6539,TXN100230,40.37,Recharge,Bengaluru,iOS,UPI Lite,2025-01-29 18:00:00,40.37,43.5,0.05,26.29,0,Failed
user5199,TXN100231,614.12,Bank Transfer,Chennai,Web,UPI Lite,2025-01-29 21:00:00,81.45,51.94,2.03,48.46,0,Success
user9445,TXN100232,220.88,Bank Transfer,Ahmedabad,Android,UPI AutoPay,2025-01-30 00:00:00,71.17,99.23,7.6,59.32,0,Success
user3557,TXN100233,55.46,Bank Transfer,Ahmedabad,Web,UPI AutoPay,2025-01-30 03:00:00,6.16,38.52,37.1,25.65,0,Success
user6592,TXN100234,105.31,Recharge,Delhi,Android,UPI,2025-01-30 06:00:00,92.98,24.28,30.57,46.51,0,Success
user1098,TXN100235,534.73,Recharge,Chennai,Android,UPI,2025-01-30 09:00:00,46.6,57.53,15.66,25.93,0,Success
user3200,TXN100236,124.2,Recharge,Kolkata,iOS,UPI AutoPay,2025-01-30 12:00:00,13.45,21.52,51.54,30.61,0,Success
user3961,TXN100237,117.07,Bill Payment,Kolkata,Android,UPI QR,2025-01-30 15:00:00,42.54,94.05,97.02,67.01,0,Success
user5973,TXN100238,75.09,Bank Transfer,Bengaluru,Android,UPI QR,2025-01-30 18:00:00,60.31,25.93,16.07,29.78,0,Success
user5433,TXN100239,58.85,Bill Payment,Jaipur,Android,UPI,2025-01-30 21:00:00,57.29,98.99,25.06,52.87,0,Success
user3869,TXN100240,535.57,P2M,Delhi,iOS,UPI,2025-01-31 00:00:00,57.48,41.87,46.21,47.44,0,Success
user1956,TXN100241,874.72,Recharge,Bengaluru,iOS,UPI AutoPay,2025-01-31 03:00:00,25.58,81.27,64.08,47.6,0,Success
user9352,TXN100242,61.24,Shopping,Delhi,Android,UPI QR,2025-01-31 06:00:00,63.27,64.83,60.02,55.19,0,Success
user6699,TXN100243,668.44,P2P,Jaipur,Web,UPI AutoPay,2025-01-31 09:00:00,90.74,93.35,52.12,78.99,1,Failed
user7944,TXN100244,100.75,P2M,Pune,iOS,UPI,2025-01-31 12:00:00,38.87,62.54,73.73,52.43,0,Success
user5493,TXN100245,279.68,P2P,Delhi,Web,UPI Lite,2025-01-31 15:00:00,63.06,58.12,84.59,55.07,0,Success
user5911,TXN100246,671.97,P2P,Bengaluru,Android,UPI Lite,2025-01-31 18:00:00,24.4,65.29,99.9,58.3,0,Success
user4987,TXN100247,141.87,Recharge,Pune,iOS,UPI Lite,2025-01-31 21:00:00,4.83,78.65,46.55,35.1,0,Success
user7015,TXN100248,118.16,Shopping,Lucknow,iOS,UPI AutoPay,2025-02-01 00:00:00,58.57,89.88,99.5,78.47,1,Success
user2218,TXN100249,365.43,P2P,Chennai,Android,UPI QR,2025-02-01 03:00:00,4.75,26.68,73.05,25.97,0,Success
user5496,TXN100250,54.06,Bank Transfer,Hyderabad,Web,UPI,2025-02-01 06:00:00,72.36,20.09,65.73,48.94,0,Success
user5735,TXN100251,516.49,P2P,Bengaluru,Android,UPI QR,2025-02-01 09:00:00,67.04,3.43,63.97,45.71,0,Failed
user5555,TXN100252,189.2,P2M,Lucknow,Android,UPI QR,2025-02-01 12:00:00,36.93,37.01,91.07,41.11,0,Success
user9050,TXN100253,92.04,Shopping,Ahmedabad,Web,UPI,2025-02-01 15:00:00,41.13,84.62,94.79,68.67,0,Success
user4446,TXN100254,89.64,Shopping,Ahmedabad,Web,UPI QR,2025-02-01 18:00:00,91.78,6.99,17.85,50.76,0,Success
user2045,TXN100255,41.12,P2P,Kolkata,Android,UPI Lite,2025-02-01 21:00:00,1.31,53.85,49.34,32.35,0,Success
user7893,TXN100256,95.95,Shopping,Bengaluru,Android,UPI,2025-02-02 00:00:00,56.33,69.48,94.14,65.71,0,Success
user2693,TXN100257,125.96,P2M,Mumbai,iOS,UPI Lite,2025-02-02 03:00:00,92.34,83.69,38.21,73.48,1,Success
user4436,TXN100258,56.75,P2M,Hyderabad,Web,UPI AutoPay,2025-02-02 06:00:00,91.4,58.34,23.27,61.24,0,Success
user9754,TXN100259,156.73,P2M,Mumbai,Android,UPI Lite,2025-02-02 09:00:00,58.47,18.63,10.27,29.92,0,Success
user6895,TXN100260,263.2,Bank Transfer,Chennai,Android,UPI AutoPay,2025-02-02 12:00:00,38.12,96.45,59.72,51.15,0,Success
user4354,TXN100261,132.49,Recharge,Kolkata,iOS,UPI AutoPay,2025-02-02 15:00:00,9.89,9.47,70.03,19.51,0,Success
user1225,TXN100262,318.21,P2P,Hyderabad,Android,UPI,2025-02-02 18:00:00,17.38,76.9,19.55,32.13,0,Success
user5893,TXN100263,73.18,Shopping,Pune,Web,UPI Lite,2025-02-02 21:00:00,67.97,8.66,67.36,34.47,0,Success
user8022,TXN100264,447.37,P2M,Delhi,Android,UPI Lite,2025-02-03 00:00:00,1.66,14.34,89.96,37.98,0,Success
user6600,TXN100265,185.27,P2P,Hyderabad,Android,UPI Lite,2025-02-03 03:00:00,88.35,89.82,24.36,57.79,0,Success
user8996,TXN100266,769.13,P2P,Jaipur,Android,UPI,2025-02-03 06:00:00,58.79,75.31,12.2,47.41,0,Success
user8683,TXN100267,1833.93,Recharge,Pune,Android,UPI AutoPay,2025-02-03 09:00:00,4.51,36.55,83.54,30.82,0,Success
user5642,TXN100268,102.49,Bank Transfer,Delhi,iOS,UPI AutoPay,2025-02-03 12:00:00,23.98,63.87,91.64,54.79,0,Success
user8679,TXN100269,106.8,Shopping,Chennai,Web,UPI AutoPay,2025-02-03 15:00:00,59.42,45.72,21.49,47.03,0,Failed
user9208,TXN100270,128.22,Bank Transfer,Ahmedabad,iOS,UPI,2025-02-03 18:00:00,3.56,6.65,72.14,12.37,0,Success
user8339,TXN100271,297.59,Shopping,Delhi,iOS,UPI,2025-02-03 21:00:00,78.0,72.11,59.09,68.93,0,Success
user3205,TXN100272,617.68,P2M,Jaipur,Android,UPI QR,2025-02-04 00:00:00,91.99,76.33,23.92,53.95,0,Success
user2069,TXN100273,85.39,P2M,Kolkata,iOS,UPI Lite,2025-02-04 03:00:00,96.12,88.23,82.37,78.09,1,Pending
user4444,TXN100274,240.15,P2P,Delhi,Android,UPI AutoPay,2025-02-04 06:00:00,73.37,54.06,47.04,72.69,1,Success
user2060,TXN100275,143.18,Shopping,Hyderabad,Android,UPI QR,2025-02-04 09:00:00,85.68,67.31,70.03,69.94,0,Success
user3327,TXN100276,304.33,Shopping,Hyderabad,Android,UPI QR,2025-02-04 12:00:00,61.07,43.81,30.14,48.97,0,Success
user4420,TXN100277,742.08,Bank Transfer,Kolkata,iOS,UPI Lite,2025-02-04 15:00:00,45.85,31.89,81.58,49.69,0,Success
user1301,TXN100278,128.98,P2M,Hyderabad,Web,UPI,2025-02-04 18:00:00,71.31,41.17,26.43,43.08,0,Success
user1606,TXN100279,30.88,Bill Payment,Chennai,iOS,UPI QR,2025-02-04 21:00:00,22.42,91.18,36.48,40.08,0,Success
user4170,TXN100280,345.12,P2P,Jaipur,Android,UPI,2025-02-05 00:00:00,10.98,16.42,39.15,29.61,0,Failed
user1699,TXN100281,71.33,Shopping,Bengaluru,Android,UPI,2025-02-05 03:00:00,76.19,24.85,20.64,52.87,0,Success
user6088,TXN100282,142.15,Recharge,Bengaluru,Android,UPI Lite,2025-02-05 06:00:00,95.82,60.62,87.44,74.24,1,Success
user1190,TXN100283,360.33,Recharge,Ahmedabad,Android,UPI QR,2025-02-05 09:00:00,57.75,11.63,11.35,35.74,0,Success
user1980,TXN100284,220.83,Bill Payment,Lucknow,Android,UPI AutoPay,2025-02-05 12:00:00,48.25,89.19,56.31,64.28,0,Success
user3975,TXN100285,148.16,P2M,Chennai,iOS,UPI QR,2025-02-05 15:00:00,53.44,4.72,81.42,39.45,0,Success
user7102,TXN100286,92.21,P2M,Lucknow,Web,UPI AutoPay,2025-02-05 18:00:00,47.85,75.53,58.09,54.52,0,Success
user2184,TXN100287,9.03,P2M,Bengaluru,Android,UPI AutoPay,2025-02-05 21:00:00,44.22,37.37,32.69,31.82,0,Success
user4327,TXN100288,329.75,Bank Transfer,Delhi,Android,UPI,2025-02-06 00:00:00,94.7,5.12,78.14,69.17,0,Success
user4394,TXN100289,127.36,Recharge,Delhi,iOS,UPI AutoPay,2025-02-06 03:00:00,47.98,84.29,49.92,60.48,0,Success
user9319,TXN100290,744.96,P2M,Delhi,iOS,UPI Lite,2025-02-06 06:00:00,8.11,64.05,16.3,27.84,0,Success
user2816,TXN100291,244.21,Recharge,Hyderabad,iOS,UPI QR,2025-02-06 09:00:00,76.55,0.89,31.69,32.08,0,Success
user6854,TXN100292,95.48,Bill Payment,Hyderabad,Android,UPI,2025-02-06 12:00:00,39.16,26.75,59.19,40.34,0,Success
user7709,TXN100293,476.69,P2P,Mumbai,Android,UPI,2025-02-06 15:00:00,71.07,35.2,65.88,43.75,0,Success
user1569,TXN100294,518.6,Bank Transfer,Delhi,Web,UPI AutoPay,2025-02-06 18:00:00,57.96,32.26,54.81,39.41,0,Success
user6442,TXN100295,131.76,Shopping,Delhi,Android,UPI,2025-02-06 21:00:00,71.32,49.83,27.2,45.57,0,Failed
user2895,TXN100296,541.12,Bill Payment,Pune,iOS,UPI Lite,2025-02-07 00:00:00,6.2,52.68,59.38,30.95,0,Success
user3733,TXN100297,94.13,Recharge,Kolkata,Android,UPI Lite,2025-02-07 03:00:00,3.39,39.68,33.25,20.12,0,Success
user4863,TXN100298,192.41,Bill Payment,Bengaluru,Android,UPI,2025-02-07 06:00:00,37.85,33.18,22.49,33.96,0,Failed
user8455,TXN100299,290.44,Shopping,Hyderabad,iOS,UPI,2025-02-07 09:00:00,69.32,50.44,94.55,77.19,1,Success
user5014,TXN100300,359.52,Bank Transfer,Jaipur,Android,UPI Lite,2025-02-07 12:00:00,22.37,3.36,31.49,22.43,0,Success
user2686,TXN100301,305.37,P2P,Hyderabad,iOS,UPI AutoPay,2025-02-07 15:00:00,43.34,64.52,33.56,42.45,0,Failed
user4009,TXN100302,117.61,Shopping,Jaipur,Android,UPI,2025-02-07 18:00:00,98.08,60.6,89.68,82.21,1,Success
user8806,TXN100303,489.65,Bank Transfer,Mumbai,Web,UPI AutoPay,2025-02-07 21:00:00,21.49,27.92,14.27,20.78,0,Success
user1154,TXN100304,144.83,Recharge,Jaipur,Android,UPI,2025-02-08 00:00:00,84.79,17.95,58.46,36.91,0,Success
user2409,TXN100305,92.85,Shopping,Hyderabad,Android,UPI Lite,2025-02-08 03:00:00,82.55,7.3,78.37,59.24,0,Success
user1784,TXN100306,94.22,Bill Payment,Ahmedabad,Android,UPI,2025-02-08 06:00:00,89.14,58.73,27.37,47.55,0,Success
user9096,TXN100307,1141.37,P2M,Hyderabad,iOS,UPI,2025-02-08 09:00:00,91.51,56.89,84.41,73.41,1,Success
user8560,TXN100308,78.1,Bill Payment,Chennai,iOS,UPI,2025-02-08 12:00:00,50.73,53.33,76.96,47.57,0,Success
user8343,TXN100309,596.83,Recharge,Ahmedabad,Android,UPI Lite,2025-02-08 15:00:00,68.19,98.56,48.61,58.81,0,Failed
user8206,TXN100310,52.7,P2P,Delhi,Android,UPI Lite,2025-02-08 18:00:00,61.89,53.15,11.87,37.56,0,Success
user6596,TXN100311,267.18,Shopping,Bengaluru,iOS,UPI Lite,2025-02-08 21:00:00,30.89,72.18,97.01,39.5,0,Success
user6801,TXN100312,220.76,P2P,Jaipur,iOS,UPI QR,2025-02-09 00:00:00,27.98,11.29,62.42,24.37,0,Success
user3806,TXN100313,829.83,Recharge,Hyderabad,iOS,UPI QR,2025-02-09 03:00:00,34.16,29.9,51.71,38.44,0,Success
user1537,TXN100314,85.25,Shopping,Hyderabad,iOS,UPI QR,2025-02-09 06:00:00,21.85,27.54,88.54,40.78,0,Success
user6986,TXN100315,64.67,Bank Transfer,Jaipur,Android,UPI QR,2025-02-09 09:00:00,75.74,57.6,42.14,41.35,0,Success
user2841,TXN100316,145.98,Bank Transfer,Lucknow,Android,UPI Lite,2025-02-09 12:00:00,96.46,33.08,56.36,64.86,0,Success
user9716,TXN100317,866.79,Bill Payment,Bengaluru,Android,UPI,2025-02-09 15:00:00,86.78,64.11,85.84,89.41,1,Success
user7971,TXN100318,67.75,Bill Payment,Pune,Web,UPI Lite,2025-02-09 18:00:00,21.79,69.01,39.3,50.39,0,Success
user6625,TXN100319,12.32,Recharge,Kolkata,Android,UPI QR,2025-02-09 21:00:00,5.19,3.37,77.24,18.47,0,Success
user3950,TXN100320,174.12,Bank Transfer,Delhi,Android,UPI AutoPay,2025-02-10 00:00:00,75.71,63.98,25.61,47.83,0,Success
user8992,TXN100321,423.91,Shopping,Ahmedabad,Web,UPI AutoPay,2025-02-10 03:00:00,39.02,11.68,70.24,29.29,0,Success
user5780,TXN100322,59.51,Bank Transfer,Hyderabad,Android,UPI Lite,2025-02-10 06:00:00,82.46,46.51,51.04,68.47,0,Success
user3368,TXN100323,382.96,Bill Payment,Mumbai,iOS,UPI,2025-02-10 09:00:00,77.92,72.66,16.49,50.33,0,Pending
user7655,TXN100324,58.21,Recharge,Bengaluru,iOS,UPI QR,2025-02-10 12:00:00,62.54,70.33,13.6,41.54,0,Success
user9173,TXN100325,141.66,Bank Transfer,Jaipur,Web,UPI,2025-02-10 15:00:00,25.53,29.98,45.77,35.52,0,Success
user5495,TXN100326,348.17,Recharge,Hyderabad,Android,UPI,2025-02-10 18:00:00,10.4,27.24,71.08,38.23,0,Success
user7002,TXN100327,50.03,Bank Transfer,Ahmedabad,Android,UPI,2025-02-10 21:00:00,25.26,44.02,60.33,44.05,0,Success
user7614,TXN100328,196.67,P2P,Mumbai,Web,UPI QR,2025-02-11 00:00:00,50.98,18.87,85.47,37.88,0,Success
user6919,TXN100329,552.79,Bank Transfer,Kolkata,Android,UPI Lite,2025-02-11 03:00:00,97.95,97.47,38.97,77.83,1,Success
user1853,TXN100330,263.47,Bill Payment,Kolkata,Android,UPI QR,2025-02-11 06:00:00,6.37,34.49,84.36,44.43,0,Success
user5146,TXN100331,79.79,Shopping,Ahmedabad,iOS,UPI QR,2025-02-11 09:00:00,20.01,92.3,3.7,35.79,0,Success
user4769,TXN100332,748.98,Bill Payment,Bengaluru,Android,UPI Lite,2025-02-11 12:00:00,62.73,90.83,36.58,61.91,0,Success
user1574,TXN100333,316.84,Bill Payment,Mumbai,Web,UPI Lite,2025-02-11 15:00:00,30.44,36.48,7.3,25.48,0,Success
user2148,TXN100334,25.52,Bill Payment,Jaipur,iOS,UPI Lite,2025-02-11 18:00:00,85.85,25.41,91.92,58.81,0,Success
user7293,TXN100335,389.26,Recharge,Mumbai,Android,UPI AutoPay,2025-02-11 21:00:00,13.94,77.08,47.53,43.84,0,Failed
user7457,TXN100336,92.63,P2M,Chennai,Android,UPI AutoPay,2025-02-12 00:00:00,96.32,22.94,31.62,54.91,0,Success
user8509,TXN100337,199.65,P2M,Jaipur,Android,UPI Lite,2025-02-12 03:00:00,91.24,52.12,49.25,69.4,0,Success
user5777,TXN100338,449.44,P2P,Delhi,Android,UPI,2025-02-12 06:00:00,88.75,11.07,53.28,48.22,0,Success
user4854,TXN100339,94.67,Bill Payment,Pune,iOS,UPI AutoPay,2025-02-12 09:00:00,17.31,38.59,84.62,39.45,0,Success
user3491,TXN100340,31.64,P2M,Delhi,Android,UPI QR,2025-02-12 12:00:00,32.95,7.82,54.24,23.97,0,Success
user4124,TXN100341,739.18,P2P,Pune,Android,UPI QR,2025-02-12 15:00:00,80.41,28.34,43.14,59.95,0,Success
user6691,TXN100342,525.62,Recharge,Delhi,Web,UPI AutoPay,2025-02-12 18:00:00,80.78,66.53,96.14,70.29,1,Success
user4051,TXN100343,150.32,Bill Payment,Mumbai,Android,UPI QR,2025-02-12 21:00:00,70.52,99.13,96.86,78.25,1,Success
user1004,TXN100344,385.07,Shopping,Bengaluru,Android,UPI Lite,2025-02-13 00:00:00,44.81,25.48,3.84,25.61,0,Success
user6222,TXN100345,113.37,Recharge,Ahmedabad,Web,UPI QR,2025-02-13 03:00:00,31.16,47.33,70.68,44.46,0,Success
user6315,TXN100346,180.72,P2P,Hyderabad,Android,UPI AutoPay,2025-02-13 06:00:00,96.3,44.8,37.18,46.32,0,Success
user5869,TXN100347,141.98,Recharge,Pune,Web,UPI,2025-02-13 09:00:00,13.93,18.42,67.52,31.39,0,Failed
user1876,TXN100348,118.04,Shopping,Hyderabad,iOS,UPI QR,2025-02-13 12:00:00,4.38,61.01,63.69,39.11,0,Success
user8027,TXN100349,234.93,Recharge,Chennai,iOS,UPI QR,2025-02-13 15:00:00,0.91,72.47,33.01,31.89,0,Pending
user5142,TXN100350,49.0,P2P,Chennai,iOS,UPI,2025-02-13 18:00:00,77.5,14.72,98.67,58.83,0,Success
user7966,TXN100351,127.54,Shopping,Hyderabad,Android,UPI AutoPay,2025-02-13 21:00:00,5.67,75.71,35.71,33.5,0,Success
user8079,TXN100352,224.64,Shopping,Chennai,iOS,UPI,2025-02-14 00:00:00,53.86,70.02,63.2,46.04,0,Success
user8987,TXN100353,1030.81,Recharge,Jaipur,iOS,UPI QR,2025-02-14 03:00:00,36.73,19.73,81.34,48.83,0,Success
user7799,TXN100354,51.03,Shopping,Hyderabad,Android,UPI AutoPay,2025-02-14 06:00:00,14.69,64.89,14.55,18.18,0,Success
user5465,TXN100355,276.04,Recharge,Chennai,Android,UPI Lite,2025-02-14 09:00:00,74.06,39.37,30.06,39.71,0,Success
user1635,TXN100356,308.02,Bill Payment,Pune,iOS,UPI AutoPay,2025-02-14 12:00:00,5.5,68.11,19.9,36.35,0,Failed
user2693,TXN100357,25.11,Shopping,Bengaluru,Android,UPI AutoPay,2025-02-14 15:00:00,31.84,49.61,78.18,36.15,0,Success
user5752,TXN100358,247.28,Recharge,Chennai,iOS,UPI Lite,2025-02-14 18:00:00,56.22,4.81,80.12,40.54,0,Success
user9311,TXN100359,395.55,Bill Payment,Hyderabad,Android,UPI AutoPay,2025-02-14 21:00:00,40.24,78.7,25.59,57.58,0,Success
user1830,TXN100360,295.5,Shopping,Pune,Android,UPI QR,2025-02-15 00:00:00,25.91,55.56,0.41,26.94,0,Success
user6177,TXN100361,150.82,Bill Payment,Hyderabad,Android,UPI QR,2025-02-15 03:00:00,92.6,72.48,42.34,55.4,0,Success
user9932,TXN100362,228.89,Bank Transfer,Kolkata,Android,UPI QR,2025-02-15 06:00:00,93.1,12.61,68.71,59.27,0,Success
user9308,TXN100363,194.39,Shopping,Mumbai,Android,UPI QR,2025-02-15 09:00:00,41.61,72.13,62.25,55.3,0,Pending
user6949,TXN100364,30.28,Bank Transfer,Mumbai,Android,UPI Lite,2025-02-15 12:00:00,39.37,41.37,44.57,38.24,0,Success
user3838,TXN100365,199.0,P2P,Mumbai,Android,UPI QR,2025-02-15 15:00:00,30.74,79.93,30.19,28.41,0,Failed
user2150,TXN100366,113.63,P2P,Delhi,iOS,UPI AutoPay,2025-02-15 18:00:00,85.58,59.92,47.44,69.16,0,Success
user8560,TXN100367,81.06,Recharge,Jaipur,iOS,UPI,2025-02-15 21:00:00,56.79,35.49,1.51,43.45,0,Success
user2931,TXN100368,1968.39,P2M,Hyderabad,iOS,UPI Lite,2025-02-16 00:00:00,8.95,20.19,7.39,14.8,0,Success
user2664,TXN100369,573.99,Bank Transfer,Jaipur,Android,UPI Lite,2025-02-16 03:00:00,85.33,81.59,16.27,54.92,0,Success
user2081,TXN100370,51.93,Bank Transfer,Hyderabad,Android,UPI,2025-02-16 06:00:00,53.49,56.02,62.54,55.0,0,Success
user1512,TXN100371,231.98,P2P,Kolkata,Android,UPI QR,2025-02-16 09:00:00,41.56,98.75,21.88,53.92,0,Success
user8805,TXN100372,704.88,Bank Transfer,Chennai,Android,UPI QR,2025-02-16 12:00:00,33.79,37.35,42.34,39.45,0,Success
user6237,TXN100373,36.74,P2M,Delhi,Android,UPI AutoPay,2025-02-16 15:00:00,9.94,68.57,62.14,39.73,0,Success
user1559,TXN100374,177.15,Bill Payment,Bengaluru,Android,UPI QR,2025-02-16 18:00:00,95.67,62.28,83.06,77.1,1,Success
user4672,TXN100375,185.69,Bill Payment,Hyderabad,Android,UPI QR,2025-02-16 21:00:00,74.12,63.76,54.97,64.43,0,Success
user8404,TXN100376,45.86,P2M,Pune,Android,UPI AutoPay,2025-02-17 00:00:00,13.18,73.7,17.71,49.19,0,Success
user4343,TXN100377,239.74,Bank Transfer,Chennai,Android,UPI QR,2025-02-17 03:00:00,51.13,13.91,95.17,49.43,0,Success
user5070,TXN100378,500.82,Bank Transfer,Ahmedabad,Web,UPI,2025-02-17 06:00:00,55.56,54.96,9.0,40.43,0,Failed
user1580,TXN100379,741.03,Bank Transfer,Ahmedabad,Android,UPI QR,2025-02-17 09:00:00,16.79,50.91,36.71,21.18,0,Success
user8004,TXN100380,127.82,Recharge,Bengaluru,iOS,UPI,2025-02-17 12:00:00,42.72,34.25,92.13,38.49,0,Success
user9130,TXN100381,2001.49,Shopping,Pune,Android,UPI,2025-02-17 15:00:00,64.57,43.62,60.23,55.62,0,Success
user4147,TXN100382,20.95,P2M,Mumbai,Android,UPI,2025-02-17 18:00:00,28.4,51.88,66.27,41.56,0,Pending
user5249,TXN100383,234.21,P2M,Delhi,Android,UPI QR,2025-02-17 21:00:00,33.16,32.09,30.17,22.55,0,Success
user2679,TXN100384,39.95,P2M,Jaipur,Android,UPI QR,2025-02-18 00:00:00,12.2,29.32,7.85,8.18,0,Success
user4506,TXN100385,179.5,P2M,Lucknow,iOS,UPI Lite,2025-02-18 03:00:00,41.32,73.83,36.58,50.35,0,Success
user8253,TXN100386,97.33,P2M,Lucknow,Android,UPI AutoPay,2025-02-18 06:00:00,58.39,6.69,40.22,28.65,0,Success
user3744,TXN100387,272.29,Bank Transfer,Delhi,Android,UPI AutoPay,2025-02-18 09:00:00,11.65,31.3,27.03,15.39,0,Success
user6188,TXN100388,144.48,Recharge,Chennai,Android,UPI Lite,2025-02-18 12:00:00,61.48,65.37,21.55,39.46,0,Success
user3141,TXN100389,71.81,P2P,Kolkata,Android,UPI,2025-02-18 15:00:00,39.78,20.88,35.55,23.51,0,Success
user7617,TXN100390,76.69,Bank Transfer,Chennai,iOS,UPI AutoPay,2025-02-18 18:00:00,67.82,57.23,63.94,54.42,0,Success
user3479,TXN100391,1132.81,Bank Transfer,Ahmedabad,Android,UPI Lite,2025-02-18 21:00:00,31.48,30.22,94.9,45.91,0,Success
user7484,TXN100392,255.58,Shopping,Jaipur,Android,UPI,2025-02-19 00:00:00,56.85,84.33,70.38,64.94,0,Success
user8421,TXN100393,29.9,P2P,Ahmedabad,Android,UPI Lite,2025-02-19 03:00:00,61.28,35.0,77.96,48.56,0,Success
user5452,TXN100394,284.52,P2M,Hyderabad,Android,UPI QR,2025-02-19 06:00:00,69.05,22.95,30.61,26.79,0,Success
user6881,TXN100395,135.01,P2P,Ahmedabad,Android,UPI QR,2025-02-19 09:00:00,75.69,53.01,10.47,37.44,0,Success
user7665,TXN100396,164.78,Recharge,Lucknow,Android,UPI,2025-02-19 12:00:00,13.64,13.57,29.15,12.87,0,Success
user3849,TXN100397,372.37,Bill Payment,Lucknow,Android,UPI,2025-02-19 15:00:00,96.52,79.75,40.27,75.75,1,Success
user8390,TXN100398,535.51,Bank Transfer,Jaipur,iOS,UPI QR,2025-02-19 18:00:00,84.36,68.0,68.99,67.54,0,Success
user7905,TXN100399,69.49,P2P,Ahmedabad,iOS,UPI AutoPay,2025-02-19 21:00:00,56.23,77.05,93.94,69.4,0,Success
user3489,TXN100400,159.22,Shopping,Delhi,Android,UPI AutoPay,2025-02-20 00:00:00,89.04,39.89,80.93,73.49,1,Success
user5611,TXN100401,95.0,Recharge,Delhi,Android,UPI QR,2025-02-20 03:00:00,38.24,83.5,26.64,44.12,0,Success
user3839,TXN100402,297.93,Bill Payment,Bengaluru,Android,UPI AutoPay,2025-02-20 06:00:00,3.43,49.35,82.03,37.04,0,Success
user9527,TXN100403,130.02,Recharge,Kolkata,iOS,UPI QR,2025-02-20 09:00:00,72.7,9.47,41.17,39.11,0,Success
user6878,TXN100404,168.89,P2M,Jaipur,Android,UPI Lite,2025-02-20 12:00:00,94.33,22.4,17.54,44.9,0,Success
user7303,TXN100405,125.18,Bill Payment,Ahmedabad,Web,UPI Lite,2025-02-20 15:00:00,16.19,71.11,46.13,31.49,0,Success
user1851,TXN100406,147.51,Shopping,Jaipur,Android,UPI Lite,2025-02-20 18:00:00,64.39,89.64,56.32,67.3,0,Success
user2687,TXN100407,902.03,Bill Payment,Chennai,Android,UPI AutoPay,2025-02-20 21:00:00,81.34,9.52,76.34,52.91,0,Success
user7833,TXN100408,1791.42,Shopping,Mumbai,iOS,UPI Lite,2025-02-21 00:00:00,90.51,86.42,34.99,64.14,0,Success
user3427,TXN100409,239.15,P2M,Pune,Android,UPI,2025-02-21 03:00:00,27.65,79.91,14.68,36.58,0,Success
user5000,TXN100410,148.42,Shopping,Chennai,Android,UPI,2025-02-21 06:00:00,12.87,35.66,9.44,4.85,0,Success
user6052,TXN100411,33.26,Recharge,Chennai,Android,UPI Lite,2025-02-21 09:00:00,24.79,68.93,11.24,21.5,0,Success
user3738,TXN100412,76.68,P2P,Ahmedabad,Android,UPI,2025-02-21 12:00:00,57.77,18.7,95.0,55.93,0,Success
user6732,TXN100413,144.5,Recharge,Mumbai,iOS,UPI Lite,2025-02-21 15:00:00,91.87,81.34,95.18,79.13,1,Success
user6387,TXN100414,80.23,Bank Transfer,Delhi,iOS,UPI Lite,2025-02-21 18:00:00,58.25,65.73,96.88,73.8,1,Success
user9002,TXN100415,89.13,Recharge,Delhi,Android,UPI QR,2025-02-21 21:00:00,91.96,43.88,30.25,53.53,0,Success
user6536,TXN100416,792.66,Bill Payment,Chennai,Android,UPI Lite,2025-02-22 00:00:00,77.0,86.45,19.16,60.8,0,Success
user4913,TXN100417,168.81,P2M,Kolkata,Android,UPI,2025-02-22 03:00:00,59.84,13.92,98.09,49.83,0,Success
user2066,TXN100418,184.6,Bank Transfer,Delhi,iOS,UPI AutoPay,2025-02-22 06:00:00,2.18,84.58,98.83,44.14,0,Success
user8723,TXN100419,83.58,Bank Transfer,Hyderabad,Android,UPI Lite,2025-02-22 09:00:00,33.31,2.39,7.84,17.38,0,Success
user5380,TXN100420,532.48,Bank Transfer,Chennai,Android,UPI QR,2025-02-22 12:00:00,5.75,75.32,75.25,39.8,0,Success
user5107,TXN100421,132.61,P2P,Pune,Android,UPI,2025-02-22 15:00:00,32.22,57.34,28.87,38.19,0,Success
user6726,TXN100422,97.43,Shopping,Mumbai,Android,UPI QR,2025-02-22 18:00:00,6.23,69.67,90.93,40.17,0,Success
user4373,TXN100423,33.76,Bill Payment,Bengaluru,iOS,UPI Lite,2025-02-22 21:00:00,16.78,41.23,8.92,25.75,0,Failed
user9945,TXN100424,154.3,P2M,Lucknow,iOS,UPI Lite,2025-02-23 00:00:00,41.07,86.44,88.86,65.87,0,Success
user3082,TXN100425,94.44,P2P,Jaipur,Android,UPI Lite,2025-02-23 03:00:00,51.49,31.31,0.26,36.23,0,Success
user9967,TXN100426,884.11,Recharge,Chennai,iOS,UPI Lite,2025-02-23 06:00:00,21.71,27.5,52.2,35.74,0,Success
user7748,TXN100427,1036.8,P2M,Delhi,Android,UPI,2025-02-23 09:00:00,73.26,30.18,33.56,44.77,0,Success
user1417,TXN100428,47.69,Bank Transfer,Jaipur,Android,UPI AutoPay,2025-02-23 12:00:00,59.04,77.44,42.73,65.43,0,Failed
user9306,TXN100429,53.4,P2M,Pune,Android,UPI Lite,2025-02-23 15:00:00,69.18,49.53,43.38,52.71,0,Success
user9808,TXN100430,124.42,P2M,Ahmedabad,Android,UPI QR,2025-02-23 18:00:00,73.28,53.71,65.36,42.17,0,Success
user4974,TXN100431,72.53,Recharge,Lucknow,iOS,UPI,2025-02-23 21:00:00,72.69,83.17,2.31,46.85,0,Failed
user4267,TXN100432,203.86,Shopping,Kolkata,Web,UPI,2025-02-24 00:00:00,93.62,83.34,69.14,74.42,1,Success
user1825,TXN100433,118.32,Bill Payment,Bengaluru,Android,UPI,2025-02-24 03:00:00,23.72,16.17,2.22,23.1,0,Success
user8668,TXN100434,217.14,Bank Transfer,Ahmedabad,Android,UPI QR,2025-02-24 06:00:00,27.02,54.98,18.53,27.98,0,Success
user6745,TXN100435,453.09,Shopping,Pune,Android,UPI AutoPay,2025-02-24 09:00:00,9.42,12.6,60.67,18.32,0,Success
user1412,TXN100436,56.59,P2P,Delhi,iOS,UPI QR,2025-02-24 12:00:00,59.26,86.85,8.64,34.72,0,Success
user8543,TXN100437,443.73,Bank Transfer,Hyderabad,iOS,UPI QR,2025-02-24 15:00:00,39.52,83.7,99.09,73.65,1,Success
user8587,TXN100438,79.15,Bill Payment,Mumbai,Android,UPI QR,2025-02-24 18:00:00,49.62,84.93,78.44,72.69,1,Success
user1728,TXN100439,1405.97,P2P,Ahmedabad,iOS,UPI Lite,2025-02-24 21:00:00,16.98,70.49,70.57,39.57,0,Success
user8164,TXN100440,829.63,Recharge,Ahmedabad,iOS,UPI Lite,2025-02-25 00:00:00,64.91,46.69,26.77,35.14,0,Success
user9867,TXN100441,146.48,Shopping,Bengaluru,Android,UPI QR,2025-02-25 03:00:00,61.9,40.47,4.86,42.6,0,Success
user6988,TXN100442,62.58,Bank Transfer,Mumbai,Android,UPI QR,2025-02-25 06:00:00,26.48,39.52,97.88,54.78,0,Failed
user3504,TXN100443,51.68,P2M,Pune,Android,UPI Lite,2025-02-25 09:00:00,46.54,6.62,14.78,17.02,0,Success
user3967,TXN100444,392.93,Bill Payment,Jaipur,Android,UPI Lite,2025-02-25 12:00:00,89.43,94.89,83.06,79.69,1,Success
user3786,TXN100445,159.11,Bank Transfer,Jaipur,Android,UPI AutoPay,2025-02-25 15:00:00,77.35,45.03,19.75,49.74,0,Failed
user2122,TXN100446,414.41,P2M,Mumbai,Android,UPI QR,2025-02-25 18:00:00,22.69,93.01,37.41,38.87,0,Success
user5079,TXN100447,1486.57,Bank Transfer,Kolkata,Android,UPI,2025-02-25 21:00:00,87.89,87.93,69.36,71.11,1,Success
user2571,TXN100448,75.92,P2P,Chennai,iOS,UPI AutoPay,2025-02-26 00:00:00,6.73,82.86,94.54,48.61,0,Success
user6073,TXN100449,47.94,P2M,Kolkata,Android,UPI,2025-02-26 03:00:00,41.39,58.83,1.98,25.75,0,Success
user6104,TXN100450,198.85,P2M,Kolkata,Android,UPI AutoPay,2025-02-26 06:00:00,8.01,10.16,26.08,33.16,0,Success
user3143,TXN100451,515.31,Bank Transfer,Ahmedabad,Android,UPI QR,2025-02-26 09:00:00,92.42,32.39,76.5,70.94,1,Failed
user7806,TXN100452,64.04,Recharge,Ahmedabad,Android,UPI,2025-02-26 12:00:00,4.07,60.36,17.34,21.87,0,Success
user8357,TXN100453,169.8,Recharge,Lucknow,Android,UPI Lite,2025-02-26 15:00:00,15.12,1.35,11.15,9.73,0,Success
user4440,TXN100454,645.51,Shopping,Delhi,Android,UPI AutoPay,2025-02-26 18:00:00,91.5,4.26,4.62,24.53,0,Success
user4766,TXN100455,32.04,P2P,Pune,Android,UPI,2025-02-26 21:00:00,58.22,67.77,50.25,56.15,0,Success
user6644,TXN100456,207.54,Recharge,Pune,iOS,UPI AutoPay,2025-02-27 00:00:00,79.52,88.82,76.77,79.28,1,Success
user3914,TXN100457,95.57,Bank Transfer,Lucknow,iOS,UPI QR,2025-02-27 03:00:00,1.64,85.52,96.17,45.79,0,Success
user5968,TXN100458,185.7,Recharge,Ahmedabad,iOS,UPI,2025-02-27 06:00:00,41.91,16.81,26.75,23.63,0,Success
user6917,TXN100459,333.55,Shopping,Bengaluru,Android,UPI,2025-02-27 09:00:00,98.45,91.12,12.14,59.12,0,Success
user9787,TXN100460,204.55,Bill Payment,Bengaluru,iOS,UPI,2025-02-27 12:00:00,57.98,69.63,40.26,61.35,0,Success
user1728,TXN100461,59.73,Shopping,Delhi,Android,UPI AutoPay,2025-02-27 15:00:00,84.97,71.63,5.54,62.07,0,Success
user2365,TXN100462,99.36,P2M,Mumbai,iOS,UPI Lite,2025-02-27 18:00:00,96.36,30.4,33.14,54.07,0,Success
user5492,TXN100463,683.07,P2M,Ahmedabad,Android,UPI Lite,2025-02-27 21:00:00,68.5,71.6,64.31,63.84,0,Success
user1698,TXN100464,227.91,Recharge,Jaipur,iOS,UPI Lite,2025-02-28 00:00:00,32.76,70.98,16.82,28.68,0,Success
user8186,TXN100465,380.06,Recharge,Jaipur,Android,UPI QR,2025-02-28 03:00:00,30.86,59.47,63.19,40.18,0,Success
user1395,TXN100466,210.67,Shopping,Ahmedabad,iOS,UPI,2025-02-28 06:00:00,7.13,35.73,97.19,35.9,0,Success
user8400,TXN100467,368.38,Shopping,Hyderabad,iOS,UPI Lite,2025-02-28 09:00:00,42.78,81.1,86.42,56.95,0,Success
user9082,TXN100468,110.37,Bank Transfer,Mumbai,Android,UPI Lite,2025-02-28 12:00:00,91.54,93.75,35.68,73.25,1,Success
user5171,TXN100469,76.13,P2P,Jaipur,Web,UPI,2025-02-28 15:00:00,47.81,86.99,42.15,42.05,0,Success
user5360,TXN100470,352.02,Bank Transfer,Chennai,Android,UPI QR,2025-02-28 18:00:00,91.1,24.3,41.93,41.34,0,Success
user3502,TXN100471,506.42,P2M,Kolkata,Web,UPI AutoPay,2025-02-28 21:00:00,81.71,44.57,85.99,60.07,0,Success
user1717,TXN100472,65.74,Bank Transfer,Ahmedabad,iOS,UPI AutoPay,2025-03-01 00:00:00,98.42,34.24,99.38,58.68,0,Success
user3782,TXN100473,92.21,Shopping,Hyderabad,Web,UPI AutoPay,2025-03-01 03:00:00,94.77,70.75,82.59,82.23,1,Success
user5946,TXN100474,139.32,Bank Transfer,Chennai,Android,UPI,2025-03-01 06:00:00,70.65,83.15,55.81,71.88,1,Success
user6486,TXN100475,828.67,Bill Payment,Kolkata,Android,UPI QR,2025-03-01 09:00:00,87.12,21.58,9.74,29.2,0,Success
user9335,TXN100476,288.05,P2P,Kolkata,iOS,UPI,2025-03-01 12:00:00,74.81,94.73,95.45,81.07,1,Success
user5980,TXN100477,43.64,Shopping,Delhi,Web,UPI AutoPay,2025-03-01 15:00:00,70.34,67.73,86.0,63.7,0,Success
user8266,TXN100478,149.46,Recharge,Mumbai,Android,UPI Lite,2025-03-01 18:00:00,71.56,21.84,84.14,52.86,0,Success
user5491,TXN100479,128.27,Bank Transfer,Ahmedabad,Android,UPI Lite,2025-03-01 21:00:00,72.1,37.11,39.18,50.16,0,Success
user8192,TXN100480,50.74,Shopping,Hyderabad,Android,UPI Lite,2025-03-02 00:00:00,37.94,10.46,44.72,13.27,0,Success
user6588,TXN100481,147.7,Recharge,Lucknow,iOS,UPI AutoPay,2025-03-02 03:00:00,42.36,59.71,11.97,43.51,0,Success
user8651,TXN100482,122.73,Recharge,Delhi,iOS,UPI QR,2025-03-02 06:00:00,29.41,16.92,93.79,42.71,0,Success
user4636,TXN100483,114.25,P2M,Bengaluru,Android,UPI AutoPay,2025-03-02 09:00:00,14.83,69.31,94.32,57.4,0,Failed
user2167,TXN100484,109.14,P2M,Chennai,Android,UPI,2025-03-02 12:00:00,45.84,73.72,25.44,31.76,0,Success
user2062,TXN100485,714.36,Shopping,Lucknow,Android,UPI QR,2025-03-02 15:00:00,89.99,47.93,69.6,64.47,0,Success
user3156,TXN100486,114.01,Shopping,Chennai,Android,UPI Lite,2025-03-02 18:00:00,65.13,9.38,20.35,34.68,0,Success
user8860,TXN100487,172.37,Bill Payment,Ahmedabad,iOS,UPI QR,2025-03-02 21:00:00,5.62,61.09,39.29,33.51,0,Success
user6161,TXN100488,154.66,P2P,Hyderabad,Android,UPI QR,2025-03-03 00:00:00,81.12,37.22,30.24,53.4,0,Success
user6305,TXN100489,98.99,P2P,Hyderabad,iOS,UPI AutoPay,2025-03-03 03:00:00,93.54,94.96,38.96,74.36,1,Success
user7541,TXN100490,177.59,Shopping,Kolkata,iOS,UPI QR,2025-03-03 06:00:00,82.94,51.32,30.9,38.87,0,Success
user5729,TXN100491,175.1,P2M,Lucknow,Android,UPI AutoPay,2025-03-03 09:00:00,72.75,7.23,34.53,44.68,0,Success
user8330,TXN100492,177.64,Bank Transfer,Hyderabad,Android,UPI,2025-03-03 12:00:00,15.01,63.6,79.11,41.1,0,Success
user6334,TXN100493,69.46,Bill Payment,Jaipur,iOS,UPI QR,2025-03-03 15:00:00,34.9,77.94,30.0,44.65,0,Success
user9924,TXN100494,133.47,P2P,Chennai,Android,UPI QR,2025-03-03 18:00:00,56.53,16.05,81.47,56.11,0,Success
user5330,TXN100495,350.84,Shopping,Kolkata,iOS,UPI QR,2025-03-03 21:00:00,7.69,44.91,56.79,31.0,0,Success
user9010,TXN100496,137.03,P2M,Ahmedabad,Android,UPI Lite,2025-03-04 00:00:00,10.63,74.32,78.04,43.35,0,Success
user7801,TXN100497,192.82,P2M,Hyderabad,iOS,UPI AutoPay,2025-03-04 03:00:00,93.43,2.05,91.89,48.53,0,Success
user5846,TXN100498,193.84,P2M,Pune,Android,UPI AutoPay,2025-03-04 06:00:00,70.27,2.9,13.84,19.99,0,Success
user7731,TXN100499,248.99,Bank Transfer,Ahmedabad,Android,UPI Lite,2025-03-04 09:00:00,27.51,67.69,34.39,30.57,0,Success
user8241,TXN100500,286.76,Recharge,Lucknow,Android,UPI AutoPay,2025-03-04 12:00:00,32.74,72.51,5.56,34.92,0,Success
user1953,TXN100501,137.81,Bank Transfer,Jaipur,Web,UPI,2025-03-04 15:00:00,38.44,84.59,40.69,64.61,0,Success
user3539,TXN100502,65.93,P2M,Mumbai,Web,UPI Lite,2025-03-04 18:00:00,7.51,39.96,23.74,18.53,0,Success
user8056,TXN100503,48.49,Shopping,Bengaluru,Android,UPI AutoPay,2025-03-04 21:00:00,73.92,38.98,57.17,51.75,0,Success
user2542,TXN100504,453.81,Bill Payment,Pune,Android,UPI,2025-03-05 00:00:00,17.68,55.24,78.34,48.1,0,Success
user6293,TXN100505,354.34,Bank Transfer,Kolkata,Android,UPI AutoPay,2025-03-05 03:00:00,80.51,75.73,48.64,58.85,0,Pending
user2191,TXN100506,313.99,Shopping,Chennai,Android,UPI Lite,2025-03-05 06:00:00,84.59,64.1,33.36,67.42,0,Success
user7313,TXN100507,369.15,P2M,Lucknow,iOS,UPI AutoPay,2025-03-05 09:00:00,63.84,32.73,15.26,33.3,0,Success
user7938,TXN100508,139.55,Bill Payment,Lucknow,Android,UPI,2025-03-05 12:00:00,76.99,34.65,2.68,46.87,0,Success
user3681,TXN100509,87.81,P2P,Mumbai,iOS,UPI,2025-03-05 15:00:00,17.18,76.3,67.79,50.23,0,Success
user2540,TXN100510,61.53,P2P,Pune,iOS,UPI,2025-03-05 18:00:00,57.59,53.46,3.05,37.68,0,Success
user7172,TXN100511,55.18,Shopping,Chennai,Android,UPI AutoPay,2025-03-05 21:00:00,67.68,9.8,92.08,45.5,0,Success
user6541,TXN100512,551.23,Bill Payment,Bengaluru,iOS,UPI Lite,2025-03-06 00:00:00,66.16,15.3,59.42,50.32,0,Success
user2365,TXN100513,100.17,Shopping,Delhi,Android,UPI AutoPay,2025-03-06 03:00:00,11.73,85.12,35.33,37.89,0,Success
user9691,TXN100514,471.0,Bill Payment,Delhi,Android,UPI QR,2025-03-06 06:00:00,34.44,99.88,4.19,40.46,0,Success
user9702,TXN100515,136.06,Bill Payment,Lucknow,iOS,UPI Lite,2025-03-06 09:00:00,32.5,33.57,41.35,43.19,0,Success
user8494,TXN100516,83.41,Shopping,Pune,Android,UPI QR,2025-03-06 12:00:00,57.25,38.67,86.73,38.7,0,Success
user5312,TXN100517,54.91,Bill Payment,Mumbai,Android,UPI AutoPay,2025-03-06 15:00:00,76.52,15.45,96.98,66.36,0,Failed
user2324,TXN100518,91.09,Bank Transfer,Lucknow,Web,UPI Lite,2025-03-06 18:00:00,57.06,23.57,8.49,43.55,0,Success
user4141,TXN100519,677.38,P2M,Delhi,Android,UPI QR,2025-03-06 21:00:00,75.48,42.46,77.71,53.7,0,Success
user8419,TXN100520,55.47,Bill Payment,Lucknow,Android,UPI AutoPay,2025-03-07 00:00:00,9.9,28.44,25.84,13.97,0,Success
user4486,TXN100521,1362.05,Bank Transfer,Delhi,iOS,UPI Lite,2025-03-07 03:00:00,87.81,70.14,37.94,56.18,0,Success
user2810,TXN100522,70.77,Bill Payment,Pune,Android,UPI,2025-03-07 06:00:00,53.66,53.78,54.77,54.85,0,Success
user7588,TXN100523,347.22,Bank Transfer,Pune,Web,UPI,2025-03-07 09:00:00,3.75,82.23,99.47,47.06,0,Success
user3923,TXN100524,141.85,Shopping,Mumbai,Android,UPI,2025-03-07 12:00:00,64.32,72.45,20.88,48.89,0,Success
user6301,TXN100525,119.04,P2P,Kolkata,Android,UPI QR,2025-03-07 15:00:00,51.73,12.81,13.05,29.9,0,Success
user5186,TXN100526,46.0,Recharge,Kolkata,iOS,UPI QR,2025-03-07 18:00:00,22.04,12.34,59.5,15.13,0,Success
user9905,TXN100527,148.65,Bill Payment,Lucknow,Android,UPI AutoPay,2025-03-07 21:00:00,76.44,89.56,85.3,64.49,0,Success
user6977,TXN100528,51.51,Recharge,Lucknow,iOS,UPI,2025-03-08 00:00:00,93.36,81.95,64.82,75.91,1,Success
user5268,TXN100529,30.52,Bill Payment,Lucknow,Web,UPI QR,2025-03-08 03:00:00,32.27,46.79,34.76,31.39,0,Success
user5748,TXN100530,184.86,Shopping,Mumbai,iOS,UPI,2025-03-08 06:00:00,49.39,13.04,97.7,39.05,0,Success
user5849,TXN100531,86.88,Shopping,Ahmedabad,Android,UPI AutoPay,2025-03-08 09:00:00,12.82,89.86,99.5,56.5,0,Success
user4709,TXN100532,883.9,Bank Transfer,Lucknow,Android,UPI Lite,2025-03-08 12:00:00,92.98,23.07,77.06,59.64,0,Success
user7619,TXN100533,445.87,Bill Payment,Kolkata,Web,UPI QR,2025-03-08 15:00:00,31.88,3.55,80.24,26.8,0,Success
user9647,TXN100534,895.54,Shopping,Kolkata,Android,UPI QR,2025-03-08 18:00:00,19.48,92.42,76.08,56.47,0,Success
user4072,TXN100535,83.02,Shopping,Chennai,iOS,UPI Lite,2025-03-08 21:00:00,47.84,80.89,25.77,40.66,0,Success
user7530,TXN100536,187.94,Bill Payment,Pune,Android,UPI QR,2025-03-09 00:00:00,4.33,69.35,15.03,31.49,0,Success
user1504,TXN100537,11.93,Bank Transfer,Ahmedabad,Android,UPI AutoPay,2025-03-09 03:00:00,25.28,3.4,55.44,22.37,0,Success
user2214,TXN100538,123.74,Bank Transfer,Delhi,Android,UPI QR,2025-03-09 06:00:00,6.77,52.84,95.41,55.2,0,Success
user2531,TXN100539,181.0,Bank Transfer,Kolkata,Web,UPI QR,2025-03-09 09:00:00,12.74,65.36,87.83,37.26,0,Success
user8576,TXN100540,191.34,Bank Transfer,Bengaluru,Android,UPI Lite,2025-03-09 12:00:00,11.22,75.93,10.69,25.62,0,Success
user1823,TXN100541,157.22,P2P,Bengaluru,Android,UPI AutoPay,2025-03-09 15:00:00,87.24,47.11,5.7,52.94,0,Failed
user1928,TXN100542,175.32,Bill Payment,Kolkata,iOS,UPI,2025-03-09 18:00:00,93.04,95.33,87.38,76.0,1,Success
user6029,TXN100543,10.88,P2P,Bengaluru,Android,UPI,2025-03-09 21:00:00,47.45,24.48,61.3,39.53,0,Success
user1133,TXN100544,211.92,Shopping,Hyderabad,iOS,UPI Lite,2025-03-10 00:00:00,63.04,6.97,30.43,18.34,0,Success
user3105,TXN100545,265.98,P2P,Ahmedabad,Android,UPI AutoPay,2025-03-10 03:00:00,69.59,33.28,56.18,41.42,0,Pending
user4627,TXN100546,625.17,Bank Transfer,Pune,Web,UPI Lite,2025-03-10 06:00:00,39.13,66.18,22.17,33.8,0,Success
user7316,TXN100547,237.16,Shopping,Kolkata,Android,UPI Lite,2025-03-10 09:00:00,37.02,73.72,94.7,58.03,0,Success
user2852,TXN100548,143.92,P2P,Kolkata,iOS,UPI,2025-03-10 12:00:00,67.56,73.85,82.72,73.71,1,Success
user5910,TXN100549,495.19,P2P,Delhi,Android,UPI AutoPay,2025-03-10 15:00:00,37.67,11.07,96.22,39.65,0,Success
user5175,TXN100550,15.53,Bill Payment,Ahmedabad,Android,UPI AutoPay,2025-03-10 18:00:00,58.1,88.51,18.71,49.33,0,Failed
user6348,TXN100551,98.01,P2P,Lucknow,Android,UPI Lite,2025-03-10 21:00:00,51.52,28.08,84.37,42.12,0,Success
user7190,TXN100552,76.26,Shopping,Lucknow,Web,UPI,2025-03-11 00:00:00,52.45,20.99,56.03,30.81,0,Success
user2256,TXN100553,158.46,Bank Transfer,Jaipur,Android,UPI AutoPay,2025-03-11 03:00:00,82.94,61.45,32.5,63.03,0,Success
user4376,TXN100554,18.2,Bill Payment,Chennai,iOS,UPI Lite,2025-03-11 06:00:00,70.41,21.18,47.97,44.26,0,Success
user6645,TXN100555,613.78,P2P,Hyderabad,Android,UPI QR,2025-03-11 09:00:00,96.07,50.8,94.44,71.44,1,Success
user4486,TXN100556,127.76,Bill Payment,Mumbai,Android,UPI,2025-03-11 12:00:00,79.1,40.7,69.15,68.66,0,Success
user4584,TXN100557,225.61,Recharge,Mumbai,Android,UPI AutoPay,2025-03-11 15:00:00,14.58,23.2,35.99,2.09,0,Success
user9053,TXN100558,205.02,Bill Payment,Jaipur,iOS,UPI AutoPay,2025-03-11 18:00:00,73.85,29.21,99.99,67.17,0,Success
user4330,TXN100559,579.69,Bank Transfer,Pune,iOS,UPI AutoPay,2025-03-11 21:00:00,66.56,42.74,34.57,34.91,0,Success
user3703,TXN100560,25.48,Recharge,Mumbai,Web,UPI,2025-03-12 00:00:00,64.6,34.62,81.37,54.32,0,Success
user9662,TXN100561,183.52,Recharge,Lucknow,Web,UPI Lite,2025-03-12 03:00:00,48.07,38.16,78.44,55.0,0,Success
user9120,TXN100562,516.04,Bill Payment,Bengaluru,Android,UPI QR,2025-03-12 06:00:00,6.25,73.54,72.29,30.85,0,Failed
user8114,TXN100563,148.71,Shopping,Chennai,iOS,UPI AutoPay,2025-03-12 09:00:00,95.15,16.84,66.94,64.04,0,Success
user2353,TXN100564,63.35,Bank Transfer,Ahmedabad,Android,UPI,2025-03-12 12:00:00,85.19,62.76,10.87,50.53,0,Success
user6063,TXN100565,89.67,Shopping,Lucknow,iOS,UPI AutoPay,2025-03-12 15:00:00,48.68,67.82,99.5,56.81,0,Success
user9549,TXN100566,110.73,Bank Transfer,Delhi,Android,UPI Lite,2025-03-12 18:00:00,15.86,80.21,16.1,35.41,0,Success
user8575,TXN100567,79.75,Bank Transfer,Ahmedabad,iOS,UPI QR,2025-03-12 21:00:00,82.45,84.73,59.61,73.0,1,Success
user1667,TXN100568,140.78,Shopping,Mumbai,Android,UPI AutoPay,2025-03-13 00:00:00,43.07,15.87,24.91,42.95,0,Failed
user5468,TXN100569,741.18,P2M,Delhi,Android,UPI,2025-03-13 03:00:00,39.01,13.83,16.88,22.16,0,Success
user7819,TXN100570,90.25,Recharge,Ahmedabad,Android,UPI Lite,2025-03-13 06:00:00,66.54,61.48,55.95,61.82,0,Success
user4719,TXN100571,100.72,Bill Payment,Kolkata,Android,UPI QR,2025-03-13 09:00:00,75.87,75.69,83.63,71.21,1,Pending
user3745,TXN100572,259.77,Shopping,Hyderabad,Android,UPI,2025-03-13 12:00:00,6.28,27.23,37.69,22.8,0,Success
user8483,TXN100573,137.71,Shopping,Lucknow,iOS,UPI AutoPay,2025-03-13 15:00:00,76.76,52.58,7.72,43.08,0,Success
user1539,TXN100574,43.42,Bill Payment,Delhi,iOS,UPI,2025-03-13 18:00:00,73.39,77.22,62.38,59.22,0,Pending
user5964,TXN100575,154.29,Recharge,Jaipur,Android,UPI QR,2025-03-13 21:00:00,58.92,76.75,76.64,65.81,0,Success
user5835,TXN100576,148.58,Bill Payment,Hyderabad,Android,UPI Lite,2025-03-14 00:00:00,33.84,65.38,29.61,32.18,0,Pending
user4775,TXN100577,435.14,Bank Transfer,Ahmedabad,Android,UPI Lite,2025-03-14 03:00:00,16.48,7.88,69.06,12.24,0,Success
user7042,TXN100578,62.04,P2M,Pune,iOS,UPI AutoPay,2025-03-14 06:00:00,10.27,5.06,7.58,7.88,0,Success
user8102,TXN100579,438.04,Bank Transfer,Jaipur,Android,UPI AutoPay,2025-03-14 09:00:00,0.12,38.84,36.14,15.83,0,Success
user8312,TXN100580,148.74,P2M,Lucknow,Android,UPI AutoPay,2025-03-14 12:00:00,20.65,2.67,47.41,18.15,0,Success
user6320,TXN100581,54.17,Bill Payment,Kolkata,Android,UPI AutoPay,2025-03-14 15:00:00,41.13,90.41,78.2,49.5,0,Success
user7132,TXN100582,44.31,Bank Transfer,Delhi,Android,UPI QR,2025-03-14 18:00:00,24.36,2.01,33.81,24.34,0,Pending
user8891,TXN100583,1135.0,Recharge,Bengaluru,Android,UPI AutoPay,2025-03-14 21:00:00,30.9,2.96,45.37,6.46,0,Success
user3779,TXN100584,139.78,Bank Transfer,Delhi,Android,UPI,2025-03-15 00:00:00,39.05,16.53,62.84,37.6,0,Success
user1924,TXN100585,418.43,Shopping,Hyderabad,Android,UPI QR,2025-03-15 03:00:00,30.83,62.7,62.41,49.73,0,Success
user2581,TXN100586,29.72,P2M,Delhi,Android,UPI QR,2025-03-15 06:00:00,72.46,54.16,51.78,56.01,0,Success
user8714,TXN100587,2293.18,P2M,Hyderabad,Android,UPI AutoPay,2025-03-15 09:00:00,49.17,65.95,32.85,56.99,0,Success
user4324,TXN100588,400.71,Recharge,Jaipur,Android,UPI QR,2025-03-15 12:00:00,1.93,89.36,66.99,36.79,0,Success
user6713,TXN100589,127.05,P2M,Delhi,Android,UPI,2025-03-15 15:00:00,22.67,45.49,83.72,56.5,0,Pending
user8026,TXN100590,120.76,P2M,Jaipur,Android,UPI QR,2025-03-15 18:00:00,70.97,4.39,15.38,23.96,0,Failed
user1255,TXN100591,341.93,Recharge,Kolkata,Android,UPI QR,2025-03-15 21:00:00,30.09,76.35,34.05,47.26,0,Success
user5804,TXN100592,322.85,Bank Transfer,Kolkata,iOS,UPI,2025-03-16 00:00:00,92.01,81.2,66.87,86.68,1,Success
user2838,TXN100593,196.87,Bill Payment,Hyderabad,Android,UPI,2025-03-16 03:00:00,71.27,4.99,75.58,44.25,0,Success
user1009,TXN100594,165.82,Bank Transfer,Ahmedabad,iOS,UPI QR,2025-03-16 06:00:00,28.99,24.28,78.15,32.26,0,Success
user3871,TXN100595,287.46,Shopping,Kolkata,Android,UPI Lite,2025-03-16 09:00:00,51.64,77.06,65.33,63.66,0,Failed
user9989,TXN100596,28.74,Shopping,Chennai,Android,UPI QR,2025-03-16 12:00:00,66.72,37.62,47.83,42.64,0,Success
user8409,TXN100597,113.15,P2M,Delhi,Android,UPI,2025-03-16 15:00:00,19.34,47.27,64.58,31.28,0,Success
user8418,TXN100598,31.6,Shopping,Chennai,Android,UPI,2025-03-16 18:00:00,24.62,82.32,13.5,41.6,0,Success
user6124,TXN100599,300.24,Bill Payment,Delhi,Android,UPI,2025-03-16 21:00:00,50.71,9.46,20.78,31.65,0,Success
user2015,TXN100600,83.44,P2M,Mumbai,iOS,UPI Lite,2025-03-17 00:00:00,92.49,67.73,92.75,75.83,1,Success
user3193,TXN100601,34.07,Shopping,Jaipur,iOS,UPI,2025-03-17 03:00:00,34.4,21.5,92.22,42.07,0,Success
user9415,TXN100602,74.16,P2P,Hyderabad,Android,UPI AutoPay,2025-03-17 06:00:00,40.21,6.27,72.39,35.37,0,Success
user8449,TXN100603,190.44,P2P,Lucknow,Android,UPI AutoPay,2025-03-17 09:00:00,19.06,66.25,32.7,33.76,0,Success
user5158,TXN100604,133.59,P2P,Lucknow,Android,UPI Lite,2025-03-17 12:00:00,59.32,12.14,64.88,38.95,0,Pending
user4925,TXN100605,50.75,P2P,Pune,Android,UPI,2025-03-17 15:00:00,74.02,74.7,68.78,56.12,0,Success
user7970,TXN100606,29.82,Bank Transfer,Ahmedabad,Web,UPI,2025-03-17 18:00:00,44.06,20.27,51.51,29.32,0,Success
user7938,TXN100607,176.61,P2P,Hyderabad,Android,UPI AutoPay,2025-03-17 21:00:00,75.02,4.85,74.85,46.72,0,Success
user5784,TXN100608,91.77,P2M,Kolkata,Web,UPI AutoPay,2025-03-18 00:00:00,30.26,9.93,2.97,29.25,0,Success
user5000,TXN100609,126.71,Recharge,Bengaluru,Android,UPI QR,2025-03-18 03:00:00,70.7,84.13,25.62,48.63,0,Success
user2633,TXN100610,139.81,Bank Transfer,Ahmedabad,Android,UPI Lite,2025-03-18 06:00:00,25.83,37.1,79.45,36.85,0,Success
user8266,TXN100611,252.16,Recharge,Ahmedabad,Android,UPI QR,2025-03-18 09:00:00,78.06,30.23,93.87,51.3,0,Success
user9702,TXN100612,382.58,P2M,Bengaluru,iOS,UPI Lite,2025-03-18 12:00:00,83.06,49.12,87.61,51.93,0,Success
user1384,TXN100613,189.9,P2M,Jaipur,Android,UPI,2025-03-18 15:00:00,79.77,63.29,71.65,74.9,1,Success
user1404,TXN100614,119.05,Bill Payment,Ahmedabad,Android,UPI,2025-03-18 18:00:00,21.55,3.71,16.55,16.74,0,Success
user9175,TXN100615,168.13,Bank Transfer,Mumbai,Android,UPI Lite,2025-03-18 21:00:00,69.42,89.82,36.87,70.28,1,Success
user3000,TXN100616,116.84,Recharge,Ahmedabad,Android,UPI QR,2025-03-19 00:00:00,53.85,95.85,5.02,35.92,0,Success
user6989,TXN100617,31.74,P2P,Pune,Android,UPI AutoPay,2025-03-19 03:00:00,98.6,41.73,63.99,67.51,0,Success
user2460,TXN100618,488.8,P2M,Chennai,Android,UPI Lite,2025-03-19 06:00:00,36.16,41.26,44.99,52.23,0,Success
user8190,TXN100619,404.82,P2P,Lucknow,iOS,UPI Lite,2025-03-19 09:00:00,77.13,87.86,57.3,75.2,1,Success
user8140,TXN100620,1197.91,Recharge,Jaipur,iOS,UPI Lite,2025-03-19 12:00:00,37.01,42.93,97.94,56.67,0,Success
user4636,TXN100621,1604.39,Bank Transfer,Hyderabad,Android,UPI,2025-03-19 15:00:00,39.69,85.62,40.23,47.46,0,Success
user5809,TXN100622,50.6,Shopping,Kolkata,iOS,UPI Lite,2025-03-19 18:00:00,11.1,2.83,30.67,22.71,0,Success
user5178,TXN100623,117.28,Shopping,Mumbai,Android,UPI,2025-03-19 21:00:00,23.97,48.97,15.06,22.57,0,Success
user8245,TXN100624,2021.39,P2M,Jaipur,iOS,UPI AutoPay,2025-03-20 00:00:00,16.45,95.24,14.36,45.49,0,Success
user7600,TXN100625,157.5,Bill Payment,Chennai,Android,UPI AutoPay,2025-03-20 03:00:00,15.92,25.28,51.86,19.17,0,Success
user6997,TXN100626,209.39,P2P,Pune,Android,UPI QR,2025-03-20 06:00:00,0.9,26.62,74.92,26.78,0,Success
user3048,TXN100627,35.83,P2M,Chennai,Android,UPI,2025-03-20 09:00:00,79.38,63.01,56.45,67.71,0,Success
user5780,TXN100628,190.62,Bill Payment,Hyderabad,iOS,UPI AutoPay,2025-03-20 12:00:00,46.79,92.62,87.33,72.7,1,Failed
user1716,TXN100629,1132.23,P2P,Bengaluru,Android,UPI AutoPay,2025-03-20 15:00:00,80.42,19.87,31.59,44.39,0,Success
user8939,TXN100630,593.85,Recharge,Kolkata,Android,UPI QR,2025-03-20 18:00:00,61.26,92.17,59.5,80.22,1,Success
user6565,TXN100631,89.12,Shopping,Bengaluru,Android,UPI QR,2025-03-20 21:00:00,83.13,66.3,66.12,64.23,0,Failed
user5544,TXN100632,110.35,Bill Payment,Delhi,Android,UPI QR,2025-03-21 00:00:00,50.38,99.3,28.07,62.68,0,Success
user5976,TXN100633,52.94,P2P,Pune,iOS,UPI,2025-03-21 03:00:00,9.4,73.65,39.63,31.46,0,Success
user4419,TXN100634,70.02,P2M,Kolkata,Android,UPI Lite,2025-03-21 06:00:00,61.68,66.78,59.09,47.82,0,Success
user8239,TXN100635,24.28,P2P,Hyderabad,Web,UPI,2025-03-21 09:00:00,67.78,81.49,2.09,47.35,0,Failed
user1249,TXN100636,150.68,P2M,Jaipur,Android,UPI QR,2025-03-21 12:00:00,62.65,17.51,88.66,37.88,0,Success
user9865,TXN100637,742.57,Shopping,Lucknow,Android,UPI Lite,2025-03-21 15:00:00,80.13,94.6,11.11,62.94,0,Pending
user1770,TXN100638,234.03,Shopping,Kolkata,iOS,UPI AutoPay,2025-03-21 18:00:00,73.15,16.56,4.76,32.98,0,Success
user5363,TXN100639,643.06,P2P,Jaipur,iOS,UPI,2025-03-21 21:00:00,43.26,2.57,21.5,26.89,0,Success
user2077,TXN100640,479.74,P2P,Jaipur,Android,UPI QR,2025-03-22 00:00:00,81.91,69.79,50.23,63.02,0,Success
user9427,TXN100641,94.93,P2M,Delhi,Android,UPI QR,2025-03-22 03:00:00,69.18,18.46,32.87,36.07,0,Success
user9580,TXN100642,76.75,P2M,Mumbai,iOS,UPI Lite,2025-03-22 06:00:00,12.04,75.88,44.01,38.67,0,Success
user8901,TXN100643,79.74,Bill Payment,Pune,Android,UPI,2025-03-22 09:00:00,53.99,79.5,8.43,52.92,0,Success
user5858,TXN100644,29.46,Bill Payment,Pune,iOS,UPI AutoPay,2025-03-22 12:00:00,72.86,23.67,23.31,45.67,0,Success
user7544,TXN100645,169.41,Bill Payment,Delhi,Android,UPI AutoPay,2025-03-22 15:00:00,55.33,8.67,9.77,33.7,0,Success
user5719,TXN100646,8.98,P2P,Bengaluru,Web,UPI Lite,2025-03-22 18:00:00,94.9,50.08,22.97,38.19,0,Success
user3814,TXN100647,296.31,Bank Transfer,Bengaluru,Android,UPI Lite,2025-03-22 21:00:00,10.15,89.02,70.33,55.92,0,Success
user4374,TXN100648,176.25,Bank Transfer,Hyderabad,Android,UPI AutoPay,2025-03-23 00:00:00,72.23,84.73,57.53,70.31,1,Success
user2252,TXN100649,262.81,Bank Transfer,Mumbai,Android,UPI Lite,2025-03-23 03:00:00,82.45,11.71,33.4,55.57,0,Success
user7996,TXN100650,472.02,Bank Transfer,Jaipur,Web,UPI Lite,2025-03-23 06:00:00,70.27,96.48,26.12,57.33,0,Success
user5673,TXN100651,200.1,Bill Payment,Ahmedabad,iOS,UPI,2025-03-23 09:00:00,38.56,26.39,99.75,44.64,0,Success
user5530,TXN100652,838.46,P2P,Ahmedabad,Android,UPI Lite,2025-03-23 12:00:00,38.55,34.94,76.79,46.71,0,Success
user7881,TXN100653,305.5,Bank Transfer,Bengaluru,Android,UPI QR,2025-03-23 15:00:00,58.66,14.91,82.2,29.25,0,Success
user7949,TXN100654,76.93,Shopping,Delhi,Android,UPI QR,2025-03-23 18:00:00,39.71,37.78,2.64,6.88,0,Success
user7241,TXN100655,129.32,Recharge,Mumbai,Android,UPI QR,2025-03-23 21:00:00,88.32,63.56,5.96,53.92,0,Failed
user9017,TXN100656,17.09,Shopping,Chennai,Android,UPI Lite,2025-03-24 00:00:00,10.99,50.61,71.26,28.77,0,Success
user7941,TXN100657,66.54,P2P,Lucknow,Android,UPI AutoPay,2025-03-24 03:00:00,63.92,82.75,19.18,42.76,0,Success
user8002,TXN100658,112.06,P2P,Mumbai,Android,UPI QR,2025-03-24 06:00:00,13.41,64.13,42.57,38.59,0,Success
user2331,TXN100659,283.23,Recharge,Hyderabad,Android,UPI,2025-03-24 09:00:00,54.02,26.35,18.42,20.87,0,Success
user5261,TXN100660,77.45,P2M,Jaipur,iOS,UPI Lite,2025-03-24 12:00:00,71.56,55.74,17.71,51.24,0,Success
user8648,TXN100661,47.17,P2M,Jaipur,Android,UPI AutoPay,2025-03-24 15:00:00,16.55,6.42,10.91,4.48,0,Success
user6115,TXN100662,24.84,P2M,Pune,Android,UPI AutoPay,2025-03-24 18:00:00,70.4,58.08,59.43,50.62,0,Success
user5637,TXN100663,90.34,Bill Payment,Kolkata,Android,UPI Lite,2025-03-24 21:00:00,14.0,38.97,73.93,37.78,0,Success
user5854,TXN100664,1153.84,P2M,Kolkata,Android,UPI Lite,2025-03-25 00:00:00,62.06,9.84,5.68,19.74,0,Success
user4177,TXN100665,215.1,Bill Payment,Pune,iOS,UPI,2025-03-25 03:00:00,50.56,30.75,27.56,46.37,0,Success
user8730,TXN100666,419.72,Bill Payment,Hyderabad,iOS,UPI Lite,2025-03-25 06:00:00,29.81,89.81,65.84,53.94,0,Success
user3180,TXN100667,66.68,P2M,Jaipur,Android,UPI Lite,2025-03-25 09:00:00,11.15,58.6,39.23,31.3,0,Success
user5892,TXN100668,34.01,P2M,Kolkata,Android,UPI AutoPay,2025-03-25 12:00:00,73.59,90.33,70.47,74.97,1,Pending
user8043,TXN100669,48.37,Recharge,Kolkata,Web,UPI QR,2025-03-25 15:00:00,38.18,41.08,75.92,52.26,0,Success
user1137,TXN100670,148.84,Bank Transfer,Lucknow,Android,UPI QR,2025-03-25 18:00:00,8.65,97.89,3.23,29.83,0,Success
user7327,TXN100671,22.33,Recharge,Kolkata,Android,UPI AutoPay,2025-03-25 21:00:00,77.28,36.0,38.09,52.26,0,Success
user4472,TXN100672,59.94,Bill Payment,Jaipur,iOS,UPI Lite,2025-03-26 00:00:00,23.29,75.68,72.91,54.46,0,Success
user6449,TXN100673,91.25,Recharge,Hyderabad,Android,UPI,2025-03-26 03:00:00,73.65,30.54,37.84,54.85,0,Success
user3832,TXN100674,43.78,Bill Payment,Chennai,Android,UPI QR,2025-03-26 06:00:00,56.49,10.6,0.58,19.9,0,Success
user4579,TXN100675,19.62,P2P,Bengaluru,Android,UPI Lite,2025-03-26 09:00:00,19.45,83.31,33.63,45.51,0,Success
user6971,TXN100676,219.13,Bill Payment,Mumbai,Android,UPI QR,2025-03-26 12:00:00,7.64,76.26,87.27,51.8,0,Success
user5164,TXN100677,171.72,Bill Payment,Delhi,Android,UPI AutoPay,2025-03-26 15:00:00,59.32,82.06,95.19,72.51,1,Success
user8941,TXN100678,357.46,Recharge,Ahmedabad,Android,UPI QR,2025-03-26 18:00:00,2.52,29.97,56.05,9.12,0,Success
user6569,TXN100679,54.03,Bank Transfer,Mumbai,iOS,UPI AutoPay,2025-03-26 21:00:00,6.55,70.37,30.64,39.97,0,Success
user5300,TXN100680,350.7,P2P,Lucknow,Android,UPI AutoPay,2025-03-27 00:00:00,70.22,21.99,46.61,50.8,0,Success
user7269,TXN100681,756.96,Shopping,Kolkata,Android,UPI AutoPay,2025-03-27 03:00:00,53.89,1.13,23.62,31.24,0,Success
user4818,TXN100682,213.2,Shopping,Hyderabad,Android,UPI,2025-03-27 06:00:00,32.63,86.65,16.81,37.78,0,Success
user2906,TXN100683,89.13,Bank Transfer,Chennai,iOS,UPI Lite,2025-03-27 09:00:00,53.92,52.35,49.35,58.63,0,Success
user7254,TXN100684,189.63,Shopping,Ahmedabad,Android,UPI AutoPay,2025-03-27 12:00:00,59.16,98.37,73.67,68.61,0,Success
user1760,TXN100685,84.96,P2P,Pune,iOS,UPI AutoPay,2025-03-27 15:00:00,56.53,38.5,22.25,40.47,0,Success
user8830,TXN100686,71.93,P2M,Chennai,iOS,UPI QR,2025-03-27 18:00:00,64.26,95.69,90.95,66.06,0,Success
user8350,TXN100687,324.82,P2P,Bengaluru,iOS,UPI Lite,2025-03-27 21:00:00,94.03,61.51,16.82,54.02,0,Success
user7238,TXN100688,142.73,Recharge,Kolkata,Android,UPI,2025-03-28 00:00:00,38.88,51.22,55.84,43.69,0,Success
user7090,TXN100689,547.35,Bill Payment,Delhi,iOS,UPI,2025-03-28 03:00:00,30.12,30.28,77.64,33.96,0,Success
user7031,TXN100690,105.38,Bill Payment,Ahmedabad,Android,UPI QR,2025-03-28 06:00:00,3.84,82.53,21.34,27.03,0,Success
user8687,TXN100691,116.61,Recharge,Kolkata,Android,UPI,2025-03-28 09:00:00,14.71,82.88,29.64,41.41,0,Success
user9472,TXN100692,93.08,Recharge,Ahmedabad,Android,UPI QR,2025-03-28 12:00:00,10.62,41.69,5.15,25.02,0,Success
user2887,TXN100693,53.51,Bill Payment,Delhi,Web,UPI Lite,2025-03-28 15:00:00,33.54,72.73,94.39,47.07,0,Success
user4266,TXN100694,370.34,Bank Transfer,Bengaluru,Android,UPI QR,2025-03-28 18:00:00,61.0,44.72,48.7,63.75,0,Success
user1666,TXN100695,1459.3,P2M,Pune,iOS,UPI QR,2025-03-28 21:00:00,4.63,73.97,6.43,22.28,0,Success
user5188,TXN100696,111.92,P2M,Jaipur,Android,UPI AutoPay,2025-03-29 00:00:00,72.77,99.42,83.01,69.02,0,Pending
user1671,TXN100697,83.06,P2M,Hyderabad,Android,UPI,2025-03-29 03:00:00,39.74,26.25,56.93,46.9,0,Success
user7777,TXN100698,77.84,Recharge,Chennai,iOS,UPI Lite,2025-03-29 06:00:00,96.35,63.41,5.53,59.11,0,Success
user8570,TXN100699,83.12,Bill Payment,Mumbai,Android,UPI Lite,2025-03-29 09:00:00,56.84,37.99,45.09,49.53,0,Failed
user8956,TXN100700,853.87,Bank Transfer,Pune,iOS,UPI AutoPay,2025-03-29 12:00:00,77.14,54.84,43.44,50.11,0,Success
user6124,TXN100701,79.96,Bill Payment,Pune,iOS,UPI QR,2025-03-29 15:00:00,86.12,87.41,14.61,63.34,0,Success
user6585,TXN100702,91.35,Bill Payment,Lucknow,Android,UPI Lite,2025-03-29 18:00:00,88.88,34.76,42.04,70.12,1,Success
user5777,TXN100703,47.45,Bank Transfer,Ahmedabad,Android,UPI Lite,2025-03-29 21:00:00,51.85,7.24,28.28,21.51,0,Success
user4900,TXN100704,220.0,P2P,Ahmedabad,Android,UPI QR,2025-03-30 00:00:00,39.67,79.89,69.99,60.91,0,Success
user7677,TXN100705,153.36,Bank Transfer,Lucknow,Android,UPI QR,2025-03-30 03:00:00,56.05,55.5,0.55,31.29,0,Success
user7981,TXN100706,52.61,P2P,Chennai,Android,UPI Lite,2025-03-30 06:00:00,40.21,44.94,10.64,23.01,0,Success
user7376,TXN100707,67.17,Shopping,Ahmedabad,Android,UPI QR,2025-03-30 09:00:00,24.07,18.33,91.86,35.28,0,Success
user1523,TXN100708,759.71,P2P,Jaipur,Web,UPI,2025-03-30 12:00:00,32.39,9.29,43.33,26.26,0,Success
user3393,TXN100709,169.48,P2M,Hyderabad,Android,UPI Lite,2025-03-30 15:00:00,23.28,27.87,17.62,20.07,0,Success
user3593,TXN100710,181.58,P2M,Mumbai,iOS,UPI QR,2025-03-30 18:00:00,26.94,71.89,79.32,50.68,0,Success
user8240,TXN100711,182.3,Bank Transfer,Mumbai,Android,UPI Lite,2025-03-30 21:00:00,9.36,41.18,85.16,52.7,0,Success
user7937,TXN100712,661.58,P2M,Delhi,Android,UPI Lite,2025-03-31 00:00:00,42.65,57.02,21.12,50.59,0,Success
user7190,TXN100713,57.67,P2M,Delhi,Android,UPI AutoPay,2025-03-31 03:00:00,23.53,8.2,71.36,29.87,0,Success
user6240,TXN100714,110.34,Shopping,Hyderabad,iOS,UPI,2025-03-31 06:00:00,44.84,12.32,61.51,35.66,0,Success
user7493,TXN100715,138.52,P2M,Kolkata,Android,UPI,2025-03-31 09:00:00,79.22,1.13,74.51,57.13,0,Success
user3878,TXN100716,29.34,Recharge,Kolkata,iOS,UPI AutoPay,2025-03-31 12:00:00,44.83,67.33,78.79,60.79,0,Success
user5143,TXN100717,65.62,Recharge,Pune,Android,UPI AutoPay,2025-03-31 15:00:00,95.46,26.45,66.09,59.86,0,Success
user4644,TXN100718,467.16,Recharge,Pune,Android,UPI Lite,2025-03-31 18:00:00,14.78,96.69,95.62,74.74,1,Success
user5432,TXN100719,350.8,P2P,Lucknow,Android,UPI,2025-03-31 21:00:00,85.03,30.85,86.42,55.28,0,Success
user2276,TXN100720,418.66,Bank Transfer,Bengaluru,Android,UPI AutoPay,2025-04-01 00:00:00,24.83,36.36,22.9,26.07,0,Success
user6811,TXN100721,91.0,Bank Transfer,Delhi,Android,UPI QR,2025-04-01 03:00:00,93.39,46.95,91.36,68.83,0,Success
user1302,TXN100722,102.96,Bill Payment,Bengaluru,iOS,UPI Lite,2025-04-01 06:00:00,22.71,31.91,35.96,30.0,0,Success
user1638,TXN100723,27.44,Shopping,Ahmedabad,iOS,UPI,2025-04-01 09:00:00,74.7,81.74,72.65,61.49,0,Success
user1055,TXN100724,416.52,Recharge,Mumbai,iOS,UPI Lite,2025-04-01 12:00:00,6.21,87.62,84.8,53.8,0,Success
user9717,TXN100725,491.1,Recharge,Pune,iOS,UPI Lite,2025-04-01 15:00:00,62.98,1.1,43.64,32.36,0,Success
user9150,TXN100726,484.89,P2M,Kolkata,Web,UPI QR,2025-04-01 18:00:00,21.87,65.47,5.15,36.81,0,Success
user3125,TXN100727,815.74,Recharge,Hyderabad,Web,UPI QR,2025-04-01 21:00:00,67.02,68.61,94.97,67.23,0,Success
user1364,TXN100728,250.16,P2M,Delhi,Android,UPI AutoPay,2025-04-02 00:00:00,63.58,96.14,7.25,49.41,0,Success
user7809,TXN100729,778.12,P2M,Mumbai,Android,UPI QR,2025-04-02 03:00:00,92.37,37.04,34.81,58.54,0,Success
user5621,TXN100730,134.23,Bill Payment,Chennai,Android,UPI,2025-04-02 06:00:00,62.67,19.53,59.64,43.76,0,Success
user6126,TXN100731,28.02,P2P,Hyderabad,Android,UPI AutoPay,2025-04-02 09:00:00,40.82,52.06,11.75,31.08,0,Failed
user6122,TXN100732,387.89,P2M,Bengaluru,Web,UPI,2025-04-02 12:00:00,19.36,44.76,83.82,40.56,0,Pending
user2646,TXN100733,27.01,P2M,Jaipur,Android,UPI,2025-04-02 15:00:00,65.75,79.17,20.34,48.52,0,Success
user1918,TXN100734,194.46,Bank Transfer,Bengaluru,Android,UPI AutoPay,2025-04-02 18:00:00,11.64,90.4,98.6,70.66,1,Success
user3797,TXN100735,426.38,Bill Payment,Delhi,Android,UPI QR,2025-04-02 21:00:00,82.85,8.67,91.64,59.21,0,Success
user7506,TXN100736,226.84,P2M,Hyderabad,Android,UPI Lite,2025-04-03 00:00:00,24.73,84.66,60.46,55.0,0,Pending
user6870,TXN100737,1600.77,Shopping,Jaipur,Android,UPI QR,2025-04-03 03:00:00,52.42,90.9,66.0,68.97,0,Success
user2531,TXN100738,22.97,P2P,Ahmedabad,Android,UPI,2025-04-03 06:00:00,59.59,92.41,53.36,63.94,0,Success
user9172,TXN100739,150.98,Shopping,Chennai,Android,UPI,2025-04-03 09:00:00,36.25,76.43,39.11,42.76,0,Success
user4345,TXN100740,166.91,Recharge,Bengaluru,Android,UPI AutoPay,2025-04-03 12:00:00,66.39,74.21,35.17,49.79,0,Pending
user8673,TXN100741,42.77,P2P,Chennai,Android,UPI,2025-04-03 15:00:00,25.02,1.49,89.17,28.62,0,Success
user7949,TXN100742,51.74,Recharge,Hyderabad,Android,UPI AutoPay,2025-04-03 18:00:00,3.46,92.02,57.66,47.96,0,Success
user7882,TXN100743,70.45,Bank Transfer,Mumbai,Android,UPI AutoPay,2025-04-03 21:00:00,95.93,35.15,82.33,61.82,0,Success
user2906,TXN100744,54.62,P2M,Hyderabad,Android,UPI QR,2025-04-04 00:00:00,32.0,4.11,51.41,34.46,0,Pending
user4086,TXN100745,147.23,Bill Payment,Kolkata,Android,UPI,2025-04-04 03:00:00,71.35,41.3,30.7,57.19,0,Failed
user9152,TXN100746,89.75,Shopping,Jaipur,iOS,UPI QR,2025-04-04 06:00:00,50.75,73.29,9.18,30.12,0,Success
user6750,TXN100747,225.41,Recharge,Mumbai,Android,UPI Lite,2025-04-04 09:00:00,66.9,44.2,32.37,56.43,0,Failed
user9905,TXN100748,314.01,P2M,Bengaluru,iOS,UPI QR,2025-04-04 12:00:00,11.09,75.8,88.01,41.49,0,Success
user2062,TXN100749,293.47,Shopping,Ahmedabad,iOS,UPI,2025-04-04 15:00:00,51.88,50.94,71.2,49.99,0,Success
user2976,TXN100750,108.84,Shopping,Chennai,iOS,UPI Lite,2025-04-04 18:00:00,39.22,29.94,78.58,43.62,0,Success
user2296,TXN100751,218.0,Bank Transfer,Hyderabad,Android,UPI,2025-04-04 21:00:00,45.18,20.29,77.34,27.08,0,Success
user7229,TXN100752,461.8,Bank Transfer,Lucknow,Android,UPI Lite,2025-04-05 00:00:00,96.62,42.11,12.0,45.57,0,Success
user8641,TXN100753,256.1,Recharge,Delhi,Android,UPI,2025-04-05 03:00:00,13.63,3.58,15.89,11.52,0,Success
user1125,TXN100754,1052.56,P2M,Bengaluru,Android,UPI QR,2025-04-05 06:00:00,75.47,42.25,31.72,40.58,0,Success
user5632,TXN100755,437.98,Bill Payment,Delhi,Web,UPI,2025-04-05 09:00:00,33.03,6.86,30.1,13.17,0,Success
user7288,TXN100756,914.53,Recharge,Mumbai,Android,UPI AutoPay,2025-04-05 12:00:00,29.04,87.7,6.61,52.94,0,Pending
user4596,TXN100757,13.57,Shopping,Kolkata,Web,UPI AutoPay,2025-04-05 15:00:00,27.08,57.55,15.35,31.54,0,Success
user7168,TXN100758,180.67,Shopping,Bengaluru,iOS,UPI QR,2025-04-05 18:00:00,34.88,64.6,85.62,60.43,0,Success
user8561,TXN100759,118.64,P2P,Kolkata,Android,UPI QR,2025-04-05 21:00:00,35.71,28.89,58.9,49.63,0,Success
user9258,TXN100760,144.75,P2M,Kolkata,iOS,UPI Lite,2025-04-06 00:00:00,27.07,22.58,34.23,30.79,0,Failed
user1232,TXN100761,73.34,P2P,Ahmedabad,Android,UPI QR,2025-04-06 03:00:00,66.75,70.79,52.65,54.41,0,Success
user7371,TXN100762,243.76,Bank Transfer,Mumbai,Android,UPI AutoPay,2025-04-06 06:00:00,4.77,67.16,26.13,24.68,0,Success
user5206,TXN100763,26.89,Bill Payment,Hyderabad,Android,UPI QR,2025-04-06 09:00:00,33.23,12.27,58.38,33.71,0,Success
user8943,TXN100764,245.53,Recharge,Lucknow,Web,UPI AutoPay,2025-04-06 12:00:00,28.02,23.86,7.46,24.19,0,Success
user7891,TXN100765,75.81,Shopping,Jaipur,Android,UPI QR,2025-04-06 15:00:00,75.14,94.66,90.27,79.27,1,Failed
user7738,TXN100766,99.45,P2M,Kolkata,iOS,UPI AutoPay,2025-04-06 18:00:00,14.65,30.42,24.04,25.85,0,Success
user3472,TXN100767,254.3,Shopping,Mumbai,Android,UPI Lite,2025-04-06 21:00:00,94.07,2.58,81.91,53.87,0,Success
user3739,TXN100768,177.47,Bank Transfer,Ahmedabad,Android,UPI,2025-04-07 00:00:00,17.05,6.38,66.0,24.84,0,Success
user6401,TXN100769,470.56,P2P,Bengaluru,Android,UPI,2025-04-07 03:00:00,37.0,77.55,52.3,47.28,0,Success
user2761,TXN100770,62.21,P2P,Pune,Android,UPI AutoPay,2025-04-07 06:00:00,19.97,75.72,92.98,47.02,0,Success
user1876,TXN100771,151.3,Recharge,Pune,Android,UPI QR,2025-04-07 09:00:00,28.67,38.18,15.68,19.5,0,Success
user4812,TXN100772,398.92,P2M,Lucknow,Android,UPI QR,2025-04-07 12:00:00,76.1,15.32,11.93,32.44,0,Pending
user2460,TXN100773,235.38,Bank Transfer,Ahmedabad,iOS,UPI,2025-04-07 15:00:00,47.64,49.81,32.19,45.29,0,Success
user2733,TXN100774,251.04,P2M,Mumbai,Android,UPI AutoPay,2025-04-07 18:00:00,16.26,33.19,83.02,37.15,0,Success
user2605,TXN100775,496.73,Recharge,Ahmedabad,Web,UPI QR,2025-04-07 21:00:00,4.66,37.4,3.52,11.79,0,Success
user6622,TXN100776,109.26,Bank Transfer,Jaipur,Android,UPI,2025-04-08 00:00:00,22.99,26.1,23.94,20.27,0,Success
user7767,TXN100777,88.51,Bank Transfer,Jaipur,Android,UPI AutoPay,2025-04-08 03:00:00,94.56,6.29,42.47,33.08,0,Success
user7986,TXN100778,291.75,P2P,Hyderabad,Android,UPI Lite,2025-04-08 06:00:00,84.53,79.12,71.29,68.01,0,Success
user4517,TXN100779,141.26,P2P,Pune,Android,UPI QR,2025-04-08 09:00:00,44.02,61.82,29.93,47.04,0,Success
user4735,TXN100780,503.81,P2P,Pune,Web,UPI QR,2025-04-08 12:00:00,48.2,83.46,44.81,46.03,0,Success
user9434,TXN100781,237.41,Shopping,Jaipur,iOS,UPI AutoPay,2025-04-08 15:00:00,89.94,50.32,33.69,44.53,0,Success
user3590,TXN100782,87.94,Bill Payment,Ahmedabad,iOS,UPI,2025-04-08 18:00:00,59.13,98.5,9.21,44.13,0,Failed
user2063,TXN100783,230.07,P2P,Lucknow,iOS,UPI AutoPay,2025-04-08 21:00:00,88.08,96.25,73.87,75.18,1,Success
user5324,TXN100784,66.51,Bill Payment,Lucknow,iOS,UPI,2025-04-09 00:00:00,49.18,27.18,46.14,36.59,0,Success
user6342,TXN100785,422.81,Bill Payment,Kolkata,Android,UPI AutoPay,2025-04-09 03:00:00,20.01,38.7,81.25,41.4,0,Success
user1005,TXN100786,40.56,P2M,Bengaluru,iOS,UPI Lite,2025-04-09 06:00:00,72.59,75.27,69.47,70.37,1,Success
user8489,TXN100787,556.72,Recharge,Pune,Android,UPI QR,2025-04-09 09:00:00,52.64,77.66,5.78,42.57,0,Success
user9659,TXN100788,226.08,Shopping,Jaipur,Android,UPI,2025-04-09 12:00:00,66.84,91.07,50.01,68.77,0,Success
user9195,TXN100789,139.13,Bill Payment,Ahmedabad,iOS,UPI Lite,2025-04-09 15:00:00,15.72,65.26,99.09,41.77,0,Success
user6966,TXN100790,351.9,Shopping,Mumbai,Android,UPI AutoPay,2025-04-09 18:00:00,64.76,47.51,30.79,53.73,0,Success
user9837,TXN100791,273.51,P2M,Bengaluru,iOS,UPI,2025-04-09 21:00:00,38.23,37.77,49.3,40.1,0,Success
user1117,TXN100792,620.41,P2P,Lucknow,Android,UPI,2025-04-10 00:00:00,33.2,41.92,65.2,27.69,0,Success
user3551,TXN100793,614.66,Bank Transfer,Delhi,iOS,UPI Lite,2025-04-10 03:00:00,67.15,85.04,20.23,56.05,0,Success
user6560,TXN100794,233.29,Bill Payment,Delhi,Android,UPI AutoPay,2025-04-10 06:00:00,59.22,98.0,70.25,84.38,1,Success
user5289,TXN100795,68.6,Recharge,Ahmedabad,Android,UPI Lite,2025-04-10 09:00:00,64.91,5.19,65.98,55.26,0,Success
user1846,TXN100796,95.44,Bank Transfer,Chennai,Android,UPI AutoPay,2025-04-10 12:00:00,96.53,58.02,37.5,60.63,0,Success
user7316,TXN100797,152.68,P2M,Chennai,iOS,UPI Lite,2025-04-10 15:00:00,70.12,52.01,28.44,51.74,0,Success
user7469,TXN100798,483.82,Shopping,Pune,Android,UPI Lite,2025-04-10 18:00:00,64.09,37.61,91.91,49.88,0,Success
user9915,TXN100799,103.92,P2P,Mumbai,Android,UPI Lite,2025-04-10 21:00:00,61.36,85.16,12.7,41.46,0,Success
user1224,TXN100800,112.96,Shopping,Kolkata,Android,UPI Lite,2025-04-11 00:00:00,39.87,57.57,43.2,40.93,0,Success
user5208,TXN100801,1041.43,Recharge,Ahmedabad,Android,UPI AutoPay,2025-04-11 03:00:00,83.92,31.31,76.7,56.61,0,Success
user7283,TXN100802,147.78,Bill Payment,Delhi,Web,UPI QR,2025-04-11 06:00:00,38.09,44.41,14.81,31.69,0,Failed
user3048,TXN100803,86.94,Recharge,Delhi,Android,UPI Lite,2025-04-11 09:00:00,70.02,35.68,93.29,63.11,0,Success
user7233,TXN100804,356.61,Shopping,Mumbai,Android,UPI AutoPay,2025-04-11 12:00:00,29.31,43.01,52.63,41.17,0,Success
user2828,TXN100805,155.07,Shopping,Pune,Android,UPI QR,2025-04-11 15:00:00,14.78,7.13,50.48,27.38,0,Success
user2917,TXN100806,40.87,Bank Transfer,Chennai,Android,UPI,2025-04-11 18:00:00,12.98,11.19,42.43,22.14,0,Success
user5234,TXN100807,464.48,Recharge,Hyderabad,Android,UPI,2025-04-11 21:00:00,63.46,62.37,86.75,71.44,1,Success
user7988,TXN100808,77.71,Recharge,Pune,iOS,UPI Lite,2025-04-12 00:00:00,32.8,68.41,94.84,63.07,0,Success
user3026,TXN100809,171.33,Recharge,Pune,Web,UPI,2025-04-12 03:00:00,27.5,63.66,38.01,37.22,0,Success
user4744,TXN100810,153.22,P2P,Lucknow,Android,UPI Lite,2025-04-12 06:00:00,59.21,76.31,54.24,43.16,0,Success
user1009,TXN100811,206.46,Shopping,Kolkata,Android,UPI Lite,2025-04-12 09:00:00,2.57,94.35,31.54,28.95,0,Success
user1260,TXN100812,18.34,P2M,Kolkata,Web,UPI QR,2025-04-12 12:00:00,24.62,86.06,36.8,47.8,0,Success
user7038,TXN100813,117.32,P2P,Delhi,Android,UPI,2025-04-12 15:00:00,34.05,41.85,2.83,26.59,0,Success
user3219,TXN100814,505.14,P2P,Kolkata,Android,UPI Lite,2025-04-12 18:00:00,70.84,21.75,78.59,66.28,0,Success
user8041,TXN100815,581.4,P2P,Delhi,Android,UPI,2025-04-12 21:00:00,54.5,31.19,96.93,42.8,0,Success
user3060,TXN100816,60.87,Bank Transfer,Pune,Android,UPI QR,2025-04-13 00:00:00,85.6,58.77,76.95,73.19,1,Failed
user6287,TXN100817,411.82,P2M,Mumbai,iOS,UPI,2025-04-13 03:00:00,33.45,85.62,51.82,51.06,0,Success
user2619,TXN100818,76.6,Recharge,Hyderabad,Web,UPI QR,2025-04-13 06:00:00,29.64,70.17,82.75,46.63,0,Success
user9512,TXN100819,112.78,Bank Transfer,Mumbai,Android,UPI QR,2025-04-13 09:00:00,3.32,54.3,85.79,51.52,0,Success
user2342,TXN100820,118.87,Shopping,Pune,iOS,UPI QR,2025-04-13 12:00:00,95.17,60.19,54.45,57.56,0,Success
user3832,TXN100821,182.88,Bill Payment,Jaipur,Android,UPI Lite,2025-04-13 15:00:00,50.15,52.83,93.72,59.58,0,Success
user3824,TXN100822,446.47,Bank Transfer,Ahmedabad,Android,UPI AutoPay,2025-04-13 18:00:00,50.25,97.16,3.02,57.13,0,Success
user2994,TXN100823,213.7,Bill Payment,Chennai,Android,UPI Lite,2025-04-13 21:00:00,92.34,81.61,1.01,51.63,0,Pending
user4490,TXN100824,144.59,Shopping,Ahmedabad,iOS,UPI,2025-04-14 00:00:00,28.99,78.13,8.15,23.07,0,Success
user8984,TXN100825,431.52,P2M,Hyderabad,Android,UPI Lite,2025-04-14 03:00:00,33.21,51.73,5.79,33.77,0,Success
user2604,TXN100826,73.5,Bill Payment,Kolkata,Android,UPI Lite,2025-04-14 06:00:00,65.63,33.18,42.46,51.66,0,Success
user1235,TXN100827,151.83,P2P,Ahmedabad,Web,UPI AutoPay,2025-04-14 09:00:00,78.52,1.95,94.03,48.33,0,Pending
user2908,TXN100828,443.98,Bank Transfer,Kolkata,iOS,UPI,2025-04-14 12:00:00,69.93,4.34,67.52,32.51,0,Failed
user9567,TXN100829,278.47,Bill Payment,Pune,Web,UPI QR,2025-04-14 15:00:00,78.87,3.02,65.95,47.28,0,Pending
user4530,TXN100830,102.89,Shopping,Hyderabad,Android,UPI QR,2025-04-14 18:00:00,57.51,98.05,38.49,57.31,0,Success
user6256,TXN100831,36.13,P2P,Lucknow,iOS,UPI,2025-04-14 21:00:00,86.28,11.45,53.38,34.02,0,Success
user3635,TXN100832,223.82,Bill Payment,Chennai,Android,UPI Lite,2025-04-15 00:00:00,55.01,14.21,30.42,35.63,0,Success
user9162,TXN100833,33.83,Shopping,Chennai,Web,UPI AutoPay,2025-04-15 03:00:00,22.93,48.41,51.78,30.56,0,Success
user3560,TXN100834,132.62,P2M,Jaipur,Web,UPI AutoPay,2025-04-15 06:00:00,54.17,48.14,74.67,56.62,0,Success
user6415,TXN100835,533.23,Shopping,Lucknow,Web,UPI,2025-04-15 09:00:00,71.29,92.0,55.87,83.69,1,Success
user4391,TXN100836,297.9,P2M,Delhi,Web,UPI,2025-04-15 12:00:00,65.36,7.35,41.89,35.93,0,Success
user6951,TXN100837,21.68,P2P,Chennai,Android,UPI Lite,2025-04-15 15:00:00,24.3,95.72,84.49,58.97,0,Success
user6468,TXN100838,200.43,Shopping,Bengaluru,iOS,UPI AutoPay,2025-04-15 18:00:00,4.11,21.64,28.74,16.35,0,Success
user9007,TXN100839,119.2,Recharge,Delhi,Android,UPI,2025-04-15 21:00:00,25.25,97.02,48.15,49.5,0,Success
user7413,TXN100840,45.89,Bank Transfer,Chennai,iOS,UPI Lite,2025-04-16 00:00:00,98.4,54.13,97.81,67.07,0,Success
user7941,TXN100841,229.3,Recharge,Pune,Web,UPI Lite,2025-04-16 03:00:00,18.45,65.2,96.73,52.83,0,Success
user5820,TXN100842,100.31,Recharge,Hyderabad,Android,UPI,2025-04-16 06:00:00,46.44,31.57,0.63,22.13,0,Success
user3898,TXN100843,100.93,Recharge,Hyderabad,Android,UPI AutoPay,2025-04-16 09:00:00,63.83,61.18,53.22,51.07,0,Success
user8546,TXN100844,185.68,Bank Transfer,Bengaluru,iOS,UPI QR,2025-04-16 12:00:00,87.95,71.08,33.69,55.76,0,Success
user1077,TXN100845,87.72,Recharge,Pune,Android,UPI Lite,2025-04-16 15:00:00,76.03,1.04,29.12,37.56,0,Success
user8577,TXN100846,180.5,P2M,Bengaluru,Android,UPI QR,2025-04-16 18:00:00,90.9,3.42,59.63,42.63,0,Success
user5227,TXN100847,90.62,Shopping,Kolkata,Android,UPI Lite,2025-04-16 21:00:00,60.44,98.65,44.63,64.76,0,Success
user1600,TXN100848,95.73,P2P,Mumbai,Android,UPI AutoPay,2025-04-17 00:00:00,86.53,45.76,73.28,65.98,0,Success
user2065,TXN100849,442.72,Recharge,Chennai,iOS,UPI QR,2025-04-17 03:00:00,26.38,93.58,2.71,39.31,0,Success
user3136,TXN100850,490.13,Recharge,Pune,Android,UPI,2025-04-17 06:00:00,43.06,72.99,92.69,51.26,0,Success
user7943,TXN100851,29.71,P2P,Mumbai,Android,UPI Lite,2025-04-17 09:00:00,84.38,37.3,56.76,50.74,0,Failed
user8804,TXN100852,346.22,P2P,Mumbai,Web,UPI,2025-04-17 12:00:00,32.56,15.08,68.41,33.11,0,Success
user7565,TXN100853,664.21,Recharge,Hyderabad,iOS,UPI,2025-04-17 15:00:00,87.12,97.82,60.46,67.06,0,Success
user6984,TXN100854,778.51,P2M,Hyderabad,Android,UPI AutoPay,2025-04-17 18:00:00,36.31,58.45,98.91,58.72,0,Success
user6142,TXN100855,275.99,P2P,Lucknow,Android,UPI,2025-04-17 21:00:00,36.34,19.24,98.63,53.75,0,Success
user5670,TXN100856,56.97,Shopping,Kolkata,iOS,UPI Lite,2025-04-18 00:00:00,30.9,68.17,60.99,50.16,0,Success
user3190,TXN100857,307.96,Shopping,Pune,Android,UPI,2025-04-18 03:00:00,54.69,9.2,68.4,30.97,0,Success
user3712,TXN100858,68.77,P2M,Jaipur,iOS,UPI,2025-04-18 06:00:00,12.91,86.8,61.86,63.15,0,Success
user3192,TXN100859,116.4,Bank Transfer,Pune,iOS,UPI Lite,2025-04-18 09:00:00,3.66,9.01,31.07,8.32,0,Success
user2248,TXN100860,240.59,Bill Payment,Kolkata,Android,UPI,2025-04-18 12:00:00,89.74,23.62,19.26,45.56,0,Success
user5033,TXN100861,73.35,P2M,Hyderabad,Web,UPI AutoPay,2025-04-18 15:00:00,92.89,9.14,40.28,40.71,0,Success
user2997,TXN100862,52.12,Recharge,Hyderabad,Android,UPI Lite,2025-04-18 18:00:00,7.62,10.38,68.28,24.43,0,Success
user4687,TXN100863,261.33,Bill Payment,Chennai,Android,UPI AutoPay,2025-04-18 21:00:00,54.97,52.38,5.6,46.54,0,Success
user5018,TXN100864,1061.27,Recharge,Ahmedabad,Web,UPI,2025-04-19 00:00:00,53.97,68.7,51.43,46.98,0,Success
user2970,TXN100865,568.63,Shopping,Hyderabad,Android,UPI QR,2025-04-19 03:00:00,37.24,78.85,40.84,44.75,0,Failed
user9389,TXN100866,332.68,P2P,Bengaluru,iOS,UPI AutoPay,2025-04-19 06:00:00,56.89,69.51,52.75,55.78,0,Success
user6765,TXN100867,436.67,Recharge,Chennai,iOS,UPI AutoPay,2025-04-19 09:00:00,45.81,36.35,86.02,37.23,0,Success
user2202,TXN100868,310.36,Shopping,Delhi,Android,UPI,2025-04-19 12:00:00,48.96,55.73,4.76,41.43,0,Success
user9135,TXN100869,257.21,P2M,Ahmedabad,Web,UPI QR,2025-04-19 15:00:00,75.53,92.77,76.36,68.8,0,Success
user6567,TXN100870,402.87,Recharge,Ahmedabad,Android,UPI Lite,2025-04-19 18:00:00,52.6,38.76,66.69,47.86,0,Success
user8667,TXN100871,41.75,Shopping,Bengaluru,Android,UPI QR,2025-04-19 21:00:00,32.37,25.24,20.38,16.36,0,Success
user6742,TXN100872,200.23,P2P,Ahmedabad,Web,UPI Lite,2025-04-20 00:00:00,58.15,51.93,73.42,46.7,0,Success
user6788,TXN100873,151.27,Recharge,Jaipur,Android,UPI,2025-04-20 03:00:00,64.08,29.73,49.64,43.97,0,Success
user6408,TXN100874,177.49,Bank Transfer,Hyderabad,iOS,UPI QR,2025-04-20 06:00:00,66.23,26.18,48.1,54.32,0,Success
user9669,TXN100875,103.4,Shopping,Hyderabad,iOS,UPI,2025-04-20 09:00:00,61.83,77.88,48.31,50.6,0,Success
user1922,TXN100876,276.02,Recharge,Chennai,Android,UPI AutoPay,2025-04-20 12:00:00,66.46,89.08,94.92,80.67,1,Success
user1419,TXN100877,72.39,P2P,Kolkata,Android,UPI QR,2025-04-20 15:00:00,31.01,50.23,94.44,58.85,0,Success
user3204,TXN100878,96.17,Recharge,Bengaluru,Android,UPI Lite,2025-04-20 18:00:00,44.61,77.98,91.36,68.88,0,Success
user2120,TXN100879,85.3,Recharge,Hyderabad,iOS,UPI AutoPay,2025-04-20 21:00:00,66.87,18.71,88.67,50.16,0,Success
user1950,TXN100880,389.14,Bank Transfer,Mumbai,Android,UPI Lite,2025-04-21 00:00:00,75.44,54.76,3.76,46.21,0,Success
user3336,TXN100881,162.11,Shopping,Lucknow,Android,UPI AutoPay,2025-04-21 03:00:00,43.41,63.62,40.06,55.32,0,Success
user6373,TXN100882,103.46,Bill Payment,Hyderabad,Android,UPI Lite,2025-04-21 06:00:00,36.53,49.07,89.49,56.73,0,Success
user3243,TXN100883,112.91,Recharge,Pune,Android,UPI Lite,2025-04-21 09:00:00,71.59,11.69,75.51,47.81,0,Success
user3645,TXN100884,164.66,Bill Payment,Mumbai,iOS,UPI,2025-04-21 12:00:00,22.22,73.41,45.67,33.34,0,Success
user5612,TXN100885,830.62,P2M,Kolkata,Web,UPI AutoPay,2025-04-21 15:00:00,0.95,83.91,77.33,59.35,0,Success
user2865,TXN100886,47.63,Recharge,Mumbai,Android,UPI,2025-04-21 18:00:00,47.12,63.52,20.82,41.67,0,Success
user7028,TXN100887,322.31,Bill Payment,Ahmedabad,Android,UPI,2025-04-21 21:00:00,17.34,16.92,59.98,22.96,0,Success
user8326,TXN100888,262.92,P2M,Lucknow,iOS,UPI,2025-04-22 00:00:00,37.83,7.46,53.3,33.02,0,Success
user7371,TXN100889,67.83,Bank Transfer,Delhi,Android,UPI,2025-04-22 03:00:00,29.12,30.16,57.35,18.97,0,Success
user7359,TXN100890,711.14,Shopping,Lucknow,Web,UPI Lite,2025-04-22 06:00:00,77.73,3.7,72.18,52.64,0,Success
user8863,TXN100891,281.26,Recharge,Hyderabad,Android,UPI,2025-04-22 09:00:00,33.14,83.92,94.98,65.34,0,Pending
user4228,TXN100892,98.72,Shopping,Chennai,Android,UPI,2025-04-22 12:00:00,64.07,70.31,26.4,52.77,0,Success
user4719,TXN100893,25.55,P2M,Jaipur,Web,UPI,2025-04-22 15:00:00,67.39,56.37,75.81,66.08,0,Success
user3371,TXN100894,206.26,Shopping,Kolkata,Android,UPI Lite,2025-04-22 18:00:00,45.65,88.96,64.51,61.18,0,Success
user3891,TXN100895,156.84,Shopping,Chennai,Android,UPI AutoPay,2025-04-22 21:00:00,8.11,11.01,69.51,28.02,0,Success
user4756,TXN100896,58.52,P2P,Hyderabad,Android,UPI Lite,2025-04-23 00:00:00,70.04,71.45,42.89,61.56,0,Success
user5225,TXN100897,57.77,P2M,Chennai,Web,UPI Lite,2025-04-23 03:00:00,7.52,14.66,94.46,38.06,0,Success
user1094,TXN100898,390.92,Shopping,Pune,iOS,UPI Lite,2025-04-23 06:00:00,9.92,6.09,47.97,15.78,0,Success
user3674,TXN100899,23.2,Bill Payment,Mumbai,Android,UPI AutoPay,2025-04-23 09:00:00,19.6,13.29,12.16,17.01,0,Success
user7898,TXN100900,224.59,P2M,Jaipur,iOS,UPI,2025-04-23 12:00:00,28.04,95.09,68.07,52.58,0,Success
user1793,TXN100901,135.99,P2P,Hyderabad,Android,UPI,2025-04-23 15:00:00,84.65,44.04,12.89,48.52,0,Failed
user3116,TXN100902,269.66,Recharge,Ahmedabad,Android,UPI AutoPay,2025-04-23 18:00:00,67.49,4.9,32.27,33.57,0,Success
user6779,TXN100903,122.2,Bank Transfer,Kolkata,iOS,UPI AutoPay,2025-04-23 21:00:00,38.72,58.36,22.8,30.7,0,Pending
user7166,TXN100904,219.92,Shopping,Ahmedabad,iOS,UPI QR,2025-04-24 00:00:00,97.86,19.97,53.89,58.1,0,Failed
user1814,TXN100905,78.04,Bill Payment,Mumbai,Android,UPI,2025-04-24 03:00:00,24.36,0.68,34.75,5.13,0,Success
user1345,TXN100906,156.15,P2P,Jaipur,Android,UPI Lite,2025-04-24 06:00:00,60.98,75.84,15.99,40.73,0,Failed
user9554,TXN100907,267.49,P2M,Mumbai,Android,UPI Lite,2025-04-24 09:00:00,84.72,15.49,79.08,59.59,0,Success
user3443,TXN100908,190.73,Bank Transfer,Bengaluru,iOS,UPI,2025-04-24 12:00:00,80.2,94.25,46.85,63.78,0,Success
user8783,TXN100909,239.92,Bank Transfer,Ahmedabad,iOS,UPI AutoPay,2025-04-24 15:00:00,9.03,59.28,45.44,36.5,0,Failed
user1984,TXN100910,64.85,Shopping,Mumbai,iOS,UPI QR,2025-04-24 18:00:00,69.73,8.7,88.64,65.38,0,Success
user8790,TXN100911,90.86,P2P,Mumbai,iOS,UPI Lite,2025-04-24 21:00:00,25.79,21.78,53.88,14.6,0,Success
user1827,TXN100912,92.45,P2P,Chennai,iOS,UPI QR,2025-04-25 00:00:00,35.57,61.08,70.99,50.74,0,Success
user4531,TXN100913,124.4,Bill Payment,Hyderabad,iOS,UPI Lite,2025-04-25 03:00:00,48.9,33.81,32.81,48.64,0,Success
user8147,TXN100914,638.16,Recharge,Chennai,Android,UPI Lite,2025-04-25 06:00:00,79.08,53.21,56.13,60.7,0,Success
user5451,TXN100915,115.1,Recharge,Bengaluru,Android,UPI,2025-04-25 09:00:00,16.62,79.95,72.64,48.24,0,Success
user4876,TXN100916,52.27,Recharge,Lucknow,Android,UPI Lite,2025-04-25 12:00:00,10.86,79.26,29.65,32.29,0,Success
user6959,TXN100917,281.93,Bank Transfer,Lucknow,Android,UPI QR,2025-04-25 15:00:00,15.34,69.8,68.85,38.53,0,Success
user1126,TXN100918,630.58,Bank Transfer,Chennai,iOS,UPI QR,2025-04-25 18:00:00,21.82,88.61,56.88,35.23,0,Success
user4177,TXN100919,46.47,P2M,Delhi,Web,UPI,2025-04-25 21:00:00,5.95,19.94,43.42,15.68,0,Failed
user9795,TXN100920,1179.46,Bank Transfer,Ahmedabad,Android,UPI Lite,2025-04-26 00:00:00,92.64,17.72,71.3,58.34,0,Success
user7024,TXN100921,248.43,Bank Transfer,Chennai,Web,UPI QR,2025-04-26 03:00:00,31.91,79.93,31.69,44.63,0,Success
user6109,TXN100922,461.23,P2P,Pune,Android,UPI AutoPay,2025-04-26 06:00:00,17.7,32.09,71.45,41.11,0,Success
user5146,TXN100923,711.28,P2M,Pune,Android,UPI,2025-04-26 09:00:00,63.78,51.22,55.11,59.01,0,Success
user8196,TXN100924,433.81,P2P,Kolkata,Android,UPI AutoPay,2025-04-26 12:00:00,78.7,74.4,24.56,58.41,0,Success
user4368,TXN100925,146.86,Bill Payment,Bengaluru,Android,UPI QR,2025-04-26 15:00:00,75.32,39.59,66.83,57.54,0,Success
user4797,TXN100926,554.3,Bill Payment,Bengaluru,Android,UPI AutoPay,2025-04-26 18:00:00,71.87,13.02,88.48,51.88,0,Pending
user2792,TXN100927,211.58,P2M,Chennai,Android,UPI,2025-04-26 21:00:00,5.05,67.95,31.0,25.04,0,Failed
user6732,TXN100928,488.08,P2M,Jaipur,Web,UPI AutoPay,2025-04-27 00:00:00,78.22,81.72,81.23,79.74,1,Success
user4476,TXN100929,544.5,Bank Transfer,Mumbai,Android,UPI QR,2025-04-27 03:00:00,50.19,1.28,33.61,26.31,0,Success
user4417,TXN100930,55.1,Bill Payment,Hyderabad,Android,UPI AutoPay,2025-04-27 06:00:00,64.91,56.26,82.11,62.09,0,Success
user2645,TXN100931,362.96,Shopping,Mumbai,Android,UPI AutoPay,2025-04-27 09:00:00,95.64,46.94,5.12,67.65,0,Failed
user4030,TXN100932,136.74,Recharge,Mumbai,Web,UPI AutoPay,2025-04-27 12:00:00,81.07,25.96,0.72,43.0,0,Success
user3872,TXN100933,188.33,Bank Transfer,Bengaluru,Android,UPI Lite,2025-04-27 15:00:00,82.54,16.1,11.33,35.49,0,Success
user4072,TXN100934,186.25,Recharge,Bengaluru,Web,UPI QR,2025-04-27 18:00:00,18.15,18.8,87.39,23.55,0,Success
user2854,TXN100935,178.93,Bill Payment,Pune,Android,UPI AutoPay,2025-04-27 21:00:00,47.64,72.5,53.37,59.9,0,Pending
user5021,TXN100936,752.59,Recharge,Bengaluru,Android,UPI QR,2025-04-28 00:00:00,94.93,53.62,59.41,45.21,0,Success
user5662,TXN100937,41.83,Shopping,Chennai,iOS,UPI AutoPay,2025-04-28 03:00:00,58.27,98.12,84.22,68.02,0,Success
user7514,TXN100938,29.3,Shopping,Pune,Android,UPI,2025-04-28 06:00:00,10.26,24.32,5.06,0.0,0,Success
user6031,TXN100939,23.73,P2P,Ahmedabad,iOS,UPI,2025-04-28 09:00:00,73.18,95.69,38.71,60.63,0,Success
user3708,TXN100940,477.78,P2M,Mumbai,Android,UPI,2025-04-28 12:00:00,4.29,51.51,64.31,30.49,0,Pending
user8112,TXN100941,75.68,Recharge,Ahmedabad,iOS,UPI AutoPay,2025-04-28 15:00:00,74.23,14.6,40.47,41.67,0,Success
user9393,TXN100942,187.2,Shopping,Mumbai,iOS,UPI QR,2025-04-28 18:00:00,87.98,14.82,3.21,34.96,0,Failed
user4507,TXN100943,146.24,P2M,Mumbai,Android,UPI,2025-04-28 21:00:00,42.53,60.86,65.09,56.34,0,Success
user7456,TXN100944,67.6,P2M,Kolkata,Android,UPI Lite,2025-04-29 00:00:00,41.36,83.14,39.14,53.82,0,Success
user5212,TXN100945,384.32,P2P,Mumbai,Android,UPI,2025-04-29 03:00:00,30.42,74.77,1.92,40.2,0,Failed
user8970,TXN100946,144.39,P2M,Jaipur,Android,UPI,2025-04-29 06:00:00,87.69,65.56,17.05,45.03,0,Success
user9766,TXN100947,129.32,P2M,Ahmedabad,iOS,UPI Lite,2025-04-29 09:00:00,54.78,17.21,21.76,29.11,0,Success
user1536,TXN100948,207.03,Bank Transfer,Mumbai,Android,UPI,2025-04-29 12:00:00,57.93,10.83,51.06,41.09,0,Success
user2625,TXN100949,337.23,Bill Payment,Delhi,Android,UPI AutoPay,2025-04-29 15:00:00,66.17,0.02,18.64,29.11,0,Success
user8973,TXN100950,62.87,P2P,Delhi,Android,UPI AutoPay,2025-04-29 18:00:00,30.02,10.18,36.13,18.61,0,Success
user9577,TXN100951,392.65,P2P,Delhi,Android,UPI,2025-04-29 21:00:00,43.28,76.64,75.07,52.41,0,Success
user9070,TXN100952,699.14,Recharge,Chennai,Android,UPI QR,2025-04-30 00:00:00,74.16,89.52,80.77,87.36,1,Success
user9666,TXN100953,39.4,P2M,Pune,Android,UPI QR,2025-04-30 03:00:00,98.55,24.04,79.54,64.96,0,Success
user9609,TXN100954,216.65,Recharge,Ahmedabad,iOS,UPI,2025-04-30 06:00:00,3.43,79.49,69.51,28.11,0,Success
user7490,TXN100955,120.91,Bank Transfer,Mumbai,Android,UPI Lite,2025-04-30 09:00:00,4.26,19.88,54.18,12.49,0,Success
user4600,TXN100956,330.05,Shopping,Lucknow,Web,UPI AutoPay,2025-04-30 12:00:00,42.81,24.93,55.06,22.21,0,Success
user7783,TXN100957,48.59,P2M,Pune,Android,UPI AutoPay,2025-04-30 15:00:00,65.96,22.42,95.34,44.0,0,Success
user5971,TXN100958,836.26,Shopping,Lucknow,iOS,UPI AutoPay,2025-04-30 18:00:00,38.64,5.17,87.79,30.46,0,Success
user2205,TXN100959,32.86,Bill Payment,Hyderabad,iOS,UPI,2025-04-30 21:00:00,99.96,19.41,64.98,65.65,0,Success
user2990,TXN100960,128.47,Bank Transfer,Jaipur,Android,UPI AutoPay,2025-05-01 00:00:00,19.54,37.35,46.85,33.75,0,Success
user6299,TXN100961,253.23,P2M,Hyderabad,iOS,UPI,2025-05-01 03:00:00,0.79,40.55,72.91,25.22,0,Success
user4572,TXN100962,82.57,Recharge,Bengaluru,iOS,UPI,2025-05-01 06:00:00,19.01,30.95,6.27,12.12,0,Success
user6975,TXN100963,70.57,Recharge,Pune,Android,UPI QR,2025-05-01 09:00:00,88.68,51.47,94.46,65.99,0,Success
user7320,TXN100964,204.84,P2M,Lucknow,iOS,UPI Lite,2025-05-01 12:00:00,14.51,37.8,54.76,24.26,0,Success
user5380,TXN100965,177.29,Recharge,Kolkata,Android,UPI Lite,2025-05-01 15:00:00,47.9,97.04,50.28,56.82,0,Success
user5757,TXN100966,165.0,P2M,Mumbai,Android,UPI Lite,2025-05-01 18:00:00,41.93,80.74,29.08,40.66,0,Failed
user3713,TXN100967,387.1,P2P,Chennai,Android,UPI AutoPay,2025-05-01 21:00:00,66.57,93.1,0.34,50.39,0,Success
user6588,TXN100968,110.56,Recharge,Ahmedabad,iOS,UPI QR,2025-05-02 00:00:00,5.46,55.74,6.12,11.18,0,Success
user1966,TXN100969,225.79,P2M,Mumbai,Android,UPI QR,2025-05-02 03:00:00,65.88,67.83,26.3,49.96,0,Failed
user5944,TXN100970,98.83,P2M,Ahmedabad,Android,UPI,2025-05-02 06:00:00,35.48,16.67,54.15,32.7,0,Failed
user4432,TXN100971,70.15,Recharge,Kolkata,Android,UPI QR,2025-05-02 09:00:00,92.6,75.28,8.36,50.0,0,Success
user1688,TXN100972,123.38,P2P,Mumbai,iOS,UPI,2025-05-02 12:00:00,84.89,23.6,97.21,56.36,0,Success
user5243,TXN100973,99.61,Recharge,Jaipur,iOS,UPI QR,2025-05-02 15:00:00,39.95,14.58,41.1,27.51,0,Success
user4701,TXN100974,104.71,P2M,Bengaluru,Android,UPI,2025-05-02 18:00:00,99.29,4.19,31.63,50.19,0,Failed
user9533,TXN100975,526.01,P2P,Delhi,iOS,UPI AutoPay,2025-05-02 21:00:00,5.19,47.22,52.52,38.13,0,Success
user6182,TXN100976,127.22,Shopping,Kolkata,Android,UPI QR,2025-05-03 00:00:00,78.86,28.68,6.5,37.37,0,Success
user7704,TXN100977,84.53,Bill Payment,Bengaluru,Android,UPI Lite,2025-05-03 03:00:00,43.38,98.67,85.05,68.2,0,Success
user5422,TXN100978,168.69,Recharge,Mumbai,Android,UPI,2025-05-03 06:00:00,43.33,24.98,46.03,33.48,0,Success
user2759,TXN100979,182.04,Bank Transfer,Lucknow,iOS,UPI QR,2025-05-03 09:00:00,17.01,86.65,17.83,45.3,0,Success
user3482,TXN100980,50.05,P2M,Bengaluru,iOS,UPI QR,2025-05-03 12:00:00,51.49,31.64,16.17,43.32,0,Success
user9058,TXN100981,121.7,P2P,Chennai,Android,UPI,2025-05-03 15:00:00,8.47,74.91,36.1,40.39,0,Success
user1951,TXN100982,116.9,P2P,Bengaluru,Android,UPI QR,2025-05-03 18:00:00,61.66,65.98,57.34,58.99,0,Success
user9914,TXN100983,138.08,Shopping,Hyderabad,Android,UPI Lite,2025-05-03 21:00:00,24.16,56.18,41.69,39.11,0,Success
user3079,TXN100984,338.84,Recharge,Jaipur,Android,UPI,2025-05-04 00:00:00,72.49,41.68,59.68,54.4,0,Success
user3717,TXN100985,188.04,Bank Transfer,Kolkata,Web,UPI,2025-05-04 03:00:00,60.74,67.11,70.55,54.07,0,Success
user5524,TXN100986,560.0,P2P,Delhi,Android,UPI,2025-05-04 06:00:00,74.64,40.73,74.85,54.45,0,Success
user9477,TXN100987,162.12,Shopping,Mumbai,Android,UPI,2025-05-04 09:00:00,74.97,54.81,40.1,54.8,0,Success
user8311,TXN100988,968.83,P2M,Kolkata,iOS,UPI,2025-05-04 12:00:00,19.67,58.98,71.7,40.89,0,Success
user8186,TXN100989,103.46,Shopping,Pune,Android,UPI Lite,2025-05-04 15:00:00,0.07,26.74,14.15,2.32,0,Success
user3065,TXN100990,75.98,Recharge,Kolkata,iOS,UPI,2025-05-04 18:00:00,36.58,33.97,51.31,34.57,0,Success
user1768,TXN100991,283.53,Shopping,Chennai,iOS,UPI Lite,2025-05-04 21:00:00,91.91,1.81,7.25,23.84,0,Success
user6490,TXN100992,641.67,P2P,Kolkata,iOS,UPI Lite,2025-05-05 00:00:00,57.79,85.22,24.41,66.5,0,Success
user7645,TXN100993,41.31,P2P,Pune,Android,UPI Lite,2025-05-05 03:00:00,72.75,75.6,58.32,58.84,0,Success
user6083,TXN100994,134.69,Bill Payment,Bengaluru,Android,UPI,2025-05-05 06:00:00,87.96,18.35,74.04,54.87,0,Success
user6232,TXN100995,89.05,Shopping,Hyderabad,Android,UPI Lite,2025-05-05 09:00:00,90.61,36.2,9.53,53.48,0,Success
user6797,TXN100996,189.21,P2M,Bengaluru,Android,UPI,2025-05-05 12:00:00,52.9,42.11,20.71,53.95,0,Success
user5926,TXN100997,165.67,Bank Transfer,Bengaluru,iOS,UPI Lite,2025-05-05 15:00:00,54.09,33.44,99.19,52.74,0,Success
user7016,TXN100998,629.79,Bank Transfer,Pune,Android,UPI,2025-05-05 18:00:00,85.09,79.82,33.77,57.87,0,Success
user4335,TXN100999,147.17,Recharge,Ahmedabad,iOS,UPI QR,2025-05-05 21:00:00,80.75,72.54,28.4,61.94,0,Success
user9038,TXN101000,648.58,Bill Payment,Delhi,Android,UPI QR,2025-05-06 00:00:00,69.89,76.72,8.53,50.62,0,Success
user5873,TXN101001,119.69,Shopping,Pune,iOS,UPI Lite,2025-05-06 03:00:00,60.45,90.41,69.48,64.91,0,Success
user2481,TXN101002,414.26,P2M,Bengaluru,Android,UPI AutoPay,2025-05-06 06:00:00,61.72,59.52,50.83,54.34,0,Success
user7305,TXN101003,206.16,Bill Payment,Kolkata,Android,UPI AutoPay,2025-05-06 09:00:00,36.29,61.45,15.76,38.57,0,Success
user4451,TXN101004,925.08,P2P,Delhi,Android,UPI QR,2025-05-06 12:00:00,84.09,72.19,63.29,82.91,1,Success
user1054,TXN101005,37.45,Recharge,Mumbai,iOS,UPI Lite,2025-05-06 15:00:00,61.78,68.12,52.58,45.9,0,Success
user8643,TXN101006,51.22,Shopping,Lucknow,Android,UPI Lite,2025-05-06 18:00:00,22.35,86.98,56.49,61.67,0,Success
user4462,TXN101007,1024.15,Bank Transfer,Mumbai,Android,UPI Lite,2025-05-06 21:00:00,23.98,77.02,99.49,56.9,0,Success
user1832,TXN101008,78.79,P2M,Chennai,Android,UPI AutoPay,2025-05-07 00:00:00,86.16,12.05,2.86,40.92,0,Success
user6954,TXN101009,83.95,P2P,Bengaluru,Android,UPI QR,2025-05-07 03:00:00,62.57,92.84,91.5,73.86,1,Success
user9519,TXN101010,68.33,Bill Payment,Kolkata,iOS,UPI Lite,2025-05-07 06:00:00,39.87,68.31,84.19,55.79,0,Success
user8221,TXN101011,517.21,Recharge,Ahmedabad,iOS,UPI QR,2025-05-07 09:00:00,18.71,12.71,41.53,23.14,0,Success
user4310,TXN101012,46.83,Bill Payment,Hyderabad,Android,UPI QR,2025-05-07 12:00:00,61.02,77.2,88.09,61.08,0,Success
user4300,TXN101013,167.75,Bank Transfer,Hyderabad,Android,UPI,2025-05-07 15:00:00,18.43,35.84,64.86,44.98,0,Failed
user7722,TXN101014,125.76,Bill Payment,Delhi,Android,UPI AutoPay,2025-05-07 18:00:00,47.02,80.6,88.94,67.06,0,Success
user8218,TXN101015,462.44,P2M,Ahmedabad,Web,UPI QR,2025-05-07 21:00:00,67.75,95.54,59.47,70.86,1,Failed
user8776,TXN101016,93.35,P2P,Lucknow,Android,UPI,2025-05-08 00:00:00,56.54,25.52,21.61,30.87,0,Success
user4675,TXN101017,248.46,Shopping,Mumbai,iOS,UPI AutoPay,2025-05-08 03:00:00,92.21,85.74,57.62,63.21,0,Success
user4054,TXN101018,50.85,P2M,Lucknow,iOS,UPI Lite,2025-05-08 06:00:00,3.97,77.36,17.91,33.94,0,Success
user8970,TXN101019,1593.9,Bank Transfer,Jaipur,iOS,UPI Lite,2025-05-08 09:00:00,27.98,67.12,14.08,41.81,0,Success
user3143,TXN101020,129.08,Recharge,Mumbai,Web,UPI,2025-05-08 12:00:00,5.71,38.49,65.41,34.32,0,Success
user6207,TXN101021,165.47,Bank Transfer,Mumbai,Android,UPI Lite,2025-05-08 15:00:00,19.46,10.99,94.75,34.77,0,Success
user3538,TXN101022,858.13,Bank Transfer,Mumbai,Web,UPI,2025-05-08 18:00:00,12.4,48.39,58.85,33.73,0,Success
user5547,TXN101023,91.22,Bill Payment,Kolkata,iOS,UPI,2025-05-08 21:00:00,73.27,10.57,79.58,57.55,0,Success
user6619,TXN101024,869.03,Recharge,Pune,Android,UPI Lite,2025-05-09 00:00:00,36.94,50.01,16.84,37.18,0,Success
user9356,TXN101025,108.69,P2M,Kolkata,iOS,UPI AutoPay,2025-05-09 03:00:00,92.5,82.03,65.42,75.53,1,Failed
user7612,TXN101026,321.08,Bank Transfer,Hyderabad,iOS,UPI,2025-05-09 06:00:00,2.34,99.76,73.3,39.47,0,Success
user6005,TXN101027,92.51,P2M,Kolkata,iOS,UPI AutoPay,2025-05-09 09:00:00,65.29,19.8,4.16,17.18,0,Success
user1822,TXN101028,42.27,Shopping,Lucknow,Android,UPI AutoPay,2025-05-09 12:00:00,97.05,20.79,9.72,58.99,0,Success
user1943,TXN101029,248.29,Bill Payment,Kolkata,Android,UPI,2025-05-09 15:00:00,17.58,81.09,78.16,56.31,0,Success
user7150,TXN101030,311.03,P2M,Pune,Android,UPI AutoPay,2025-05-09 18:00:00,44.24,46.91,44.0,50.26,0,Success
user5425,TXN101031,44.0,Recharge,Delhi,iOS,UPI,2025-05-09 21:00:00,70.19,91.58,40.56,50.94,0,Success
user9966,TXN101032,120.66,Bank Transfer,Ahmedabad,Web,UPI Lite,2025-05-10 00:00:00,63.31,76.9,92.04,75.43,1,Success
user3198,TXN101033,544.99,Shopping,Delhi,iOS,UPI Lite,2025-05-10 03:00:00,56.6,73.64,99.2,65.8,0,Success
user5242,TXN101034,298.9,Recharge,Jaipur,Android,UPI Lite,2025-05-10 06:00:00,32.68,10.2,76.44,34.99,0,Success
user4695,TXN101035,110.47,Bill Payment,Hyderabad,iOS,UPI Lite,2025-05-10 09:00:00,72.82,3.59,79.26,50.38,0,Failed
user4452,TXN101036,90.24,Shopping,Jaipur,Android,UPI Lite,2025-05-10 12:00:00,65.33,31.68,20.83,39.02,0,Success
user2308,TXN101037,1150.84,Shopping,Jaipur,Android,UPI AutoPay,2025-05-10 15:00:00,16.28,21.73,19.22,20.54,0,Success
user5177,TXN101038,38.59,Shopping,Ahmedabad,iOS,UPI AutoPay,2025-05-10 18:00:00,96.41,71.23,98.07,73.54,1,Success
user9705,TXN101039,154.59,Bank Transfer,Ahmedabad,Android,UPI AutoPay,2025-05-10 21:00:00,55.57,45.07,69.51,54.94,0,Success
user7852,TXN101040,37.91,P2P,Pune,Android,UPI QR,2025-05-11 00:00:00,52.55,52.31,68.67,45.09,0,Failed
user7035,TXN101041,610.83,Shopping,Pune,iOS,UPI QR,2025-05-11 03:00:00,84.82,81.37,28.62,56.7,0,Success
user4594,TXN101042,162.86,Recharge,Delhi,Android,UPI,2025-05-11 06:00:00,64.04,47.85,88.65,59.98,0,Success
user5841,TXN101043,196.01,Recharge,Pune,iOS,UPI QR,2025-05-11 09:00:00,7.45,54.49,4.44,11.63,0,Success
user2409,TXN101044,2614.67,Bill Payment,Pune,Android,UPI Lite,2025-05-11 12:00:00,50.66,84.23,27.46,63.32,0,Success
user5566,TXN101045,90.61,P2M,Chennai,Android,UPI Lite,2025-05-11 15:00:00,78.06,43.13,18.01,53.21,0,Success
user5491,TXN101046,942.54,P2M,Bengaluru,Android,UPI Lite,2025-05-11 18:00:00,70.0,8.31,71.11,43.68,0,Success
user2555,TXN101047,110.97,P2P,Delhi,iOS,UPI,2025-05-11 21:00:00,97.08,52.17,71.53,65.98,0,Success
user1804,TXN101048,129.86,Bank Transfer,Ahmedabad,Android,UPI,2025-05-12 00:00:00,2.49,57.94,53.47,32.13,0,Success
user2279,TXN101049,2294.28,Bank Transfer,Delhi,iOS,UPI,2025-05-12 03:00:00,26.12,51.18,0.53,15.44,0,Success
user8083,TXN101050,139.62,Shopping,Ahmedabad,Android,UPI,2025-05-12 06:00:00,54.92,25.8,87.38,38.78,0,Success
user6986,TXN101051,41.5,P2P,Kolkata,iOS,UPI AutoPay,2025-05-12 09:00:00,61.95,22.37,95.56,57.42,0,Failed
user6619,TXN101052,217.44,Bill Payment,Bengaluru,Android,UPI,2025-05-12 12:00:00,27.44,36.98,20.23,28.92,0,Success
user2387,TXN101053,138.0,Bill Payment,Chennai,Android,UPI,2025-05-12 15:00:00,82.68,16.62,84.22,52.72,0,Success
user3679,TXN101054,236.77,P2M,Chennai,Android,UPI QR,2025-05-12 18:00:00,16.43,66.6,97.33,47.48,0,Success
user3106,TXN101055,143.51,Bill Payment,Lucknow,Android,UPI AutoPay,2025-05-12 21:00:00,0.08,61.47,32.7,31.91,0,Success
user9173,TXN101056,1503.49,Shopping,Hyderabad,Android,UPI Lite,2025-05-13 00:00:00,95.24,63.24,18.51,46.76,0,Success
user5223,TXN101057,286.21,Recharge,Ahmedabad,Android,UPI QR,2025-05-13 03:00:00,39.16,22.48,97.75,58.63,0,Failed
user5831,TXN101058,55.98,Bill Payment,Hyderabad,Web,UPI,2025-05-13 06:00:00,95.75,24.65,5.97,48.97,0,Success
user3768,TXN101059,185.78,P2P,Kolkata,Android,UPI Lite,2025-05-13 09:00:00,27.79,78.74,27.6,37.82,0,Success
user4186,TXN101060,73.73,Shopping,Chennai,Android,UPI Lite,2025-05-13 12:00:00,6.34,69.01,74.2,44.29,0,Success
user3573,TXN101061,128.03,Bill Payment,Kolkata,iOS,UPI Lite,2025-05-13 15:00:00,77.25,87.52,61.74,78.64,1,Success
user3599,TXN101062,65.99,Bank Transfer,Jaipur,Android,UPI QR,2025-05-13 18:00:00,83.58,40.35,68.45,51.27,0,Success
user5033,TXN101063,1349.0,Bill Payment,Bengaluru,Android,UPI AutoPay,2025-05-13 21:00:00,49.21,54.73,70.81,63.03,0,Success
user9428,TXN101064,82.16,Bank Transfer,Lucknow,Android,UPI AutoPay,2025-05-14 00:00:00,7.39,73.88,68.61,41.97,0,Success
user2304,TXN101065,326.22,Shopping,Kolkata,Android,UPI Lite,2025-05-14 03:00:00,65.41,97.42,34.22,66.1,0,Success
user8368,TXN101066,118.69,Bill Payment,Lucknow,Android,UPI,2025-05-14 06:00:00,18.21,98.96,31.15,50.22,0,Success
user6877,TXN101067,51.5,Bank Transfer,Bengaluru,Android,UPI AutoPay,2025-05-14 09:00:00,84.94,99.92,42.85,71.69,1,Success
user2301,TXN101068,199.87,Recharge,Delhi,iOS,UPI AutoPay,2025-05-14 12:00:00,27.4,89.05,80.77,64.55,0,Success
user3541,TXN101069,244.86,P2M,Kolkata,Android,UPI,2025-05-14 15:00:00,84.77,63.97,93.83,69.84,0,Failed
user3051,TXN101070,286.75,Shopping,Pune,Android,UPI QR,2025-05-14 18:00:00,42.69,0.7,45.52,26.94,0,Success
user7809,TXN101071,11.91,Bank Transfer,Mumbai,Android,UPI QR,2025-05-14 21:00:00,59.65,69.95,8.58,38.63,0,Success
user9633,TXN101072,47.71,P2P,Chennai,Android,UPI,2025-05-15 00:00:00,78.96,23.86,93.83,53.51,0,Success
user9996,TXN101073,427.33,Bill Payment,Chennai,Android,UPI QR,2025-05-15 03:00:00,4.04,5.72,8.04,7.33,0,Success
user1074,TXN101074,65.13,Bank Transfer,Chennai,iOS,UPI Lite,2025-05-15 06:00:00,82.12,69.72,15.91,59.71,0,Success
user7981,TXN101075,200.93,Bank Transfer,Delhi,Web,UPI AutoPay,2025-05-15 09:00:00,13.86,75.6,86.77,40.62,0,Success
user6475,TXN101076,46.62,Bank Transfer,Mumbai,iOS,UPI QR,2025-05-15 12:00:00,35.84,65.94,55.15,48.95,0,Success
user9232,TXN101077,340.9,P2M,Bengaluru,Android,UPI Lite,2025-05-15 15:00:00,47.28,36.52,35.27,45.22,0,Success
user8184,TXN101078,416.24,P2P,Delhi,Web,UPI Lite,2025-05-15 18:00:00,89.54,51.1,93.09,80.01,1,Pending
user6796,TXN101079,341.01,P2P,Chennai,Android,UPI Lite,2025-05-15 21:00:00,2.24,93.49,96.05,52.72,0,Success
user8141,TXN101080,460.61,Recharge,Chennai,Android,UPI Lite,2025-05-16 00:00:00,55.92,72.96,33.08,43.28,0,Success
user2622,TXN101081,783.6,P2M,Hyderabad,Android,UPI Lite,2025-05-16 03:00:00,64.25,50.47,86.84,65.59,0,Success
user9041,TXN101082,50.7,Bank Transfer,Lucknow,iOS,UPI,2025-05-16 06:00:00,31.66,59.34,67.85,49.05,0,Success
user1341,TXN101083,74.54,Shopping,Lucknow,Android,UPI AutoPay,2025-05-16 09:00:00,29.05,92.77,27.45,45.0,0,Success
user3074,TXN101084,402.44,P2M,Hyderabad,Android,UPI AutoPay,2025-05-16 12:00:00,49.05,39.38,94.14,51.32,0,Success
user8992,TXN101085,507.87,P2M,Jaipur,iOS,UPI,2025-05-16 15:00:00,18.71,10.18,6.31,14.55,0,Success
user1645,TXN101086,83.57,P2P,Hyderabad,Android,UPI,2025-05-16 18:00:00,46.81,32.58,31.79,37.22,0,Success
user5263,TXN101087,77.95,Recharge,Lucknow,iOS,UPI Lite,2025-05-16 21:00:00,76.5,41.52,39.63,46.42,0,Success
user9801,TXN101088,85.44,Recharge,Chennai,Android,UPI QR,2025-05-17 00:00:00,84.54,27.3,69.07,53.69,0,Success
user7136,TXN101089,32.95,P2M,Pune,Android,UPI AutoPay,2025-05-17 03:00:00,38.52,52.9,3.84,20.65,0,Success
user9646,TXN101090,46.0,P2M,Lucknow,Android,UPI QR,2025-05-17 06:00:00,61.73,30.49,88.98,55.25,0,Pending
user3969,TXN101091,47.12,Bill Payment,Mumbai,Android,UPI AutoPay,2025-05-17 09:00:00,0.0,10.32,65.91,22.57,0,Success
user4028,TXN101092,122.23,Bank Transfer,Pune,Android,UPI Lite,2025-05-17 12:00:00,55.04,18.81,27.5,23.42,0,Success
user8643,TXN101093,215.04,P2P,Delhi,iOS,UPI QR,2025-05-17 15:00:00,97.52,91.82,65.83,77.82,1,Success
user3681,TXN101094,253.02,Bank Transfer,Lucknow,Web,UPI AutoPay,2025-05-17 18:00:00,31.23,62.96,53.69,40.08,0,Success
user4629,TXN101095,98.64,Shopping,Bengaluru,Web,UPI AutoPay,2025-05-17 21:00:00,59.48,31.43,33.63,46.84,0,Failed
user5225,TXN101096,101.09,Shopping,Kolkata,Android,UPI Lite,2025-05-18 00:00:00,76.23,36.69,2.86,29.73,0,Success
user4067,TXN101097,185.61,Recharge,Kolkata,Android,UPI QR,2025-05-18 03:00:00,60.89,49.34,55.11,58.1,0,Success
user6941,TXN101098,36.74,P2P,Mumbai,Android,UPI Lite,2025-05-18 06:00:00,41.85,67.31,8.22,45.87,0,Success
user2386,TXN101099,428.14,Bank Transfer,Ahmedabad,iOS,UPI QR,2025-05-18 09:00:00,15.26,58.22,81.02,26.92,0,Success
user3866,TXN101100,593.11,Recharge,Kolkata,Web,UPI QR,2025-05-18 12:00:00,46.37,93.27,8.85,52.1,0,Success
user5788,TXN101101,87.74,Shopping,Mumbai,iOS,UPI AutoPay,2025-05-18 15:00:00,29.48,62.57,42.87,43.53,0,Success
user6490,TXN101102,110.12,P2M,Ahmedabad,Android,UPI,2025-05-18 18:00:00,69.59,91.08,43.46,52.11,0,Success
user5124,TXN101103,568.68,P2P,Delhi,Android,UPI QR,2025-05-18 21:00:00,44.19,0.54,55.62,28.42,0,Success
user9340,TXN101104,145.03,P2P,Ahmedabad,iOS,UPI QR,2025-05-19 00:00:00,84.99,89.06,3.95,54.7,0,Success
user4850,TXN101105,295.37,Bank Transfer,Bengaluru,Android,UPI Lite,2025-05-19 03:00:00,19.33,72.15,20.38,27.47,0,Success
user6415,TXN101106,149.56,Bill Payment,Lucknow,Android,UPI QR,2025-05-19 06:00:00,41.77,17.22,19.95,20.61,0,Success
user8679,TXN101107,777.67,Bank Transfer,Kolkata,iOS,UPI QR,2025-05-19 09:00:00,55.75,26.3,59.9,49.89,0,Failed
user7819,TXN101108,267.76,P2M,Chennai,Android,UPI QR,2025-05-19 12:00:00,12.6,54.28,26.36,28.41,0,Success
user9378,TXN101109,283.63,P2M,Hyderabad,Android,UPI QR,2025-05-19 15:00:00,58.79,12.49,14.42,24.34,0,Success
user2333,TXN101110,288.97,Recharge,Lucknow,Android,UPI QR,2025-05-19 18:00:00,29.09,78.54,1.84,26.74,0,Success
user5150,TXN101111,94.15,P2P,Delhi,Android,UPI,2025-05-19 21:00:00,22.95,79.12,84.05,58.85,0,Success
user7766,TXN101112,103.21,Recharge,Delhi,Android,UPI AutoPay,2025-05-20 00:00:00,14.19,30.09,97.15,50.34,0,Success
user3711,TXN101113,353.98,P2M,Mumbai,Android,UPI QR,2025-05-20 03:00:00,34.99,6.98,70.33,31.1,0,Success
user5853,TXN101114,186.12,Bill Payment,Jaipur,iOS,UPI Lite,2025-05-20 06:00:00,92.9,98.88,41.27,72.23,1,Success
user7212,TXN101115,50.52,P2P,Ahmedabad,Android,UPI Lite,2025-05-20 09:00:00,3.1,25.07,12.2,29.63,0,Success
user8479,TXN101116,1067.53,P2M,Ahmedabad,Android,UPI QR,2025-05-20 12:00:00,85.22,6.76,47.51,51.74,0,Success
user6408,TXN101117,436.19,Bill Payment,Mumbai,Android,UPI QR,2025-05-20 15:00:00,39.74,33.0,45.73,43.83,0,Success
user8715,TXN101118,170.31,Bank Transfer,Hyderabad,Android,UPI QR,2025-05-20 18:00:00,56.16,96.9,41.99,55.55,0,Success
user9942,TXN101119,124.77,Shopping,Chennai,iOS,UPI,2025-05-20 21:00:00,51.28,79.29,37.83,45.52,0,Failed
user2762,TXN101120,200.07,P2M,Delhi,iOS,UPI AutoPay,2025-05-21 00:00:00,92.57,48.03,49.68,68.64,0,Success
user8101,TXN101121,275.21,Shopping,Lucknow,Android,UPI Lite,2025-05-21 03:00:00,77.01,30.53,7.32,41.69,0,Failed
user8674,TXN101122,21.48,Recharge,Hyderabad,Android,UPI,2025-05-21 06:00:00,98.48,42.33,3.83,49.51,0,Success
user7122,TXN101123,1356.07,Shopping,Chennai,iOS,UPI,2025-05-21 09:00:00,79.44,1.74,6.4,35.56,0,Success
user1481,TXN101124,74.45,P2M,Jaipur,Android,UPI QR,2025-05-21 12:00:00,29.59,71.84,20.0,49.13,0,Success
user1153,TXN101125,163.71,Shopping,Lucknow,Android,UPI AutoPay,2025-05-21 15:00:00,96.29,9.96,27.81,38.83,0,Success
user8617,TXN101126,169.84,P2P,Mumbai,Android,UPI QR,2025-05-21 18:00:00,98.36,51.9,16.95,55.68,0,Failed
user2524,TXN101127,1208.16,P2M,Lucknow,Android,UPI Lite,2025-05-21 21:00:00,12.31,56.58,25.19,25.22,0,Pending
user3120,TXN101128,150.19,Bill Payment,Bengaluru,Android,UPI AutoPay,2025-05-22 00:00:00,90.1,0.17,18.58,38.48,0,Success
user3343,TXN101129,803.12,Shopping,Jaipur,Android,UPI QR,2025-05-22 03:00:00,66.42,97.99,15.07,63.63,0,Success
user6136,TXN101130,246.34,P2P,Mumbai,Android,UPI Lite,2025-05-22 06:00:00,92.2,30.21,29.3,51.36,0,Success
user6760,TXN101131,62.68,Recharge,Mumbai,Web,UPI,2025-05-22 09:00:00,91.57,7.72,39.75,56.56,0,Success
user2240,TXN101132,187.67,Recharge,Mumbai,Android,UPI Lite,2025-05-22 12:00:00,89.14,85.44,74.43,72.21,1,Success
user1060,TXN101133,145.69,Shopping,Kolkata,Android,UPI Lite,2025-05-22 15:00:00,88.53,15.2,95.55,63.55,0,Success
user2639,TXN101134,55.47,Recharge,Hyderabad,Android,UPI Lite,2025-05-22 18:00:00,11.76,2.5,91.9,36.9,0,Success
user7185,TXN101135,234.56,Bill Payment,Chennai,Android,UPI AutoPay,2025-05-22 21:00:00,14.35,49.47,47.59,29.58,0,Success
user8970,TXN101136,167.69,P2M,Ahmedabad,Android,UPI,2025-05-23 00:00:00,11.78,12.99,46.13,16.62,0,Success
user2252,TXN101137,286.12,P2P,Delhi,Android,UPI AutoPay,2025-05-23 03:00:00,9.1,98.24,12.57,35.3,0,Success
user5203,TXN101138,199.01,Bank Transfer,Delhi,Web,UPI,2025-05-23 06:00:00,35.33,1.04,97.17,27.24,0,Success
user9363,TXN101139,85.53,Shopping,Bengaluru,iOS,UPI QR,2025-05-23 09:00:00,68.4,5.12,76.01,52.6,0,Success
user4549,TXN101140,353.66,Recharge,Bengaluru,Android,UPI QR,2025-05-23 12:00:00,35.47,83.33,84.76,60.44,0,Failed
user5197,TXN101141,87.85,P2M,Bengaluru,iOS,UPI Lite,2025-05-23 15:00:00,72.03,23.98,23.42,26.61,0,Success
user8009,TXN101142,7.39,Bank Transfer,Pune,Android,UPI Lite,2025-05-23 18:00:00,82.03,91.16,40.11,63.12,0,Success
user7667,TXN101143,186.54,Bill Payment,Bengaluru,Android,UPI AutoPay,2025-05-23 21:00:00,66.62,31.11,10.26,44.77,0,Success
user3322,TXN101144,94.25,Recharge,Delhi,Web,UPI,2025-05-24 00:00:00,46.51,6.98,94.08,39.78,0,Success
user5090,TXN101145,240.36,Recharge,Jaipur,Web,UPI,2025-05-24 03:00:00,29.55,1.06,28.58,29.27,0,Success
user7960,TXN101146,1210.6,P2P,Chennai,Android,UPI,2025-05-24 06:00:00,12.44,28.26,59.6,28.24,0,Success
user4004,TXN101147,1246.06,Bill Payment,Bengaluru,Android,UPI Lite,2025-05-24 09:00:00,49.37,47.37,15.22,27.65,0,Success
user6136,TXN101148,139.06,Bill Payment,Jaipur,Android,UPI Lite,2025-05-24 12:00:00,71.96,0.1,80.28,30.73,0,Success
user1329,TXN101149,71.77,Shopping,Pune,Android,UPI,2025-05-24 15:00:00,54.82,58.11,18.63,56.11,0,Success
user4640,TXN101150,294.32,Bank Transfer,Pune,iOS,UPI Lite,2025-05-24 18:00:00,72.15,33.37,80.94,50.34,0,Success
user8982,TXN101151,113.27,P2P,Ahmedabad,Android,UPI,2025-05-24 21:00:00,33.52,39.02,40.18,29.59,0,Success
user5107,TXN101152,242.69,Shopping,Kolkata,Android,UPI AutoPay,2025-05-25 00:00:00,6.68,26.14,57.78,24.32,0,Success
user2341,TXN101153,84.7,P2P,Kolkata,Android,UPI QR,2025-05-25 03:00:00,77.11,52.9,26.97,51.52,0,Success
user9407,TXN101154,210.75,Bill Payment,Lucknow,Android,UPI,2025-05-25 06:00:00,21.97,23.01,88.28,30.14,0,Success
user1338,TXN101155,72.82,P2P,Kolkata,iOS,UPI Lite,2025-05-25 09:00:00,61.63,13.48,75.99,53.71,0,Success
user6895,TXN101156,536.06,P2P,Lucknow,iOS,UPI AutoPay,2025-05-25 12:00:00,80.43,89.06,35.43,66.95,0,Success
user3708,TXN101157,90.92,P2P,Hyderabad,Android,UPI Lite,2025-05-25 15:00:00,13.91,39.06,58.54,39.99,0,Success
user2750,TXN101158,317.7,P2M,Kolkata,Android,UPI Lite,2025-05-25 18:00:00,59.85,7.69,12.9,13.23,0,Success
user6604,TXN101159,46.3,P2M,Pune,Android,UPI Lite,2025-05-25 21:00:00,68.94,23.03,16.05,38.56,0,Success
user3421,TXN101160,358.23,Bank Transfer,Ahmedabad,Android,UPI,2025-05-26 00:00:00,74.65,30.99,53.37,52.3,0,Success
user8119,TXN101161,62.4,Bank Transfer,Jaipur,Android,UPI AutoPay,2025-05-26 03:00:00,14.77,76.96,64.06,44.19,0,Success
user9901,TXN101162,212.98,Bill Payment,Bengaluru,Android,UPI,2025-05-26 06:00:00,82.51,2.23,55.74,40.24,0,Success
user6319,TXN101163,456.32,P2P,Kolkata,Android,UPI QR,2025-05-26 09:00:00,9.41,47.82,55.94,22.12,0,Success
user7609,TXN101164,134.29,Bill Payment,Lucknow,Android,UPI,2025-05-26 12:00:00,51.96,40.77,74.23,39.67,0,Success
user6387,TXN101165,58.61,P2M,Jaipur,iOS,UPI QR,2025-05-26 15:00:00,44.34,96.84,90.24,76.34,1,Success
user4993,TXN101166,269.57,P2P,Mumbai,Android,UPI AutoPay,2025-05-26 18:00:00,22.18,18.01,38.76,26.02,0,Success
user9680,TXN101167,70.74,Shopping,Delhi,iOS,UPI AutoPay,2025-05-26 21:00:00,30.19,62.79,53.69,41.57,0,Success
user9044,TXN101168,109.48,P2M,Kolkata,Android,UPI,2025-05-27 00:00:00,16.44,20.22,89.3,32.55,0,Success
user9238,TXN101169,213.89,P2M,Delhi,iOS,UPI,2025-05-27 03:00:00,42.57,54.84,46.43,50.54,0,Success
user5873,TXN101170,639.49,P2M,Kolkata,Android,UPI Lite,2025-05-27 06:00:00,3.55,55.51,44.51,37.16,0,Success
user5806,TXN101171,168.44,P2P,Mumbai,iOS,UPI QR,2025-05-27 09:00:00,88.89,7.53,76.65,47.16,0,Success
user9592,TXN101172,167.81,Bank Transfer,Bengaluru,Android,UPI Lite,2025-05-27 12:00:00,16.35,45.65,87.73,31.59,0,Success
user6913,TXN101173,342.93,Recharge,Hyderabad,Web,UPI Lite,2025-05-27 15:00:00,88.6,46.12,73.77,66.57,0,Success
user8124,TXN101174,172.5,Shopping,Chennai,iOS,UPI AutoPay,2025-05-27 18:00:00,86.36,31.91,10.01,51.28,0,Success
user4157,TXN101175,309.68,Shopping,Jaipur,Android,UPI,2025-05-27 21:00:00,45.17,27.72,46.48,41.2,0,Success
user1390,TXN101176,482.28,Bill Payment,Jaipur,Android,UPI AutoPay,2025-05-28 00:00:00,49.77,22.43,21.2,42.03,0,Success
user5430,TXN101177,118.19,P2P,Bengaluru,iOS,UPI,2025-05-28 03:00:00,30.19,0.59,31.73,17.71,0,Success
user9820,TXN101178,6.2,Bank Transfer,Ahmedabad,Web,UPI AutoPay,2025-05-28 06:00:00,99.69,0.18,46.88,48.67,0,Success
user8686,TXN101179,72.39,P2M,Pune,iOS,UPI AutoPay,2025-05-28 09:00:00,67.08,58.98,22.15,46.46,0,Success
user5232,TXN101180,549.32,Recharge,Kolkata,iOS,UPI AutoPay,2025-05-28 12:00:00,95.18,29.15,51.59,61.39,0,Pending
user9007,TXN101181,158.58,P2P,Chennai,iOS,UPI QR,2025-05-28 15:00:00,41.48,16.79,64.33,30.96,0,Pending
user2521,TXN101182,116.85,P2P,Ahmedabad,Android,UPI AutoPay,2025-05-28 18:00:00,88.3,68.47,87.49,74.91,1,Pending
user2500,TXN101183,526.78,Bank Transfer,Chennai,Android,UPI QR,2025-05-28 21:00:00,44.82,52.89,21.15,49.43,0,Success
user7737,TXN101184,148.22,Recharge,Pune,Android,UPI AutoPay,2025-05-29 00:00:00,86.68,91.5,31.06,60.75,0,Success
user4294,TXN101185,20.24,P2M,Delhi,Android,UPI,2025-05-29 03:00:00,13.09,83.1,40.58,25.62,0,Success
user6085,TXN101186,36.4,P2P,Kolkata,Android,UPI QR,2025-05-29 06:00:00,63.69,72.67,22.45,53.45,0,Success
user3419,TXN101187,249.3,Shopping,Pune,Android,UPI,2025-05-29 09:00:00,67.87,12.66,33.2,52.04,0,Success
user4042,TXN101188,153.41,Shopping,Jaipur,Android,UPI,2025-05-29 12:00:00,65.62,66.61,88.34,60.58,0,Success
user5497,TXN101189,702.51,Recharge,Jaipur,Android,UPI,2025-05-29 15:00:00,44.7,69.39,13.87,50.27,0,Success
user2466,TXN101190,78.79,P2M,Kolkata,Android,UPI QR,2025-05-29 18:00:00,68.39,76.33,44.37,58.18,0,Success
user4561,TXN101191,120.36,Recharge,Hyderabad,Android,UPI Lite,2025-05-29 21:00:00,23.95,26.31,31.1,17.41,0,Success
user1614,TXN101192,67.73,P2P,Bengaluru,Android,UPI QR,2025-05-30 00:00:00,59.58,64.03,7.72,46.95,0,Success
user6392,TXN101193,97.46,Shopping,Bengaluru,Android,UPI Lite,2025-05-30 03:00:00,55.42,61.83,9.61,30.58,0,Success
user8693,TXN101194,24.73,Bill Payment,Jaipur,iOS,UPI QR,2025-05-30 06:00:00,31.83,38.53,78.49,53.02,0,Pending
user4223,TXN101195,111.53,Recharge,Jaipur,Android,UPI AutoPay,2025-05-30 09:00:00,77.89,66.35,85.23,69.47,0,Success
user8138,TXN101196,155.73,Bill Payment,Pune,iOS,UPI Lite,2025-05-30 12:00:00,8.09,8.67,74.14,12.33,0,Success
user3667,TXN101197,143.12,Bill Payment,Mumbai,Android,UPI AutoPay,2025-05-30 15:00:00,17.14,64.35,53.92,52.05,0,Success
user8980,TXN101198,1407.48,Bank Transfer,Lucknow,Android,UPI Lite,2025-05-30 18:00:00,47.12,60.6,77.27,62.81,0,Success
user1130,TXN101199,1026.06,Shopping,Hyderabad,Android,UPI QR,2025-05-30 21:00:00,89.17,21.06,15.2,45.59,0,Success
user3983,TXN101200,77.41,Recharge,Ahmedabad,Android,UPI QR,2025-05-31 00:00:00,57.52,81.82,78.02,70.56,1,Success
user5278,TXN101201,21.24,Bill Payment,Lucknow,Android,UPI Lite,2025-05-31 03:00:00,84.21,87.44,42.35,49.13,0,Failed
user8126,TXN101202,148.53,P2P,Pune,Android,UPI AutoPay,2025-05-31 06:00:00,51.76,21.05,75.03,39.11,0,Success
user9230,TXN101203,239.01,Bank Transfer,Lucknow,iOS,UPI,2025-05-31 09:00:00,78.55,7.6,22.77,53.51,0,Success
user8694,TXN101204,69.37,P2M,Lucknow,Web,UPI Lite,2025-05-31 12:00:00,32.58,60.36,83.25,51.37,0,Success
user7640,TXN101205,72.9,Bank Transfer,Pune,Web,UPI Lite,2025-05-31 15:00:00,81.51,47.99,56.81,52.79,0,Success
user6468,TXN101206,798.36,P2M,Jaipur,Web,UPI AutoPay,2025-05-31 18:00:00,40.17,42.76,0.73,29.85,0,Success
user1920,TXN101207,126.78,Shopping,Jaipur,Android,UPI,2025-05-31 21:00:00,55.88,76.1,51.93,47.93,0,Success
user8564,TXN101208,318.06,Recharge,Kolkata,Android,UPI Lite,2025-06-01 00:00:00,17.59,96.97,31.03,54.68,0,Success
user9684,TXN101209,64.7,Recharge,Lucknow,Android,UPI,2025-06-01 03:00:00,92.04,47.77,5.75,44.99,0,Success
user9502,TXN101210,154.94,P2M,Ahmedabad,Android,UPI,2025-06-01 06:00:00,70.15,0.62,44.73,25.18,0,Success
user9930,TXN101211,117.17,P2P,Pune,iOS,UPI QR,2025-06-01 09:00:00,85.89,59.63,31.15,57.16,0,Success
user4241,TXN101212,83.48,P2M,Ahmedabad,iOS,UPI AutoPay,2025-06-01 12:00:00,20.79,65.4,20.44,39.16,0,Success
user1545,TXN101213,520.77,P2M,Chennai,iOS,UPI Lite,2025-06-01 15:00:00,6.77,82.8,34.91,41.84,0,Success
user5346,TXN101214,40.9,Recharge,Bengaluru,iOS,UPI Lite,2025-06-01 18:00:00,33.72,19.94,17.96,12.57,0,Success
user4810,TXN101215,221.42,Bill Payment,Kolkata,Android,UPI,2025-06-01 21:00:00,51.67,52.43,29.98,35.11,0,Success
user8206,TXN101216,114.99,P2P,Bengaluru,Android,UPI Lite,2025-06-02 00:00:00,80.24,44.71,11.53,29.72,0,Success
user3032,TXN101217,248.35,Recharge,Kolkata,Android,UPI,2025-06-02 03:00:00,39.77,66.44,8.43,41.45,0,Success
user9436,TXN101218,116.56,Bank Transfer,Hyderabad,Web,UPI Lite,2025-06-02 06:00:00,27.0,6.39,91.0,37.64,0,Success
user1271,TXN101219,390.41,P2M,Pune,Web,UPI AutoPay,2025-06-02 09:00:00,37.25,88.4,90.28,66.87,0,Success
user4511,TXN101220,64.09,Bill Payment,Bengaluru,Android,UPI Lite,2025-06-02 12:00:00,70.36,51.12,82.8,57.74,0,Success
user2771,TXN101221,521.94,P2P,Ahmedabad,Android,UPI,2025-06-02 15:00:00,33.62,87.7,23.03,31.56,0,Success
user5361,TXN101222,159.37,Shopping,Pune,Android,UPI,2025-06-02 18:00:00,97.92,34.02,72.59,57.35,0,Success
user8069,TXN101223,43.45,P2P,Ahmedabad,Android,UPI Lite,2025-06-02 21:00:00,17.5,65.35,58.97,48.32,0,Success
user1920,TXN101224,323.83,P2P,Lucknow,iOS,UPI Lite,2025-06-03 00:00:00,75.31,95.67,5.12,59.59,0,Success
user9190,TXN101225,134.44,P2M,Bengaluru,Android,UPI,2025-06-03 03:00:00,58.92,94.34,89.96,59.58,0,Success
user4430,TXN101226,29.73,P2M,Lucknow,Android,UPI QR,2025-06-03 06:00:00,23.31,94.41,99.8,59.58,0,Success
user5435,TXN101227,228.71,Shopping,Jaipur,Android,UPI QR,2025-06-03 09:00:00,75.36,4.29,70.87,49.8,0,Success
user4760,TXN101228,448.81,Shopping,Chennai,Web,UPI Lite,2025-06-03 12:00:00,44.75,40.3,23.15,33.73,0,Success
user3050,TXN101229,591.19,Shopping,Hyderabad,Android,UPI AutoPay,2025-06-03 15:00:00,68.24,6.08,55.44,30.82,0,Success
user2165,TXN101230,112.35,Recharge,Hyderabad,Android,UPI Lite,2025-06-03 18:00:00,66.23,30.95,10.94,32.02,0,Success
user9567,TXN101231,189.68,Recharge,Bengaluru,Android,UPI AutoPay,2025-06-03 21:00:00,11.06,17.46,29.88,11.84,0,Success
user3033,TXN101232,172.52,P2M,Delhi,Android,UPI Lite,2025-06-04 00:00:00,84.0,62.01,71.73,66.52,0,Success
user7467,TXN101233,727.64,P2M,Chennai,Android,UPI,2025-06-04 03:00:00,68.15,78.07,30.11,58.22,0,Success
user1145,TXN101234,72.93,Shopping,Mumbai,iOS,UPI Lite,2025-06-04 06:00:00,78.06,51.33,14.72,41.96,0,Success
user5388,TXN101235,103.06,Recharge,Kolkata,iOS,UPI AutoPay,2025-06-04 09:00:00,44.78,79.55,0.75,44.45,0,Success
user8832,TXN101236,71.18,Bill Payment,Hyderabad,Android,UPI AutoPay,2025-06-04 12:00:00,19.51,1.28,57.25,33.11,0,Success
user9623,TXN101237,38.51,Recharge,Pune,Android,UPI Lite,2025-06-04 15:00:00,32.62,82.05,96.87,82.13,1,Success
user9896,TXN101238,210.14,P2M,Jaipur,iOS,UPI Lite,2025-06-04 18:00:00,90.15,17.84,48.41,42.91,0,Success
user9173,TXN101239,813.46,Recharge,Lucknow,iOS,UPI QR,2025-06-04 21:00:00,93.8,46.09,21.26,54.12,0,Success
user3632,TXN101240,134.49,P2M,Mumbai,Android,UPI Lite,2025-06-05 00:00:00,48.19,44.26,46.33,29.3,0,Success
user5494,TXN101241,67.9,Shopping,Pune,Android,UPI Lite,2025-06-05 03:00:00,29.88,87.32,60.21,48.5,0,Success
user9056,TXN101242,197.72,Shopping,Bengaluru,iOS,UPI,2025-06-05 06:00:00,73.03,96.6,80.14,83.92,1,Success
user8511,TXN101243,295.63,Shopping,Chennai,Android,UPI AutoPay,2025-06-05 09:00:00,76.6,25.51,45.27,30.49,0,Success
user2828,TXN101244,140.28,Bill Payment,Hyderabad,Web,UPI QR,2025-06-05 12:00:00,81.55,6.74,17.3,32.25,0,Success
user5805,TXN101245,667.5,Bill Payment,Kolkata,iOS,UPI,2025-06-05 15:00:00,3.11,65.05,18.8,26.39,0,Failed
user1806,TXN101246,72.79,P2M,Mumbai,Android,UPI Lite,2025-06-05 18:00:00,0.97,50.28,89.97,27.12,0,Success
user8486,TXN101247,123.1,P2P,Hyderabad,iOS,UPI AutoPay,2025-06-05 21:00:00,35.72,56.57,23.62,38.26,0,Success
user9202,TXN101248,220.52,Bank Transfer,Delhi,Android,UPI Lite,2025-06-06 00:00:00,15.25,4.63,72.8,27.15,0,Success
user2868,TXN101249,242.98,Bill Payment,Delhi,iOS,UPI Lite,2025-06-06 03:00:00,80.5,77.53,26.89,54.36,0,Failed
user8878,TXN101250,171.95,P2M,Delhi,Android,UPI Lite,2025-06-06 06:00:00,53.28,23.24,72.06,48.52,0,Failed
user6690,TXN101251,45.68,Recharge,Jaipur,Android,UPI Lite,2025-06-06 09:00:00,82.53,33.49,7.84,35.17,0,Pending
user8827,TXN101252,1699.37,Shopping,Lucknow,iOS,UPI AutoPay,2025-06-06 12:00:00,17.69,22.84,20.74,24.82,0,Success
user6429,TXN101253,129.55,Shopping,Bengaluru,iOS,UPI,2025-06-06 15:00:00,62.72,94.59,40.87,60.83,0,Success
user4564,TXN101254,183.14,Shopping,Pune,iOS,UPI Lite,2025-06-06 18:00:00,58.02,16.87,51.53,40.26,0,Success
user2389,TXN101255,303.92,P2M,Hyderabad,Android,UPI Lite,2025-06-06 21:00:00,34.04,73.23,35.3,41.6,0,Success
user8274,TXN101256,86.79,Shopping,Pune,Android,UPI QR,2025-06-07 00:00:00,51.71,24.57,57.35,30.54,0,Success
user1824,TXN101257,173.63,Bill Payment,Pune,Android,UPI QR,2025-06-07 03:00:00,58.9,42.49,32.54,32.06,0,Success
user3265,TXN101258,83.33,Recharge,Hyderabad,Web,UPI AutoPay,2025-06-07 06:00:00,88.95,99.61,67.84,72.75,1,Success
user1936,TXN101259,248.53,Shopping,Lucknow,Android,UPI Lite,2025-06-07 09:00:00,5.56,10.06,51.12,14.42,0,Success
user7402,TXN101260,124.46,P2M,Jaipur,Android,UPI Lite,2025-06-07 12:00:00,82.34,88.14,70.51,75.04,1,Success
user4845,TXN101261,214.59,Recharge,Jaipur,Android,UPI Lite,2025-06-07 15:00:00,98.02,94.6,43.1,73.67,1,Success
user2796,TXN101262,57.6,Shopping,Chennai,Android,UPI AutoPay,2025-06-07 18:00:00,73.18,69.82,87.65,65.38,0,Success
user9245,TXN101263,71.6,P2P,Bengaluru,iOS,UPI AutoPay,2025-06-07 21:00:00,73.73,1.0,38.21,21.8,0,Success
user8214,TXN101264,41.88,Shopping,Chennai,iOS,UPI Lite,2025-06-08 00:00:00,21.8,82.08,30.81,35.17,0,Success
user1726,TXN101265,80.6,Bank Transfer,Lucknow,Web,UPI Lite,2025-06-08 03:00:00,52.31,88.23,55.71,50.75,0,Success
user3736,TXN101266,12.51,Bill Payment,Pune,iOS,UPI AutoPay,2025-06-08 06:00:00,70.59,98.09,50.92,79.11,1,Success
user2913,TXN101267,120.65,Recharge,Bengaluru,Android,UPI Lite,2025-06-08 09:00:00,60.23,83.93,51.81,59.97,0,Success
user8657,TXN101268,96.14,Bill Payment,Chennai,Android,UPI,2025-06-08 12:00:00,38.51,44.56,79.61,57.9,0,Success
user3466,TXN101269,190.74,P2P,Chennai,iOS,UPI,2025-06-08 15:00:00,94.01,68.86,58.86,69.2,0,Success
user8312,TXN101270,171.5,P2P,Delhi,Web,UPI AutoPay,2025-06-08 18:00:00,51.4,48.51,88.53,68.07,0,Success
user9194,TXN101271,576.56,Bank Transfer,Jaipur,Android,UPI,2025-06-08 21:00:00,96.99,35.3,61.91,63.38,0,Failed
user8906,TXN101272,2195.82,Bill Payment,Ahmedabad,Android,UPI QR,2025-06-09 00:00:00,56.39,62.64,2.17,45.94,0,Success
user5876,TXN101273,511.6,Recharge,Chennai,Android,UPI Lite,2025-06-09 03:00:00,79.34,76.98,87.04,87.28,1,Success
user8287,TXN101274,104.26,P2P,Mumbai,Android,UPI QR,2025-06-09 06:00:00,74.2,63.59,83.98,61.27,0,Success
user1892,TXN101275,100.14,P2P,Delhi,Android,UPI QR,2025-06-09 09:00:00,66.08,82.66,4.88,44.69,0,Success
user5675,TXN101276,390.98,Shopping,Pune,iOS,UPI QR,2025-06-09 12:00:00,1.45,17.64,12.53,10.59,0,Success
user2933,TXN101277,30.47,Bank Transfer,Kolkata,iOS,UPI,2025-06-09 15:00:00,7.74,37.37,55.64,48.31,0,Failed
user2380,TXN101278,119.68,P2M,Jaipur,Android,UPI Lite,2025-06-09 18:00:00,58.15,31.26,4.29,28.4,0,Success
user2290,TXN101279,129.26,P2P,Lucknow,Android,UPI Lite,2025-06-09 21:00:00,91.18,19.41,41.12,50.44,0,Success
user2640,TXN101280,294.16,Recharge,Hyderabad,Web,UPI AutoPay,2025-06-10 00:00:00,60.11,44.32,97.54,65.63,0,Success
user8490,TXN101281,303.04,Recharge,Lucknow,Android,UPI QR,2025-06-10 03:00:00,23.6,94.79,17.28,52.82,0,Success
user2218,TXN101282,77.9,Shopping,Delhi,Android,UPI,2025-06-10 06:00:00,32.02,53.8,20.61,38.94,0,Success
user6016,TXN101283,108.38,Recharge,Mumbai,Android,UPI QR,2025-06-10 09:00:00,62.32,28.64,67.63,57.95,0,Success
user7881,TXN101284,255.98,Shopping,Lucknow,Android,UPI QR,2025-06-10 12:00:00,59.71,35.41,4.4,38.48,0,Success
user1954,TXN101285,73.78,P2P,Mumbai,Android,UPI Lite,2025-06-10 15:00:00,95.57,61.31,82.07,73.29,1,Pending
user8291,TXN101286,547.91,P2P,Hyderabad,Android,UPI AutoPay,2025-06-10 18:00:00,52.91,35.27,19.9,27.63,0,Success
user1974,TXN101287,301.62,P2P,Kolkata,Web,UPI,2025-06-10 21:00:00,35.5,53.83,53.16,38.85,0,Success
user5133,TXN101288,194.71,P2P,Jaipur,iOS,UPI Lite,2025-06-11 00:00:00,52.5,27.42,24.88,30.67,0,Success
user6370,TXN101289,242.49,P2M,Jaipur,Android,UPI QR,2025-06-11 03:00:00,78.62,34.59,65.89,56.88,0,Pending
user4972,TXN101290,102.83,Bank Transfer,Ahmedabad,Android,UPI Lite,2025-06-11 06:00:00,54.04,70.57,58.72,58.67,0,Success
user6295,TXN101291,87.68,Bank Transfer,Mumbai,Web,UPI QR,2025-06-11 09:00:00,32.61,58.46,94.64,66.19,0,Success
user9228,TXN101292,107.26,P2M,Hyderabad,iOS,UPI,2025-06-11 12:00:00,33.86,9.35,44.56,11.49,0,Success
user4020,TXN101293,270.42,P2P,Chennai,Android,UPI Lite,2025-06-11 15:00:00,75.68,97.32,87.49,77.75,1,Failed
user9987,TXN101294,200.54,Recharge,Chennai,Android,UPI Lite,2025-06-11 18:00:00,6.64,4.93,57.58,31.97,0,Success
user5036,TXN101295,107.48,Shopping,Pune,iOS,UPI Lite,2025-06-11 21:00:00,27.48,8.29,91.45,25.53,0,Success
user6068,TXN101296,347.09,Bank Transfer,Mumbai,Android,UPI Lite,2025-06-12 00:00:00,15.3,70.14,29.18,29.45,0,Success
user6233,TXN101297,137.83,Bill Payment,Bengaluru,Android,UPI Lite,2025-06-12 03:00:00,94.47,70.8,54.98,71.59,1,Failed
user1317,TXN101298,82.0,Shopping,Lucknow,Android,UPI,2025-06-12 06:00:00,9.01,1.89,39.0,19.72,0,Success
user3396,TXN101299,211.52,Bill Payment,Pune,Android,UPI AutoPay,2025-06-12 09:00:00,75.82,64.28,6.59,38.21,0,Success
user3162,TXN101300,59.56,Bill Payment,Pune,Android,UPI,2025-06-12 12:00:00,63.04,3.33,57.43,48.37,0,Success
user3745,TXN101301,30.35,P2P,Pune,Android,UPI Lite,2025-06-12 15:00:00,63.28,96.08,79.42,74.93,1,Success
user2591,TXN101302,163.19,Bill Payment,Hyderabad,Android,UPI QR,2025-06-12 18:00:00,76.34,69.61,55.62,52.07,0,Success
user7183,TXN101303,84.99,P2P,Jaipur,Android,UPI QR,2025-06-12 21:00:00,40.05,18.66,27.93,34.84,0,Success
user4930,TXN101304,127.21,P2M,Pune,Android,UPI Lite,2025-06-13 00:00:00,40.07,15.81,26.38,32.78,0,Success
user2312,TXN101305,62.38,Recharge,Jaipur,Android,UPI AutoPay,2025-06-13 03:00:00,28.87,56.97,23.78,33.25,0,Success
user5311,TXN101306,549.46,Bill Payment,Jaipur,Web,UPI Lite,2025-06-13 06:00:00,59.78,63.35,97.96,62.31,0,Success
user8314,TXN101307,84.65,Recharge,Mumbai,Android,UPI,2025-06-13 09:00:00,92.98,83.12,39.92,59.45,0,Success
user3383,TXN101308,106.48,P2P,Hyderabad,Android,UPI AutoPay,2025-06-13 12:00:00,92.4,90.33,31.69,64.71,0,Success
user4239,TXN101309,239.34,Bill Payment,Jaipur,Android,UPI AutoPay,2025-06-13 15:00:00,70.3,39.25,41.85,54.53,0,Success
user3139,TXN101310,41.4,Shopping,Pune,iOS,UPI,2025-06-13 18:00:00,90.62,84.41,11.58,47.99,0,Success
user2704,TXN101311,38.45,P2M,Hyderabad,Android,UPI AutoPay,2025-06-13 21:00:00,96.35,54.24,19.6,49.13,0,Success
user7924,TXN101312,240.08,Bank Transfer,Pune,Android,UPI Lite,2025-06-14 00:00:00,79.51,47.06,50.89,57.18,0,Success
user1362,TXN101313,105.11,P2M,Delhi,Android,UPI Lite,2025-06-14 03:00:00,40.78,69.9,79.88,60.39,0,Success
user3604,TXN101314,66.59,Bill Payment,Lucknow,Android,UPI QR,2025-06-14 06:00:00,48.32,10.32,87.64,46.74,0,Success
user5286,TXN101315,299.88,P2M,Delhi,iOS,UPI,2025-06-14 09:00:00,93.13,26.54,86.6,57.33,0,Success
user4738,TXN101316,72.83,Bank Transfer,Delhi,iOS,UPI AutoPay,2025-06-14 12:00:00,67.0,81.68,94.48,71.0,1,Success
user3469,TXN101317,124.65,Shopping,Mumbai,Web,UPI AutoPay,2025-06-14 15:00:00,82.07,50.41,12.58,44.02,0,Success
user5795,TXN101318,66.94,Recharge,Bengaluru,Android,UPI AutoPay,2025-06-14 18:00:00,11.61,90.8,4.1,34.34,0,Success
user7150,TXN101319,222.17,Shopping,Lucknow,Android,UPI Lite,2025-06-14 21:00:00,19.39,8.87,10.57,16.59,0,Success
user1556,TXN101320,621.46,P2M,Mumbai,Web,UPI,2025-06-15 00:00:00,34.41,31.34,60.07,36.49,0,Success
user3808,TXN101321,25.51,Bank Transfer,Pune,Android,UPI Lite,2025-06-15 03:00:00,18.82,35.55,55.61,32.01,0,Success
user6150,TXN101322,183.58,Recharge,Mumbai,iOS,UPI AutoPay,2025-06-15 06:00:00,90.65,42.27,67.12,61.56,0,Success
user8561,TXN101323,386.29,Bank Transfer,Pune,Android,UPI Lite,2025-06-15 09:00:00,21.69,98.68,37.11,36.23,0,Success
user3719,TXN101324,107.61,Shopping,Bengaluru,Android,UPI AutoPay,2025-06-15 12:00:00,55.72,31.07,39.16,47.89,0,Success
user7506,TXN101325,52.93,P2P,Jaipur,Android,UPI AutoPay,2025-06-15 15:00:00,8.55,51.87,54.56,39.55,0,Success
user4741,TXN101326,249.88,P2P,Mumbai,Android,UPI Lite,2025-06-15 18:00:00,15.5,53.61,7.91,11.38,0,Success
user4998,TXN101327,446.6,Recharge,Ahmedabad,Android,UPI AutoPay,2025-06-15 21:00:00,24.74,77.08,79.99,67.42,0,Success
user3403,TXN101328,399.62,Recharge,Jaipur,Android,UPI Lite,2025-06-16 00:00:00,98.29,51.79,92.29,76.69,1,Success
user9780,TXN101329,236.49,Recharge,Kolkata,Android,UPI QR,2025-06-16 03:00:00,79.71,60.57,38.73,60.05,0,Success
user1294,TXN101330,180.89,P2P,Mumbai,Android,UPI Lite,2025-06-16 06:00:00,67.36,75.33,73.96,61.51,0,Success
user6343,TXN101331,66.75,Shopping,Pune,Android,UPI QR,2025-06-16 09:00:00,91.63,10.11,54.88,49.83,0,Failed
user2136,TXN101332,389.65,Recharge,Lucknow,Android,UPI QR,2025-06-16 12:00:00,95.62,96.35,23.6,72.88,1,Success
user3064,TXN101333,368.69,P2P,Mumbai,Android,UPI Lite,2025-06-16 15:00:00,45.36,84.63,6.78,56.45,0,Success
user8009,TXN101334,52.56,Recharge,Pune,Android,UPI,2025-06-16 18:00:00,32.77,38.88,24.59,21.72,0,Failed
user5543,TXN101335,236.15,Recharge,Bengaluru,Android,UPI,2025-06-16 21:00:00,31.53,72.84,60.49,56.35,0,Success
user2007,TXN101336,315.08,Bank Transfer,Delhi,Android,UPI Lite,2025-06-17 00:00:00,3.57,76.23,4.02,22.81,0,Success
user6445,TXN101337,396.28,Recharge,Mumbai,iOS,UPI Lite,2025-06-17 03:00:00,27.96,85.02,83.62,66.93,0,Success
user6352,TXN101338,152.17,P2P,Chennai,Android,UPI AutoPay,2025-06-17 06:00:00,35.5,18.83,97.03,32.47,0,Success
user2435,TXN101339,69.58,Shopping,Kolkata,iOS,UPI AutoPay,2025-06-17 09:00:00,3.69,70.37,8.35,24.1,0,Success
user1571,TXN101340,99.27,P2P,Chennai,iOS,UPI Lite,2025-06-17 12:00:00,88.26,3.33,24.67,23.76,0,Success
user3382,TXN101341,59.9,P2P,Jaipur,iOS,UPI,2025-06-17 15:00:00,84.79,11.56,67.56,45.54,0,Pending
user6084,TXN101342,155.86,Recharge,Jaipur,Android,UPI AutoPay,2025-06-17 18:00:00,25.15,77.61,80.61,49.21,0,Success
user1277,TXN101343,128.14,Bank Transfer,Delhi,Android,UPI AutoPay,2025-06-17 21:00:00,80.26,81.3,34.6,64.44,0,Success
user8059,TXN101344,1401.13,Bill Payment,Delhi,iOS,UPI,2025-06-18 00:00:00,79.62,59.24,51.52,50.33,0,Success
user2887,TXN101345,401.29,Bill Payment,Jaipur,Web,UPI Lite,2025-06-18 03:00:00,33.5,58.17,89.18,63.87,0,Success
user2265,TXN101346,432.49,Bill Payment,Mumbai,Web,UPI,2025-06-18 06:00:00,69.71,74.95,38.44,70.17,1,Success
user8491,TXN101347,262.79,P2P,Hyderabad,Android,UPI QR,2025-06-18 09:00:00,28.99,90.61,8.15,40.97,0,Success
user2040,TXN101348,113.6,Recharge,Mumbai,Android,UPI AutoPay,2025-06-18 12:00:00,7.03,42.11,99.49,30.94,0,Success
user9073,TXN101349,124.54,Bill Payment,Kolkata,iOS,UPI AutoPay,2025-06-18 15:00:00,50.48,11.48,18.03,15.93,0,Success
user3752,TXN101350,136.47,P2M,Jaipur,iOS,UPI AutoPay,2025-06-18 18:00:00,43.83,83.9,4.88,42.68,0,Success
user9213,TXN101351,197.99,P2M,Chennai,Android,UPI,2025-06-18 21:00:00,13.82,34.16,41.07,20.2,0,Success
user5569,TXN101352,242.06,P2M,Delhi,Android,UPI,2025-06-19 00:00:00,49.06,13.38,12.15,33.64,0,Success
user7353,TXN101353,164.14,Shopping,Chennai,Android,UPI Lite,2025-06-19 03:00:00,94.94,61.46,97.87,74.08,1,Success
user3353,TXN101354,122.66,Recharge,Jaipur,Android,UPI AutoPay,2025-06-19 06:00:00,73.14,57.81,38.08,55.87,0,Success
user8437,TXN101355,90.55,P2P,Bengaluru,iOS,UPI QR,2025-06-19 09:00:00,73.89,47.42,82.58,60.51,0,Success
user5799,TXN101356,40.75,P2P,Jaipur,Web,UPI Lite,2025-06-19 12:00:00,75.76,85.98,17.66,53.03,0,Success
user1686,TXN101357,591.92,Recharge,Ahmedabad,iOS,UPI,2025-06-19 15:00:00,74.46,27.22,13.88,33.56,0,Success
user9476,TXN101358,1488.51,Bank Transfer,Kolkata,Android,UPI QR,2025-06-19 18:00:00,1.99,1.32,64.93,12.26,0,Success
user5811,TXN101359,544.21,Bank Transfer,Ahmedabad,iOS,UPI Lite,2025-06-19 21:00:00,92.47,32.35,90.93,63.25,0,Success
user9954,TXN101360,46.57,Shopping,Lucknow,Android,UPI,2025-06-20 00:00:00,83.01,0.97,11.45,32.78,0,Success
user6346,TXN101361,360.33,Recharge,Chennai,iOS,UPI QR,2025-06-20 03:00:00,27.46,54.36,58.93,42.98,0,Success
user6043,TXN101362,456.59,Bank Transfer,Bengaluru,iOS,UPI Lite,2025-06-20 06:00:00,55.27,37.82,8.49,33.95,0,Success
user3428,TXN101363,109.57,Shopping,Kolkata,Android,UPI QR,2025-06-20 09:00:00,61.5,81.39,81.22,65.09,0,Success
user6126,TXN101364,267.45,Bill Payment,Pune,Android,UPI,2025-06-20 12:00:00,13.19,79.76,90.93,38.68,0,Success
user9220,TXN101365,103.93,Bill Payment,Lucknow,Android,UPI Lite,2025-06-20 15:00:00,25.4,43.46,62.88,46.0,0,Success
user8813,TXN101366,756.67,Shopping,Hyderabad,Android,UPI,2025-06-20 18:00:00,2.33,21.65,68.83,15.29,0,Success
user4356,TXN101367,236.36,Recharge,Ahmedabad,iOS,UPI AutoPay,2025-06-20 21:00:00,86.4,42.24,5.54,48.31,0,Success
user9707,TXN101368,65.55,Bill Payment,Kolkata,Android,UPI AutoPay,2025-06-21 00:00:00,2.49,64.13,7.3,30.72,0,Success
user8266,TXN101369,320.48,Recharge,Kolkata,Android,UPI QR,2025-06-21 03:00:00,31.87,19.02,17.97,30.37,0,Success
user7540,TXN101370,472.85,Bank Transfer,Ahmedabad,Android,UPI AutoPay,2025-06-21 06:00:00,7.82,77.3,27.38,39.31,0,Success
user1038,TXN101371,199.96,Bill Payment,Lucknow,iOS,UPI,2025-06-21 09:00:00,78.14,33.06,75.99,57.19,0,Success
user4342,TXN101372,264.92,Bank Transfer,Bengaluru,Android,UPI QR,2025-06-21 12:00:00,92.5,93.22,43.54,65.43,0,Success
user3844,TXN101373,152.97,Recharge,Bengaluru,Android,UPI Lite,2025-06-21 15:00:00,56.28,51.19,7.82,27.53,0,Success
user2098,TXN101374,52.76,Recharge,Delhi,iOS,UPI,2025-06-21 18:00:00,13.96,84.71,85.26,51.97,0,Success
user8027,TXN101375,140.93,P2M,Mumbai,Android,UPI Lite,2025-06-21 21:00:00,55.82,61.59,99.38,58.38,0,Success
user2823,TXN101376,276.73,Shopping,Lucknow,Android,UPI Lite,2025-06-22 00:00:00,77.03,55.46,45.5,51.94,0,Success
user4155,TXN101377,144.31,P2P,Chennai,iOS,UPI Lite,2025-06-22 03:00:00,71.84,68.21,51.18,63.53,0,Success
user4093,TXN101378,365.32,Shopping,Chennai,Android,UPI Lite,2025-06-22 06:00:00,74.17,81.15,7.85,51.74,0,Success
user6658,TXN101379,110.81,Recharge,Lucknow,iOS,UPI,2025-06-22 09:00:00,27.92,64.45,38.3,33.64,0,Pending
user4778,TXN101380,118.32,Recharge,Ahmedabad,Android,UPI AutoPay,2025-06-22 12:00:00,7.37,79.72,37.18,56.93,0,Success
user3896,TXN101381,376.58,Shopping,Chennai,Android,UPI,2025-06-22 15:00:00,14.9,19.05,96.58,33.47,0,Success
user1988,TXN101382,204.76,Recharge,Chennai,Android,UPI AutoPay,2025-06-22 18:00:00,95.55,27.75,66.04,64.15,0,Success
user5116,TXN101383,108.67,Bank Transfer,Mumbai,iOS,UPI Lite,2025-06-22 21:00:00,61.35,22.97,78.22,52.99,0,Success
user7446,TXN101384,461.19,Bill Payment,Kolkata,Android,UPI AutoPay,2025-06-23 00:00:00,72.79,79.83,12.83,50.64,0,Success
user5179,TXN101385,82.37,Recharge,Kolkata,Android,UPI Lite,2025-06-23 03:00:00,89.91,8.61,41.69,39.81,0,Failed
user2682,TXN101386,79.29,Shopping,Lucknow,Android,UPI QR,2025-06-23 06:00:00,85.28,79.59,19.16,47.25,0,Success
user6626,TXN101387,9.68,Shopping,Jaipur,Android,UPI Lite,2025-06-23 09:00:00,21.84,38.9,86.02,42.55,0,Success
user8424,TXN101388,94.26,Shopping,Kolkata,iOS,UPI AutoPay,2025-06-23 12:00:00,5.81,7.95,15.24,8.67,0,Success
user1933,TXN101389,607.11,P2M,Ahmedabad,Web,UPI QR,2025-06-23 15:00:00,92.51,42.44,43.89,48.81,0,Success
user4598,TXN101390,20.65,Bank Transfer,Pune,iOS,UPI QR,2025-06-23 18:00:00,98.17,30.05,5.37,53.64,0,Success
user2980,TXN101391,63.31,Bank Transfer,Jaipur,Android,UPI Lite,2025-06-23 21:00:00,56.73,59.2,63.43,57.97,0,Pending
user4056,TXN101392,254.44,P2M,Mumbai,Android,UPI,2025-06-24 00:00:00,88.84,47.25,48.19,57.97,0,Success
user9984,TXN101393,17.38,Bank Transfer,Ahmedabad,iOS,UPI AutoPay,2025-06-24 03:00:00,23.18,29.68,49.8,26.92,0,Success
user1791,TXN101394,98.43,P2M,Bengaluru,Web,UPI QR,2025-06-24 06:00:00,11.1,86.23,10.16,30.99,0,Success
user6390,TXN101395,513.3,Bank Transfer,Mumbai,Android,UPI,2025-06-24 09:00:00,49.98,40.68,51.4,35.3,0,Failed
user7635,TXN101396,1265.25,P2M,Delhi,Android,UPI Lite,2025-06-24 12:00:00,81.12,47.07,56.38,54.9,0,Success
user3255,TXN101397,219.26,P2M,Chennai,Android,UPI Lite,2025-06-24 15:00:00,65.47,84.66,96.28,77.88,1,Success
user4610,TXN101398,64.94,Bank Transfer,Hyderabad,Android,UPI Lite,2025-06-24 18:00:00,63.73,8.91,3.32,24.81,0,Success
user2607,TXN101399,62.79,P2M,Bengaluru,Android,UPI Lite,2025-06-24 21:00:00,1.75,38.99,92.27,50.49,0,Success
user6179,TXN101400,189.6,Bank Transfer,Jaipur,Web,UPI AutoPay,2025-06-25 00:00:00,31.75,40.29,47.96,31.36,0,Success
user7573,TXN101401,217.23,P2M,Ahmedabad,Android,UPI QR,2025-06-25 03:00:00,93.95,49.58,21.01,52.84,0,Success
user1984,TXN101402,1051.45,Shopping,Bengaluru,Android,UPI AutoPay,2025-06-25 06:00:00,13.43,10.61,66.55,29.99,0,Pending
user6776,TXN101403,433.03,P2P,Delhi,Android,UPI QR,2025-06-25 09:00:00,72.64,10.27,51.71,46.65,0,Success
user4676,TXN101404,178.41,Bank Transfer,Ahmedabad,Web,UPI,2025-06-25 12:00:00,75.93,41.64,22.68,43.33,0,Success
user4380,TXN101405,117.31,P2M,Hyderabad,Android,UPI,2025-06-25 15:00:00,73.28,3.3,62.68,37.61,0,Success
user9711,TXN101406,3343.29,Shopping,Jaipur,Android,UPI QR,2025-06-25 18:00:00,98.93,25.5,47.33,58.73,0,Success
user9782,TXN101407,306.92,P2P,Mumbai,Android,UPI Lite,2025-06-25 21:00:00,40.92,20.12,68.9,41.22,0,Success
user2050,TXN101408,84.04,P2M,Lucknow,Android,UPI,2025-06-26 00:00:00,68.22,48.94,68.91,54.11,0,Success
user4633,TXN101409,131.02,P2P,Bengaluru,iOS,UPI AutoPay,2025-06-26 03:00:00,19.37,1.12,47.28,36.23,0,Failed
user7342,TXN101410,68.21,Bank Transfer,Hyderabad,Android,UPI QR,2025-06-26 06:00:00,39.97,67.57,39.08,42.16,0,Success
user1959,TXN101411,14.81,P2P,Delhi,Android,UPI,2025-06-26 09:00:00,49.16,85.56,6.32,46.22,0,Success
user7059,TXN101412,224.23,Bill Payment,Bengaluru,Android,UPI QR,2025-06-26 12:00:00,21.48,70.67,49.38,41.8,0,Success
user9884,TXN101413,975.02,Recharge,Pune,Android,UPI Lite,2025-06-26 15:00:00,90.68,81.81,24.31,62.83,0,Success
user6655,TXN101414,32.12,Bill Payment,Pune,Android,UPI QR,2025-06-26 18:00:00,71.62,64.33,5.32,51.9,0,Pending
user5473,TXN101415,173.34,Bank Transfer,Jaipur,Web,UPI,2025-06-26 21:00:00,28.38,50.74,33.04,26.68,0,Success
user3946,TXN101416,80.89,Bank Transfer,Mumbai,Android,UPI QR,2025-06-27 00:00:00,13.5,21.9,8.75,30.22,0,Success
user8725,TXN101417,276.3,P2P,Jaipur,iOS,UPI,2025-06-27 03:00:00,28.79,27.96,57.97,28.76,0,Success
user1526,TXN101418,138.06,Shopping,Jaipur,Android,UPI,2025-06-27 06:00:00,62.3,31.77,50.37,47.54,0,Pending
user4224,TXN101419,42.1,P2M,Chennai,Web,UPI,2025-06-27 09:00:00,82.64,3.8,79.24,51.44,0,Failed
user2875,TXN101420,61.49,Recharge,Mumbai,Android,UPI AutoPay,2025-06-27 12:00:00,50.32,91.31,26.76,51.68,0,Success
user2763,TXN101421,71.5,P2M,Chennai,Android,UPI Lite,2025-06-27 15:00:00,10.25,90.03,37.15,49.28,0,Success
user9712,TXN101422,629.12,Shopping,Ahmedabad,Android,UPI Lite,2025-06-27 18:00:00,24.93,10.78,68.9,44.07,0,Success
user6797,TXN101423,597.8,Bank Transfer,Hyderabad,Android,UPI QR,2025-06-27 21:00:00,34.51,55.67,99.29,49.34,0,Success
user8099,TXN101424,120.14,Recharge,Hyderabad,Android,UPI QR,2025-06-28 00:00:00,63.61,46.76,90.42,53.82,0,Success
user6109,TXN101425,559.93,Bill Payment,Mumbai,Web,UPI,2025-06-28 03:00:00,24.66,68.34,52.08,47.07,0,Success
user7644,TXN101426,137.94,Bank Transfer,Mumbai,iOS,UPI Lite,2025-06-28 06:00:00,23.39,60.3,67.79,43.16,0,Success
user1116,TXN101427,118.31,Bank Transfer,Ahmedabad,Android,UPI QR,2025-06-28 09:00:00,28.62,12.43,53.19,23.79,0,Success
user3433,TXN101428,173.66,P2P,Hyderabad,Android,UPI QR,2025-06-28 12:00:00,59.25,66.01,43.48,49.78,0,Success
user6463,TXN101429,218.07,Shopping,Ahmedabad,Android,UPI Lite,2025-06-28 15:00:00,49.26,60.89,60.23,47.51,0,Success
user1583,TXN101430,94.12,P2P,Lucknow,iOS,UPI,2025-06-28 18:00:00,84.16,53.12,38.65,47.4,0,Success
user9586,TXN101431,167.65,P2P,Delhi,Android,UPI QR,2025-06-28 21:00:00,69.79,40.24,28.02,45.74,0,Pending
user4788,TXN101432,360.44,P2M,Pune,Android,UPI,2025-06-29 00:00:00,66.68,95.49,70.57,70.72,1,Success
user5167,TXN101433,186.71,Bank Transfer,Lucknow,Web,UPI Lite,2025-06-29 03:00:00,15.47,84.94,87.2,49.9,0,Success
user9465,TXN101434,171.19,Shopping,Jaipur,Android,UPI Lite,2025-06-29 06:00:00,5.52,58.51,28.8,13.7,0,Success
user2389,TXN101435,268.86,P2P,Bengaluru,iOS,UPI QR,2025-06-29 09:00:00,51.0,0.64,70.69,33.93,0,Failed
user9357,TXN101436,319.48,Bill Payment,Chennai,Android,UPI QR,2025-06-29 12:00:00,7.16,43.21,43.4,40.68,0,Success
user7154,TXN101437,154.07,Recharge,Kolkata,iOS,UPI Lite,2025-06-29 15:00:00,36.4,70.03,30.21,39.28,0,Success
user6420,TXN101438,102.09,Shopping,Bengaluru,Android,UPI,2025-06-29 18:00:00,2.61,11.73,62.11,18.05,0,Success
user9920,TXN101439,198.19,P2M,Mumbai,Android,UPI,2025-06-29 21:00:00,17.68,40.65,93.94,38.88,0,Failed
user3043,TXN101440,33.32,Shopping,Delhi,Web,UPI AutoPay,2025-06-30 00:00:00,11.04,19.17,35.17,22.81,0,Failed
user5197,TXN101441,132.91,Bank Transfer,Lucknow,Android,UPI Lite,2025-06-30 03:00:00,80.1,33.81,75.95,64.95,0,Success
user4496,TXN101442,13.85,P2M,Kolkata,Android,UPI QR,2025-06-30 06:00:00,34.61,2.67,31.47,16.22,0,Success
user1778,TXN101443,30.7,Recharge,Kolkata,Android,UPI Lite,2025-06-30 09:00:00,7.88,12.67,80.39,16.19,0,Success
user1213,TXN101444,26.41,Bill Payment,Mumbai,Android,UPI QR,2025-06-30 12:00:00,26.55,45.48,76.0,39.6,0,Success
user4762,TXN101445,467.48,P2P,Lucknow,iOS,UPI,2025-06-30 15:00:00,68.28,89.82,76.56,67.24,0,Success
user7731,TXN101446,166.33,Shopping,Kolkata,Android,UPI QR,2025-06-30 18:00:00,74.56,49.06,99.77,64.63,0,Success
user4117,TXN101447,46.43,P2M,Lucknow,iOS,UPI AutoPay,2025-06-30 21:00:00,11.99,45.31,14.05,29.75,0,Success
user6791,TXN101448,268.02,Recharge,Chennai,Android,UPI,2025-07-01 00:00:00,77.86,78.76,38.88,53.97,0,Success
user9783,TXN101449,440.83,P2P,Chennai,Android,UPI AutoPay,2025-07-01 03:00:00,37.06,26.78,63.08,40.61,0,Success
user3720,TXN101450,272.73,Recharge,Kolkata,iOS,UPI Lite,2025-07-01 06:00:00,67.94,9.51,59.05,44.94,0,Success
user9905,TXN101451,135.81,Bill Payment,Kolkata,Android,UPI QR,2025-07-01 09:00:00,67.15,20.96,78.06,53.1,0,Success
user7047,TXN101452,206.95,P2P,Mumbai,iOS,UPI,2025-07-01 12:00:00,79.36,79.13,4.69,57.97,0,Failed
user9032,TXN101453,404.03,P2P,Lucknow,Android,UPI QR,2025-07-01 15:00:00,69.72,67.7,70.51,49.93,0,Success
user1001,TXN101454,102.59,P2P,Hyderabad,Android,UPI AutoPay,2025-07-01 18:00:00,3.89,9.15,73.77,26.99,0,Success
user7368,TXN101455,168.99,P2M,Ahmedabad,Android,UPI,2025-07-01 21:00:00,51.95,66.71,6.11,39.99,0,Success
user2949,TXN101456,126.82,P2P,Ahmedabad,Android,UPI AutoPay,2025-07-02 00:00:00,16.62,93.16,53.87,42.66,0,Pending
user7732,TXN101457,32.67,Recharge,Bengaluru,Android,UPI,2025-07-02 03:00:00,97.0,4.5,24.5,53.06,0,Success
user8833,TXN101458,410.17,P2M,Bengaluru,Android,UPI Lite,2025-07-02 06:00:00,25.58,61.64,80.16,54.56,0,Failed
user1917,TXN101459,1283.4,P2P,Kolkata,iOS,UPI Lite,2025-07-02 09:00:00,42.01,37.92,4.96,24.21,0,Success
user4174,TXN101460,68.46,Recharge,Pune,Android,UPI QR,2025-07-02 12:00:00,19.67,50.1,14.62,22.37,0,Success
user8014,TXN101461,429.53,Recharge,Chennai,Android,UPI AutoPay,2025-07-02 15:00:00,13.46,52.82,10.45,31.59,0,Success
user1089,TXN101462,70.67,Shopping,Jaipur,Android,UPI AutoPay,2025-07-02 18:00:00,60.09,77.1,6.52,45.72,0,Success
user2709,TXN101463,187.31,Recharge,Lucknow,Android,UPI,2025-07-02 21:00:00,49.32,55.7,60.01,40.27,0,Pending
user4041,TXN101464,741.01,Bank Transfer,Delhi,Android,UPI Lite,2025-07-03 00:00:00,37.47,59.31,86.85,66.4,0,Failed
user1105,TXN101465,97.47,Bill Payment,Delhi,Android,UPI QR,2025-07-03 03:00:00,8.54,33.29,51.1,24.23,0,Success
user9619,TXN101466,161.63,P2P,Chennai,Android,UPI Lite,2025-07-03 06:00:00,73.6,12.59,21.06,35.34,0,Success
user2895,TXN101467,27.07,P2P,Bengaluru,Android,UPI AutoPay,2025-07-03 09:00:00,0.59,68.27,34.38,32.55,0,Success
user7090,TXN101468,84.42,P2P,Mumbai,Android,UPI QR,2025-07-03 12:00:00,45.77,0.05,36.04,19.36,0,Success
user9508,TXN101469,24.38,Recharge,Delhi,iOS,UPI Lite,2025-07-03 15:00:00,63.26,32.87,45.16,52.42,0,Success
user7082,TXN101470,251.94,Recharge,Kolkata,iOS,UPI Lite,2025-07-03 18:00:00,43.07,21.8,42.05,26.13,0,Success
user1634,TXN101471,376.77,P2P,Pune,Android,UPI,2025-07-03 21:00:00,12.62,38.85,67.12,35.29,0,Success
user2925,TXN101472,131.42,Bank Transfer,Delhi,Web,UPI,2025-07-04 00:00:00,77.82,31.13,33.99,41.65,0,Success
user3056,TXN101473,218.3,P2M,Ahmedabad,Android,UPI AutoPay,2025-07-04 03:00:00,32.39,70.42,66.3,56.93,0,Success
user7917,TXN101474,118.42,P2M,Pune,Android,UPI Lite,2025-07-04 06:00:00,13.48,26.02,54.68,30.41,0,Success
user4144,TXN101475,343.97,Bill Payment,Pune,iOS,UPI,2025-07-04 09:00:00,55.03,56.08,4.85,36.74,0,Success
user1552,TXN101476,186.69,Shopping,Delhi,Android,UPI Lite,2025-07-04 12:00:00,1.92,45.58,91.97,26.85,0,Success
user9907,TXN101477,22.52,Bill Payment,Mumbai,Web,UPI QR,2025-07-04 15:00:00,32.41,80.11,17.8,42.52,0,Success
user6383,TXN101478,419.88,P2P,Mumbai,Web,UPI Lite,2025-07-04 18:00:00,75.06,42.81,45.15,52.26,0,Success
user4911,TXN101479,111.1,P2P,Bengaluru,Android,UPI Lite,2025-07-04 21:00:00,91.27,86.39,94.76,70.97,1,Success
user4389,TXN101480,46.05,P2P,Chennai,Web,UPI AutoPay,2025-07-05 00:00:00,59.17,0.01,24.73,28.42,0,Failed
user9442,TXN101481,105.75,Shopping,Kolkata,Web,UPI QR,2025-07-05 03:00:00,21.76,60.48,2.22,31.14,0,Success
user3430,TXN101482,24.48,Recharge,Jaipur,Android,UPI QR,2025-07-05 06:00:00,22.0,0.98,49.0,20.75,0,Success
user1458,TXN101483,47.0,Shopping,Hyderabad,Web,UPI,2025-07-05 09:00:00,60.39,71.39,22.39,44.76,0,Success
user1207,TXN101484,189.23,Bill Payment,Jaipur,Android,UPI QR,2025-07-05 12:00:00,40.68,23.49,58.2,45.82,0,Success
user1899,TXN101485,205.76,Recharge,Ahmedabad,iOS,UPI AutoPay,2025-07-05 15:00:00,17.73,38.0,81.71,51.22,0,Success
user1021,TXN101486,222.84,Recharge,Mumbai,Android,UPI,2025-07-05 18:00:00,78.74,38.04,51.12,44.4,0,Success
user9601,TXN101487,164.55,Bill Payment,Bengaluru,Android,UPI Lite,2025-07-05 21:00:00,20.02,84.64,64.5,56.06,0,Success
user1894,TXN101488,82.03,Recharge,Ahmedabad,Android,UPI QR,2025-07-06 00:00:00,32.16,10.21,66.62,34.13,0,Success
user1514,TXN101489,155.33,P2M,Jaipur,Android,UPI Lite,2025-07-06 03:00:00,6.14,66.69,82.05,38.71,0,Success
user8294,TXN101490,105.93,Bill Payment,Pune,iOS,UPI,2025-07-06 06:00:00,70.14,98.13,68.79,69.91,0,Success
user5904,TXN101491,32.27,Bill Payment,Chennai,Android,UPI QR,2025-07-06 09:00:00,27.53,2.24,97.62,33.61,0,Success
user8867,TXN101492,75.76,P2M,Pune,Android,UPI,2025-07-06 12:00:00,23.29,96.59,45.62,56.04,0,Success
user5109,TXN101493,399.23,Shopping,Jaipur,Android,UPI,2025-07-06 15:00:00,30.34,1.84,5.03,10.12,0,Success
user8179,TXN101494,802.95,Shopping,Delhi,Android,UPI QR,2025-07-06 18:00:00,87.41,84.11,39.4,54.46,0,Success
user2560,TXN101495,314.59,Shopping,Chennai,iOS,UPI QR,2025-07-06 21:00:00,51.8,96.12,83.99,67.1,0,Success
user2266,TXN101496,767.93,Recharge,Bengaluru,Android,UPI,2025-07-07 00:00:00,15.79,99.3,13.31,46.74,0,Failed
user4638,TXN101497,178.64,P2M,Lucknow,Android,UPI AutoPay,2025-07-07 03:00:00,77.45,45.91,73.59,67.94,0,Success
user9941,TXN101498,936.71,Bill Payment,Pune,Android,UPI QR,2025-07-07 06:00:00,20.85,86.7,53.57,45.69,0,Success
user4427,TXN101499,1279.84,Bill Payment,Delhi,Android,UPI,2025-07-07 09:00:00,41.25,12.23,90.07,46.52,0,Success
user5780,TXN101500,28.98,Bill Payment,Ahmedabad,Android,UPI Lite,2025-07-07 12:00:00,56.81,42.54,73.12,59.42,0,Success
user2927,TXN101501,204.69,Recharge,Lucknow,Web,UPI Lite,2025-07-07 15:00:00,58.44,30.8,66.05,51.19,0,Success
user3356,TXN101502,178.83,Recharge,Ahmedabad,iOS,UPI QR,2025-07-07 18:00:00,6.9,39.52,88.69,51.26,0,Success
user5790,TXN101503,107.33,Bank Transfer,Mumbai,Android,UPI QR,2025-07-07 21:00:00,83.68,70.2,90.82,83.02,1,Failed
user1306,TXN101504,268.25,Shopping,Lucknow,Android,UPI Lite,2025-07-08 00:00:00,47.94,8.75,38.49,26.55,0,Success
user8979,TXN101505,170.91,Bank Transfer,Chennai,Android,UPI,2025-07-08 03:00:00,98.93,99.82,92.78,87.41,1,Failed
user4665,TXN101506,78.61,Bank Transfer,Mumbai,iOS,UPI,2025-07-08 06:00:00,71.74,63.51,5.47,57.57,0,Success
user8057,TXN101507,159.72,Recharge,Chennai,Android,UPI,2025-07-08 09:00:00,99.26,87.35,76.26,72.13,1,Success
user1661,TXN101508,547.08,Shopping,Kolkata,iOS,UPI AutoPay,2025-07-08 12:00:00,45.35,82.97,33.65,49.79,0,Success
user5644,TXN101509,196.87,Shopping,Delhi,Android,UPI QR,2025-07-08 15:00:00,14.08,76.6,48.74,53.81,0,Success
user9503,TXN101510,307.03,Bill Payment,Jaipur,Android,UPI AutoPay,2025-07-08 18:00:00,72.73,3.92,83.57,62.35,0,Failed
user3920,TXN101511,124.33,Recharge,Ahmedabad,iOS,UPI AutoPay,2025-07-08 21:00:00,77.78,51.65,63.7,60.95,0,Success
user9946,TXN101512,257.77,Shopping,Jaipur,Android,UPI AutoPay,2025-07-09 00:00:00,85.28,32.81,45.75,39.98,0,Success
user7236,TXN101513,48.95,Bank Transfer,Lucknow,Web,UPI AutoPay,2025-07-09 03:00:00,30.14,11.29,16.39,15.63,0,Success
user7078,TXN101514,99.51,P2M,Pune,Android,UPI,2025-07-09 06:00:00,51.07,34.3,93.93,56.91,0,Failed
user1352,TXN101515,148.02,P2M,Pune,Android,UPI QR,2025-07-09 09:00:00,85.75,64.48,33.25,52.42,0,Success
user8005,TXN101516,45.77,Recharge,Ahmedabad,Android,UPI QR,2025-07-09 12:00:00,86.47,23.06,10.12,56.22,0,Success
user1158,TXN101517,71.51,Bill Payment,Mumbai,iOS,UPI AutoPay,2025-07-09 15:00:00,2.57,44.46,56.41,26.84,0,Success
user1956,TXN101518,224.33,Bill Payment,Ahmedabad,iOS,UPI QR,2025-07-09 18:00:00,67.09,40.45,40.63,55.53,0,Success
user3071,TXN101519,186.76,Shopping,Kolkata,Android,UPI Lite,2025-07-09 21:00:00,60.17,5.25,59.05,36.93,0,Success
user9595,TXN101520,367.37,Recharge,Kolkata,Android,UPI,2025-07-10 00:00:00,8.33,62.81,23.35,30.51,0,Success
user4453,TXN101521,89.97,P2M,Jaipur,Android,UPI QR,2025-07-10 03:00:00,93.01,61.88,37.87,60.75,0,Success
user7675,TXN101522,173.75,Bank Transfer,Lucknow,Android,UPI,2025-07-10 06:00:00,44.54,96.64,97.25,65.3,0,Success
user1955,TXN101523,83.77,Shopping,Kolkata,Android,UPI Lite,2025-07-10 09:00:00,67.43,29.8,93.65,53.32,0,Success
user7295,TXN101524,332.33,Bank Transfer,Delhi,Android,UPI,2025-07-10 12:00:00,88.28,41.9,86.44,70.65,1,Success
user2712,TXN101525,539.56,Shopping,Mumbai,Android,UPI Lite,2025-07-10 15:00:00,13.01,40.36,77.91,35.74,0,Success
user5703,TXN101526,265.95,P2P,Mumbai,Android,UPI AutoPay,2025-07-10 18:00:00,85.58,91.97,15.66,58.91,0,Success
user7563,TXN101527,473.99,Bank Transfer,Kolkata,Android,UPI QR,2025-07-10 21:00:00,72.43,40.86,46.69,54.53,0,Success
user6631,TXN101528,169.44,Recharge,Hyderabad,Android,UPI AutoPay,2025-07-11 00:00:00,83.96,44.28,72.79,71.91,1,Success
user2394,TXN101529,367.09,Bank Transfer,Pune,Android,UPI QR,2025-07-11 03:00:00,49.48,25.23,26.18,44.17,0,Success
user5732,TXN101530,176.87,Bank Transfer,Hyderabad,Android,UPI AutoPay,2025-07-11 06:00:00,3.35,0.12,3.31,0.0,0,Failed
user4714,TXN101531,58.85,Shopping,Lucknow,iOS,UPI Lite,2025-07-11 09:00:00,67.05,11.05,41.81,31.92,0,Success
user1529,TXN101532,209.92,P2M,Lucknow,Android,UPI QR,2025-07-11 12:00:00,37.45,70.39,42.51,54.35,0,Success
user3958,TXN101533,60.62,P2P,Chennai,Android,UPI AutoPay,2025-07-11 15:00:00,40.24,68.25,6.51,32.85,0,Success
user8904,TXN101534,1701.27,Bank Transfer,Lucknow,Android,UPI,2025-07-11 18:00:00,44.13,32.25,32.06,34.88,0,Success
user4591,TXN101535,117.44,P2M,Chennai,iOS,UPI,2025-07-11 21:00:00,49.29,47.3,91.73,45.17,0,Success
user7895,TXN101536,312.64,Bill Payment,Mumbai,Android,UPI AutoPay,2025-07-12 00:00:00,66.19,29.74,25.03,43.99,0,Success
user1525,TXN101537,162.0,P2P,Delhi,Web,UPI Lite,2025-07-12 03:00:00,72.68,73.09,56.92,61.71,0,Success
user7477,TXN101538,47.77,P2P,Bengaluru,Android,UPI AutoPay,2025-07-12 06:00:00,77.68,84.25,48.79,72.19,1,Success
user1001,TXN101539,24.57,Shopping,Pune,Android,UPI,2025-07-12 09:00:00,67.16,89.91,86.21,77.71,1,Success
user1374,TXN101540,346.89,Bank Transfer,Chennai,Android,UPI QR,2025-07-12 12:00:00,80.35,17.39,65.36,57.74,0,Success
user5648,TXN101541,772.28,Bill Payment,Jaipur,Android,UPI QR,2025-07-12 15:00:00,12.21,69.5,15.84,38.08,0,Success
user3365,TXN101542,78.66,Shopping,Delhi,Android,UPI AutoPay,2025-07-12 18:00:00,83.68,96.3,14.29,59.2,0,Success
user2525,TXN101543,31.29,Recharge,Ahmedabad,Android,UPI QR,2025-07-12 21:00:00,38.73,65.06,55.75,46.98,0,Success
user2646,TXN101544,118.49,P2M,Jaipur,Android,UPI,2025-07-13 00:00:00,52.88,35.1,4.65,31.87,0,Success
user1013,TXN101545,64.26,P2M,Delhi,Android,UPI QR,2025-07-13 03:00:00,43.38,63.59,39.35,44.98,0,Success
user5599,TXN101546,85.6,Shopping,Jaipur,Android,UPI AutoPay,2025-07-13 06:00:00,47.57,68.84,39.9,52.26,0,Success
user3278,TXN101547,301.98,P2M,Kolkata,Android,UPI AutoPay,2025-07-13 09:00:00,28.54,39.7,19.63,24.18,0,Failed
user4155,TXN101548,155.95,Bank Transfer,Jaipur,Android,UPI AutoPay,2025-07-13 12:00:00,17.0,10.4,30.1,19.11,0,Failed
user9321,TXN101549,71.56,P2M,Chennai,iOS,UPI,2025-07-13 15:00:00,10.49,60.67,32.99,26.22,0,Success
user4814,TXN101550,295.45,Bank Transfer,Delhi,Android,UPI Lite,2025-07-13 18:00:00,45.14,80.21,1.18,42.52,0,Success
user4216,TXN101551,319.54,Recharge,Ahmedabad,Android,UPI QR,2025-07-13 21:00:00,12.53,99.76,80.59,57.67,0,Pending
user9219,TXN101552,117.09,Bill Payment,Lucknow,Android,UPI AutoPay,2025-07-14 00:00:00,24.5,22.31,95.74,31.19,0,Pending
user3113,TXN101553,188.28,P2P,Jaipur,Android,UPI Lite,2025-07-14 03:00:00,13.36,70.04,28.93,35.78,0,Success
user5356,TXN101554,276.03,Shopping,Ahmedabad,Android,UPI AutoPay,2025-07-14 06:00:00,10.91,2.8,11.2,17.57,0,Success
user6543,TXN101555,251.16,Shopping,Delhi,Android,UPI AutoPay,2025-07-14 09:00:00,88.25,96.98,95.36,91.79,1,Success
user5555,TXN101556,170.82,Bank Transfer,Ahmedabad,Android,UPI,2025-07-14 12:00:00,67.4,1.26,74.06,34.57,0,Success
user8062,TXN101557,687.17,Recharge,Bengaluru,Web,UPI,2025-07-14 15:00:00,92.38,35.88,89.11,57.9,0,Success
user4374,TXN101558,293.74,Recharge,Bengaluru,Android,UPI Lite,2025-07-14 18:00:00,64.4,7.64,36.09,38.12,0,Success
user7430,TXN101559,104.51,P2P,Jaipur,Android,UPI AutoPay,2025-07-14 21:00:00,84.4,62.1,48.41,61.55,0,Success
user4466,TXN101560,105.14,Bill Payment,Jaipur,iOS,UPI QR,2025-07-15 00:00:00,55.53,33.95,93.02,52.02,0,Success
user4081,TXN101561,93.87,Shopping,Jaipur,Android,UPI QR,2025-07-15 03:00:00,46.26,73.29,45.96,32.42,0,Success
user1629,TXN101562,308.62,Bank Transfer,Pune,iOS,UPI QR,2025-07-15 06:00:00,52.85,48.64,67.21,43.32,0,Success
user1269,TXN101563,87.99,Recharge,Kolkata,Android,UPI Lite,2025-07-15 09:00:00,32.02,41.94,70.48,50.62,0,Failed
user6724,TXN101564,107.24,Shopping,Ahmedabad,Android,UPI,2025-07-15 12:00:00,65.8,34.85,83.71,57.57,0,Success
user6897,TXN101565,472.49,Bank Transfer,Hyderabad,iOS,UPI Lite,2025-07-15 15:00:00,89.72,8.61,97.52,73.22,1,Success
user4432,TXN101566,198.67,P2M,Mumbai,Web,UPI,2025-07-15 18:00:00,78.24,20.48,33.49,48.37,0,Success
user7276,TXN101567,543.77,Shopping,Jaipur,Android,UPI QR,2025-07-15 21:00:00,46.2,63.91,24.75,44.93,0,Success
user6895,TXN101568,364.33,Bill Payment,Chennai,Android,UPI QR,2025-07-16 00:00:00,95.39,49.68,7.77,39.98,0,Success
user8115,TXN101569,50.57,Bank Transfer,Bengaluru,Android,UPI,2025-07-16 03:00:00,98.54,7.01,85.65,60.45,0,Success
user7656,TXN101570,148.1,Bill Payment,Bengaluru,Android,UPI QR,2025-07-16 06:00:00,49.31,54.4,29.27,40.56,0,Failed
user1575,TXN101571,441.4,Shopping,Lucknow,iOS,UPI Lite,2025-07-16 09:00:00,86.46,5.41,4.96,26.12,0,Success
user8029,TXN101572,48.32,P2M,Mumbai,Android,UPI,2025-07-16 12:00:00,0.48,51.17,86.53,46.33,0,Success
user7099,TXN101573,249.56,Bill Payment,Ahmedabad,Android,UPI QR,2025-07-16 15:00:00,6.67,96.5,50.99,44.96,0,Success
user4192,TXN101574,157.71,Recharge,Delhi,Android,UPI AutoPay,2025-07-16 18:00:00,2.24,30.73,83.83,34.19,0,Success
user4178,TXN101575,28.37,Bank Transfer,Mumbai,iOS,UPI QR,2025-07-16 21:00:00,77.32,72.35,55.45,56.89,0,Success
user7052,TXN101576,184.87,Shopping,Kolkata,Android,UPI AutoPay,2025-07-17 00:00:00,7.98,74.56,31.37,35.91,0,Success
user3734,TXN101577,70.99,P2M,Jaipur,iOS,UPI QR,2025-07-17 03:00:00,1.71,40.49,12.98,15.0,0,Success
user7116,TXN101578,51.03,Recharge,Chennai,Android,UPI AutoPay,2025-07-17 06:00:00,14.74,59.33,43.72,49.97,0,Success
user4568,TXN101579,165.53,Shopping,Ahmedabad,Android,UPI QR,2025-07-17 09:00:00,30.63,47.2,2.65,22.01,0,Success
user3203,TXN101580,23.79,P2M,Ahmedabad,Android,UPI AutoPay,2025-07-17 12:00:00,46.47,28.34,60.25,35.0,0,Success
user2390,TXN101581,83.57,Recharge,Jaipur,Android,UPI,2025-07-17 15:00:00,6.54,75.47,42.77,37.58,0,Success
user2742,TXN101582,2103.11,Bill Payment,Kolkata,Android,UPI,2025-07-17 18:00:00,49.9,70.28,14.15,44.7,0,Success
user2925,TXN101583,314.26,Shopping,Jaipur,iOS,UPI AutoPay,2025-07-17 21:00:00,24.81,90.05,53.02,51.25,0,Success
user1619,TXN101584,67.94,Shopping,Jaipur,Android,UPI QR,2025-07-18 00:00:00,27.44,61.81,80.09,59.8,0,Success
user2274,TXN101585,667.92,Bill Payment,Mumbai,Android,UPI Lite,2025-07-18 03:00:00,82.19,38.87,97.48,59.3,0,Success
user1956,TXN101586,60.82,P2P,Chennai,Android,UPI Lite,2025-07-18 06:00:00,98.69,71.4,52.74,70.06,1,Success
user2939,TXN101587,94.28,Recharge,Ahmedabad,Android,UPI Lite,2025-07-18 09:00:00,46.39,61.9,12.96,33.86,0,Success
user4953,TXN101588,52.0,Bill Payment,Lucknow,Android,UPI Lite,2025-07-18 12:00:00,32.18,61.66,81.07,45.47,0,Pending
user1968,TXN101589,211.89,Shopping,Jaipur,iOS,UPI AutoPay,2025-07-18 15:00:00,93.14,84.98,69.58,74.95,1,Success
user1281,TXN101590,644.6,Recharge,Pune,Android,UPI,2025-07-18 18:00:00,50.04,91.05,95.4,70.04,1,Success
user7262,TXN101591,60.4,Recharge,Delhi,Android,UPI,2025-07-18 21:00:00,73.04,18.02,53.52,56.93,0,Success
user2058,TXN101592,20.9,P2P,Jaipur,Android,UPI Lite,2025-07-19 00:00:00,41.37,31.41,35.71,29.21,0,Failed
user5293,TXN101593,488.32,Shopping,Jaipur,Android,UPI,2025-07-19 03:00:00,20.25,65.03,96.28,49.91,0,Success
user6178,TXN101594,775.73,P2M,Ahmedabad,iOS,UPI AutoPay,2025-07-19 06:00:00,65.49,55.72,53.84,41.62,0,Success
user7980,TXN101595,22.31,P2P,Bengaluru,Android,UPI Lite,2025-07-19 09:00:00,66.48,65.23,1.59,46.47,0,Success
user2229,TXN101596,259.84,P2P,Hyderabad,Android,UPI AutoPay,2025-07-19 12:00:00,46.02,43.3,47.37,42.31,0,Success
user5585,TXN101597,205.72,P2M,Delhi,Web,UPI AutoPay,2025-07-19 15:00:00,26.99,41.24,0.24,26.45,0,Success
user9467,TXN101598,74.63,P2M,Bengaluru,Android,UPI QR,2025-07-19 18:00:00,83.18,11.77,73.77,52.92,0,Success
user3740,TXN101599,40.68,P2P,Mumbai,iOS,UPI AutoPay,2025-07-19 21:00:00,27.53,62.36,56.59,29.89,0,Success
user3289,TXN101600,442.19,Recharge,Pune,Android,UPI QR,2025-07-20 00:00:00,65.9,17.58,10.98,44.12,0,Success
user2239,TXN101601,196.19,Bill Payment,Hyderabad,Android,UPI Lite,2025-07-20 03:00:00,38.4,67.1,81.3,56.4,0,Success
user6370,TXN101602,211.54,Bill Payment,Delhi,iOS,UPI AutoPay,2025-07-20 06:00:00,47.25,96.71,53.64,61.98,0,Failed
user1125,TXN101603,88.08,P2P,Bengaluru,Android,UPI,2025-07-20 09:00:00,21.14,25.64,11.41,30.44,0,Success
user8473,TXN101604,73.56,Recharge,Chennai,iOS,UPI Lite,2025-07-20 12:00:00,64.95,14.22,16.0,27.73,0,Pending
user6342,TXN101605,14.08,P2M,Chennai,Android,UPI AutoPay,2025-07-20 15:00:00,22.58,2.42,82.21,19.52,0,Success
user8351,TXN101606,130.58,Bank Transfer,Kolkata,Android,UPI AutoPay,2025-07-20 18:00:00,48.57,37.88,35.55,29.9,0,Success
user7638,TXN101607,691.47,P2P,Jaipur,Android,UPI,2025-07-20 21:00:00,32.85,21.46,82.11,39.62,0,Success
user7570,TXN101608,67.34,Shopping,Pune,Android,UPI QR,2025-07-21 00:00:00,96.36,49.19,6.95,49.56,0,Success
user4249,TXN101609,35.79,Recharge,Hyderabad,Android,UPI AutoPay,2025-07-21 03:00:00,98.22,52.43,24.39,67.66,0,Success
user8595,TXN101610,253.58,Shopping,Delhi,iOS,UPI AutoPay,2025-07-21 06:00:00,75.35,34.93,76.46,59.2,0,Success
user7294,TXN101611,304.93,Shopping,Chennai,iOS,UPI,2025-07-21 09:00:00,98.39,74.99,64.17,63.4,0,Success
user7527,TXN101612,91.29,P2P,Pune,Android,UPI Lite,2025-07-21 12:00:00,11.36,90.48,30.68,34.2,0,Success
user6757,TXN101613,115.73,Recharge,Hyderabad,iOS,UPI AutoPay,2025-07-21 15:00:00,99.23,21.15,93.6,60.54,0,Success
user2969,TXN101614,213.56,Shopping,Kolkata,Web,UPI QR,2025-07-21 18:00:00,10.36,83.63,21.11,32.56,0,Success
user1891,TXN101615,140.39,Recharge,Chennai,Android,UPI QR,2025-07-21 21:00:00,41.55,13.12,84.98,35.1,0,Success
user5470,TXN101616,445.92,Bill Payment,Ahmedabad,Android,UPI,2025-07-22 00:00:00,23.89,22.87,69.57,24.98,0,Pending
user8175,TXN101617,1876.65,Bank Transfer,Chennai,Android,UPI QR,2025-07-22 03:00:00,95.38,56.14,12.11,58.05,0,Success
user9320,TXN101618,29.69,Shopping,Lucknow,iOS,UPI AutoPay,2025-07-22 06:00:00,63.58,30.66,55.51,42.18,0,Success
user7812,TXN101619,561.02,Shopping,Ahmedabad,iOS,UPI QR,2025-07-22 09:00:00,59.71,4.17,92.99,37.69,0,Success
user8519,TXN101620,182.23,Recharge,Pune,iOS,UPI AutoPay,2025-07-22 12:00:00,99.74,29.49,61.89,70.82,1,Success
user5612,TXN101621,657.34,Bank Transfer,Kolkata,Web,UPI,2025-07-22 15:00:00,61.24,90.49,52.88,62.67,0,Success
user2198,TXN101622,338.44,Bill Payment,Bengaluru,Android,UPI QR,2025-07-22 18:00:00,64.62,17.42,36.63,51.61,0,Success
user6238,TXN101623,174.37,Shopping,Mumbai,Android,UPI AutoPay,2025-07-22 21:00:00,4.48,76.38,78.88,52.44,0,Success
user7089,TXN101624,350.73,P2P,Jaipur,Android,UPI Lite,2025-07-23 00:00:00,85.91,72.23,91.31,72.04,1,Success
user7257,TXN101625,110.59,Recharge,Jaipur,Android,UPI AutoPay,2025-07-23 03:00:00,97.01,10.62,75.33,69.12,0,Success
user8705,TXN101626,75.62,Recharge,Chennai,Android,UPI AutoPay,2025-07-23 06:00:00,96.03,32.94,72.52,69.51,0,Success
user4719,TXN101627,369.02,Shopping,Delhi,iOS,UPI,2025-07-23 09:00:00,22.11,18.94,19.25,14.93,0,Pending
user1302,TXN101628,70.5,Bill Payment,Ahmedabad,Android,UPI AutoPay,2025-07-23 12:00:00,22.59,2.32,83.4,27.39,0,Success
user1986,TXN101629,311.8,Shopping,Lucknow,Android,UPI,2025-07-23 15:00:00,36.6,17.3,4.07,21.73,0,Success
user5440,TXN101630,169.14,P2M,Chennai,iOS,UPI AutoPay,2025-07-23 18:00:00,31.02,20.16,75.74,34.67,0,Success
user5909,TXN101631,15.97,Shopping,Kolkata,Android,UPI AutoPay,2025-07-23 21:00:00,30.56,16.6,21.09,28.2,0,Success
user4072,TXN101632,92.35,Bank Transfer,Mumbai,Android,UPI AutoPay,2025-07-24 00:00:00,60.52,9.11,48.73,39.03,0,Success
user4124,TXN101633,229.26,Bank Transfer,Bengaluru,Android,UPI,2025-07-24 03:00:00,80.56,52.63,69.52,69.17,0,Success
user9125,TXN101634,109.29,P2M,Mumbai,Android,UPI AutoPay,2025-07-24 06:00:00,93.68,32.26,75.91,66.1,0,Success
user4291,TXN101635,12.85,Bank Transfer,Lucknow,Web,UPI,2025-07-24 09:00:00,6.79,90.82,88.81,47.1,0,Failed
user5033,TXN101636,614.46,Bank Transfer,Mumbai,Android,UPI Lite,2025-07-24 12:00:00,27.8,18.72,28.26,12.34,0,Success
user6105,TXN101637,194.29,P2P,Mumbai,iOS,UPI,2025-07-24 15:00:00,25.5,60.29,22.43,27.9,0,Success
user1703,TXN101638,255.63,Recharge,Pune,Android,UPI Lite,2025-07-24 18:00:00,35.74,90.06,99.62,79.73,1,Success
user9133,TXN101639,102.18,Bank Transfer,Kolkata,Android,UPI,2025-07-24 21:00:00,42.43,4.72,20.76,28.52,0,Success
user1574,TXN101640,279.08,Recharge,Kolkata,Android,UPI,2025-07-25 00:00:00,38.92,51.63,66.55,47.14,0,Success
user6704,TXN101641,1027.43,Bill Payment,Hyderabad,Android,UPI AutoPay,2025-07-25 03:00:00,95.21,45.07,95.27,82.45,1,Success
user8848,TXN101642,78.64,Shopping,Chennai,Android,UPI QR,2025-07-25 06:00:00,43.71,92.88,89.66,65.97,0,Success
user6208,TXN101643,868.71,P2P,Delhi,Android,UPI QR,2025-07-25 09:00:00,55.16,66.38,44.33,52.83,0,Success
user7924,TXN101644,244.34,P2M,Hyderabad,Android,UPI AutoPay,2025-07-25 12:00:00,74.86,34.92,63.76,55.8,0,Success
user4828,TXN101645,68.76,Bill Payment,Kolkata,Android,UPI Lite,2025-07-25 15:00:00,72.51,71.15,52.91,57.21,0,Success
user4230,TXN101646,1498.76,P2P,Jaipur,Android,UPI AutoPay,2025-07-25 18:00:00,58.3,58.27,34.67,43.33,0,Success
user1488,TXN101647,242.65,P2P,Chennai,Android,UPI QR,2025-07-25 21:00:00,86.08,34.72,14.44,47.7,0,Success
user8114,TXN101648,322.62,P2M,Lucknow,Android,UPI,2025-07-26 00:00:00,62.42,78.52,80.34,66.28,0,Success
user4173,TXN101649,125.29,P2M,Pune,Android,UPI AutoPay,2025-07-26 03:00:00,87.48,66.82,9.04,51.51,0,Success
user2667,TXN101650,73.97,Recharge,Bengaluru,Web,UPI Lite,2025-07-26 06:00:00,30.28,0.54,60.96,29.9,0,Success
user5114,TXN101651,193.99,Shopping,Jaipur,Web,UPI AutoPay,2025-07-26 09:00:00,13.2,86.51,59.44,43.18,0,Failed
user4553,TXN101652,797.49,Bill Payment,Kolkata,iOS,UPI QR,2025-07-26 12:00:00,81.95,39.71,33.48,56.08,0,Success
user8761,TXN101653,120.34,Shopping,Chennai,iOS,UPI,2025-07-26 15:00:00,38.25,64.54,13.54,27.93,0,Success
user2000,TXN101654,159.69,Bill Payment,Kolkata,Android,UPI QR,2025-07-26 18:00:00,65.11,39.68,79.96,46.07,0,Success
user2388,TXN101655,703.68,P2P,Ahmedabad,Android,UPI QR,2025-07-26 21:00:00,73.73,88.14,46.19,55.96,0,Success
user6450,TXN101656,121.47,Bank Transfer,Hyderabad,iOS,UPI QR,2025-07-27 00:00:00,32.67,65.08,72.53,49.41,0,Success
user4712,TXN101657,273.22,Bank Transfer,Bengaluru,Android,UPI QR,2025-07-27 03:00:00,50.52,57.94,1.65,26.61,0,Success
user2367,TXN101658,394.39,P2M,Bengaluru,Android,UPI,2025-07-27 06:00:00,89.49,98.03,7.45,75.57,1,Success
user9189,TXN101659,134.72,P2M,Delhi,iOS,UPI QR,2025-07-27 09:00:00,87.98,28.06,17.58,55.8,0,Success
user1454,TXN101660,223.6,P2P,Ahmedabad,Android,UPI Lite,2025-07-27 12:00:00,74.94,6.53,11.38,34.25,0,Success
user3772,TXN101661,317.7,P2P,Mumbai,Android,UPI Lite,2025-07-27 15:00:00,76.27,51.6,19.17,54.09,0,Success
user4726,TXN101662,109.85,Bill Payment,Ahmedabad,Android,UPI QR,2025-07-27 18:00:00,89.77,42.4,68.65,55.56,0,Success
user8232,TXN101663,370.84,P2P,Bengaluru,Android,UPI Lite,2025-07-27 21:00:00,73.63,45.43,4.7,49.43,0,Success
user5806,TXN101664,94.92,Bill Payment,Jaipur,iOS,UPI QR,2025-07-28 00:00:00,33.96,62.01,3.79,29.49,0,Failed
user3190,TXN101665,83.51,Shopping,Delhi,Android,UPI,2025-07-28 03:00:00,12.08,61.51,3.17,23.29,0,Success
user3875,TXN101666,35.62,P2M,Lucknow,Web,UPI,2025-07-28 06:00:00,42.19,39.23,69.76,42.69,0,Success
user6592,TXN101667,99.14,P2M,Jaipur,iOS,UPI Lite,2025-07-28 09:00:00,8.73,86.29,53.61,37.56,0,Success
user2440,TXN101668,72.57,Bank Transfer,Chennai,Android,UPI Lite,2025-07-28 12:00:00,11.58,65.15,37.02,37.08,0,Success
user9927,TXN101669,109.85,Bank Transfer,Mumbai,Android,UPI QR,2025-07-28 15:00:00,95.02,88.99,67.56,73.28,1,Success
user7059,TXN101670,302.47,P2M,Hyderabad,Android,UPI AutoPay,2025-07-28 18:00:00,67.59,91.32,55.36,63.66,0,Success
user8010,TXN101671,29.2,Shopping,Lucknow,Web,UPI QR,2025-07-28 21:00:00,85.16,16.73,0.73,19.18,0,Success
user8117,TXN101672,22.77,Shopping,Jaipur,Android,UPI QR,2025-07-29 00:00:00,64.29,68.06,83.85,66.55,0,Success
user3989,TXN101673,77.55,Recharge,Chennai,iOS,UPI,2025-07-29 03:00:00,41.85,31.75,35.02,32.36,0,Success
user7228,TXN101674,260.14,Bill Payment,Kolkata,Android,UPI AutoPay,2025-07-29 06:00:00,2.52,83.64,39.96,29.91,0,Success
user7471,TXN101675,218.95,Bank Transfer,Pune,Android,UPI AutoPay,2025-07-29 09:00:00,95.58,73.29,78.23,73.77,1,Success
user3863,TXN101676,76.32,Bill Payment,Mumbai,Web,UPI QR,2025-07-29 12:00:00,7.09,19.87,18.71,10.01,0,Success
user2177,TXN101677,528.16,Bank Transfer,Hyderabad,Android,UPI,2025-07-29 15:00:00,61.02,93.87,1.01,40.01,0,Failed
user5760,TXN101678,84.91,Recharge,Delhi,iOS,UPI Lite,2025-07-29 18:00:00,10.22,68.35,90.88,58.34,0,Success
user1011,TXN101679,260.46,P2M,Ahmedabad,Android,UPI,2025-07-29 21:00:00,28.41,94.86,50.55,61.47,0,Success
user6252,TXN101680,114.12,Bill Payment,Pune,iOS,UPI Lite,2025-07-30 00:00:00,18.58,20.19,34.95,26.52,0,Success
user5399,TXN101681,68.8,Bank Transfer,Mumbai,iOS,UPI,2025-07-30 03:00:00,55.37,86.97,81.9,74.83,1,Pending
user9234,TXN101682,89.56,Bill Payment,Lucknow,iOS,UPI AutoPay,2025-07-30 06:00:00,88.71,66.81,2.63,48.44,0,Success
user6445,TXN101683,341.72,P2M,Kolkata,Android,UPI,2025-07-30 09:00:00,63.56,55.23,20.23,44.49,0,Failed
user7570,TXN101684,235.34,P2P,Delhi,Android,UPI QR,2025-07-30 12:00:00,66.42,82.05,15.53,48.47,0,Success
user9212,TXN101685,431.86,Bank Transfer,Bengaluru,Android,UPI Lite,2025-07-30 15:00:00,90.89,63.29,73.78,71.87,1,Success
user1406,TXN101686,235.33,P2P,Jaipur,Android,UPI,2025-07-30 18:00:00,74.94,66.96,31.21,61.27,0,Success
user5431,TXN101687,32.75,Recharge,Jaipur,Android,UPI,2025-07-30 21:00:00,86.6,25.37,77.29,56.78,0,Success
user6243,TXN101688,1358.88,Shopping,Delhi,Android,UPI Lite,2025-07-31 00:00:00,41.64,81.71,4.15,33.82,0,Success
user7542,TXN101689,238.69,Bill Payment,Bengaluru,Android,UPI,2025-07-31 03:00:00,86.54,65.03,60.81,68.38,0,Success
user7936,TXN101690,274.42,Bank Transfer,Jaipur,iOS,UPI Lite,2025-07-31 06:00:00,64.59,84.44,31.82,52.21,0,Failed
user9906,TXN101691,112.52,Bill Payment,Mumbai,iOS,UPI AutoPay,2025-07-31 09:00:00,13.56,35.15,18.69,26.72,0,Success
user5146,TXN101692,499.29,Recharge,Delhi,Web,UPI Lite,2025-07-31 12:00:00,3.87,33.17,81.68,45.85,0,Success
user1140,TXN101693,54.98,Recharge,Delhi,Android,UPI Lite,2025-07-31 15:00:00,24.4,2.39,41.23,27.14,0,Success
user5882,TXN101694,301.82,Bill Payment,Lucknow,Android,UPI AutoPay,2025-07-31 18:00:00,37.83,76.86,57.16,49.68,0,Success
user7012,TXN101695,20.5,Bank Transfer,Bengaluru,Android,UPI,2025-07-31 21:00:00,83.76,33.03,3.31,40.9,0,Failed
user1963,TXN101696,322.86,P2M,Lucknow,Android,UPI,2025-08-01 00:00:00,74.12,32.72,79.16,55.53,0,Success
user8151,TXN101697,55.73,P2M,Bengaluru,Android,UPI AutoPay,2025-08-01 03:00:00,95.54,68.87,28.69,55.1,0,Success
user9564,TXN101698,216.37,Shopping,Lucknow,Web,UPI QR,2025-08-01 06:00:00,55.92,25.29,69.34,41.21,0,Success
user4610,TXN101699,637.36,Bill Payment,Delhi,Android,UPI Lite,2025-08-01 09:00:00,74.77,90.9,76.05,72.66,1,Success
user7894,TXN101700,373.43,Bill Payment,Ahmedabad,Android,UPI,2025-08-01 12:00:00,27.53,53.81,11.71,27.89,0,Success
user8311,TXN101701,558.01,Bank Transfer,Ahmedabad,Android,UPI,2025-08-01 15:00:00,67.96,96.95,29.59,52.81,0,Success
user1105,TXN101702,503.13,Bill Payment,Ahmedabad,Android,UPI Lite,2025-08-01 18:00:00,70.62,7.67,72.34,46.43,0,Success
user6539,TXN101703,97.1,Bank Transfer,Delhi,Android,UPI Lite,2025-08-01 21:00:00,84.84,33.68,23.22,45.39,0,Success
user7787,TXN101704,298.37,Bill Payment,Jaipur,Android,UPI Lite,2025-08-02 00:00:00,53.64,38.15,84.82,36.25,0,Success
user3137,TXN101705,29.23,Recharge,Kolkata,Android,UPI QR,2025-08-02 03:00:00,64.9,73.04,31.2,51.62,0,Success
user5445,TXN101706,82.52,P2P,Hyderabad,Android,UPI AutoPay,2025-08-02 06:00:00,20.3,21.3,40.23,7.28,0,Success
user4530,TXN101707,660.27,Bill Payment,Kolkata,Android,UPI QR,2025-08-02 09:00:00,73.68,37.53,9.97,33.73,0,Success
user2286,TXN101708,111.6,P2P,Ahmedabad,Android,UPI QR,2025-08-02 12:00:00,83.84,91.06,14.77,52.29,0,Success
user8052,TXN101709,25.33,P2M,Jaipur,Android,UPI Lite,2025-08-02 15:00:00,59.37,11.46,27.54,29.53,0,Pending
user4654,TXN101710,1228.68,Shopping,Delhi,Android,UPI AutoPay,2025-08-02 18:00:00,11.57,74.53,4.89,25.31,0,Failed
user8102,TXN101711,287.8,P2M,Chennai,Web,UPI,2025-08-02 21:00:00,31.29,70.25,19.3,35.07,0,Success
user3359,TXN101712,352.3,Bill Payment,Jaipur,Android,UPI Lite,2025-08-03 00:00:00,47.55,13.05,40.89,44.77,0,Success
user9105,TXN101713,61.53,Bank Transfer,Chennai,Android,UPI AutoPay,2025-08-03 03:00:00,67.72,68.85,38.0,47.21,0,Success
user9636,TXN101714,217.9,P2M,Delhi,iOS,UPI,2025-08-03 06:00:00,32.03,56.98,19.87,41.4,0,Success
user7441,TXN101715,212.21,Recharge,Mumbai,Android,UPI QR,2025-08-03 09:00:00,84.03,28.75,8.05,44.66,0,Success
user6047,TXN101716,72.13,P2P,Bengaluru,iOS,UPI AutoPay,2025-08-03 12:00:00,37.18,31.11,31.81,33.12,0,Success
user9227,TXN101717,138.4,Bank Transfer,Hyderabad,Web,UPI QR,2025-08-03 15:00:00,4.28,83.3,74.53,54.02,0,Pending
user6203,TXN101718,36.58,Bank Transfer,Kolkata,Android,UPI QR,2025-08-03 18:00:00,79.4,23.1,51.01,44.36,0,Success
user2798,TXN101719,115.97,Bill Payment,Lucknow,iOS,UPI AutoPay,2025-08-03 21:00:00,64.42,51.28,94.68,60.79,0,Failed
user6291,TXN101720,434.35,Recharge,Lucknow,Android,UPI,2025-08-04 00:00:00,80.2,68.11,13.99,46.94,0,Pending
user6495,TXN101721,77.72,P2P,Bengaluru,Android,UPI AutoPay,2025-08-04 03:00:00,34.89,12.99,20.73,4.76,0,Success
user7284,TXN101722,1104.67,Recharge,Jaipur,iOS,UPI,2025-08-04 06:00:00,1.76,93.24,28.03,38.54,0,Failed
user8285,TXN101723,39.01,P2M,Lucknow,Web,UPI Lite,2025-08-04 09:00:00,7.38,26.06,1.3,22.85,0,Success
user2300,TXN101724,126.45,Bill Payment,Pune,iOS,UPI Lite,2025-08-04 12:00:00,11.18,31.88,94.34,27.63,0,Success
user7869,TXN101725,85.08,Bank Transfer,Lucknow,Android,UPI Lite,2025-08-04 15:00:00,80.51,66.61,44.54,50.48,0,Success
user4097,TXN101726,136.98,Bank Transfer,Delhi,Android,UPI QR,2025-08-04 18:00:00,30.14,7.82,48.16,27.31,0,Success
user5616,TXN101727,646.44,P2M,Bengaluru,Android,UPI Lite,2025-08-04 21:00:00,99.79,62.76,15.79,57.41,0,Success
user1009,TXN101728,61.29,Bank Transfer,Hyderabad,Android,UPI QR,2025-08-05 00:00:00,75.84,91.6,87.27,86.48,1,Success
user6752,TXN101729,104.45,Shopping,Bengaluru,Web,UPI,2025-08-05 03:00:00,60.12,24.91,69.26,42.46,0,Success
user7295,TXN101730,315.61,Bill Payment,Hyderabad,Android,UPI AutoPay,2025-08-05 06:00:00,98.36,36.19,43.14,67.43,0,Success
user5815,TXN101731,180.04,P2M,Pune,Android,UPI AutoPay,2025-08-05 09:00:00,31.63,23.23,87.8,43.46,0,Success
user2072,TXN101732,195.42,Bill Payment,Lucknow,Android,UPI QR,2025-08-05 12:00:00,16.56,81.88,90.55,61.3,0,Success
user4225,TXN101733,62.47,P2P,Bengaluru,Android,UPI QR,2025-08-05 15:00:00,73.73,16.76,4.95,26.57,0,Success
user2316,TXN101734,152.69,Bill Payment,Chennai,iOS,UPI QR,2025-08-05 18:00:00,27.81,34.66,11.93,21.86,0,Success
user6699,TXN101735,508.56,Bill Payment,Ahmedabad,Android,UPI,2025-08-05 21:00:00,96.1,60.1,2.76,54.51,0,Success
user7807,TXN101736,32.8,P2P,Pune,iOS,UPI,2025-08-06 00:00:00,98.81,40.46,58.17,63.8,0,Success
user7674,TXN101737,81.67,P2M,Jaipur,Android,UPI Lite,2025-08-06 03:00:00,92.64,6.55,21.79,34.9,0,Success
user4683,TXN101738,26.69,Bill Payment,Chennai,Android,UPI Lite,2025-08-06 06:00:00,94.48,94.77,84.49,79.15,1,Success
user8227,TXN101739,280.61,Recharge,Hyderabad,iOS,UPI AutoPay,2025-08-06 09:00:00,61.57,33.79,46.59,54.68,0,Success
user4273,TXN101740,558.62,Bill Payment,Bengaluru,Android,UPI Lite,2025-08-06 12:00:00,69.21,44.57,83.77,65.97,0,Success
user8000,TXN101741,136.54,P2M,Hyderabad,Android,UPI,2025-08-06 15:00:00,9.42,16.75,55.56,13.88,0,Success
user1145,TXN101742,60.01,Bank Transfer,Hyderabad,iOS,UPI,2025-08-06 18:00:00,76.31,86.54,79.62,74.54,1,Success
user6010,TXN101743,61.79,P2P,Pune,Android,UPI,2025-08-06 21:00:00,20.21,29.14,37.19,33.7,0,Success
user4040,TXN101744,121.87,Bank Transfer,Chennai,Android,UPI,2025-08-07 00:00:00,84.03,1.98,94.54,48.76,0,Success
user1482,TXN101745,121.4,P2M,Bengaluru,iOS,UPI AutoPay,2025-08-07 03:00:00,96.15,31.64,66.72,63.77,0,Success
user4179,TXN101746,408.23,Shopping,Lucknow,Web,UPI AutoPay,2025-08-07 06:00:00,21.24,98.41,59.55,56.66,0,Success
user2249,TXN101747,84.03,Bank Transfer,Mumbai,Android,UPI,2025-08-07 09:00:00,7.8,14.68,35.24,4.29,0,Failed
user1630,TXN101748,253.43,Bill Payment,Kolkata,iOS,UPI QR,2025-08-07 12:00:00,48.39,3.12,93.72,36.38,0,Success
user9853,TXN101749,120.85,Bill Payment,Kolkata,Android,UPI Lite,2025-08-07 15:00:00,79.15,57.82,33.77,50.04,0,Success
user3852,TXN101750,77.89,P2P,Pune,Android,UPI AutoPay,2025-08-07 18:00:00,77.06,37.17,83.59,59.18,0,Success
user1987,TXN101751,117.87,Bill Payment,Jaipur,Android,UPI QR,2025-08-07 21:00:00,69.68,79.5,40.43,54.73,0,Success
user8622,TXN101752,229.65,Recharge,Delhi,Web,UPI Lite,2025-08-08 00:00:00,82.07,73.19,76.72,73.07,1,Success
user8327,TXN101753,409.5,Recharge,Mumbai,Android,UPI QR,2025-08-08 03:00:00,17.5,18.54,91.19,33.06,0,Success
user9841,TXN101754,127.49,Bank Transfer,Bengaluru,Android,UPI,2025-08-08 06:00:00,65.19,56.46,46.56,40.73,0,Success
user2100,TXN101755,49.21,P2M,Kolkata,Android,UPI Lite,2025-08-08 09:00:00,60.57,3.24,52.61,16.43,0,Success
user7652,TXN101756,445.73,P2P,Jaipur,Web,UPI QR,2025-08-08 12:00:00,15.34,43.95,33.03,23.93,0,Success
user9632,TXN101757,66.81,Shopping,Delhi,Android,UPI AutoPay,2025-08-08 15:00:00,41.44,71.41,5.47,38.51,0,Success
user8421,TXN101758,212.9,Bank Transfer,Chennai,Android,UPI AutoPay,2025-08-08 18:00:00,85.25,41.5,65.25,58.99,0,Success
user6016,TXN101759,160.0,P2M,Bengaluru,iOS,UPI AutoPay,2025-08-08 21:00:00,97.18,11.8,11.96,33.27,0,Success
user1769,TXN101760,139.97,P2P,Hyderabad,Android,UPI Lite,2025-08-09 00:00:00,66.54,6.15,35.41,40.1,0,Success
user2343,TXN101761,100.79,P2P,Jaipur,Android,UPI,2025-08-09 03:00:00,92.19,85.37,34.95,64.03,0,Success
user5358,TXN101762,304.95,Bank Transfer,Bengaluru,Android,UPI,2025-08-09 06:00:00,13.2,89.13,15.1,41.7,0,Success
user7780,TXN101763,4.56,P2M,Mumbai,Web,UPI Lite,2025-08-09 09:00:00,97.51,34.31,66.67,67.33,0,Success
user7602,TXN101764,511.05,P2M,Hyderabad,Web,UPI Lite,2025-08-09 12:00:00,3.35,16.42,17.46,17.23,0,Success
user3349,TXN101765,65.86,Bill Payment,Mumbai,Android,UPI,2025-08-09 15:00:00,52.73,97.86,77.83,71.88,1,Success
user6699,TXN101766,246.65,Shopping,Ahmedabad,Android,UPI AutoPay,2025-08-09 18:00:00,29.1,54.59,24.93,24.96,0,Success
user2241,TXN101767,233.93,Recharge,Kolkata,Android,UPI,2025-08-09 21:00:00,81.39,47.67,28.73,49.02,0,Success
user2125,TXN101768,586.97,Bill Payment,Delhi,Android,UPI,2025-08-10 00:00:00,21.75,74.16,34.37,50.07,0,Success
user7764,TXN101769,199.89,P2P,Jaipur,iOS,UPI QR,2025-08-10 03:00:00,1.15,16.89,15.28,7.96,0,Success
user6101,TXN101770,71.59,Shopping,Hyderabad,Android,UPI AutoPay,2025-08-10 06:00:00,41.46,58.0,43.43,32.13,0,Failed
user8843,TXN101771,32.96,Shopping,Kolkata,iOS,UPI Lite,2025-08-10 09:00:00,6.41,89.02,8.03,36.03,0,Success
user1072,TXN101772,115.72,P2M,Pune,iOS,UPI,2025-08-10 12:00:00,29.01,2.31,42.71,25.52,0,Success
user6472,TXN101773,23.15,Shopping,Mumbai,iOS,UPI AutoPay,2025-08-10 15:00:00,64.37,67.29,33.99,50.49,0,Success
user6189,TXN101774,87.49,Bank Transfer,Ahmedabad,Web,UPI Lite,2025-08-10 18:00:00,29.47,55.14,33.83,33.49,0,Success
user3472,TXN101775,122.41,Shopping,Mumbai,Android,UPI QR,2025-08-10 21:00:00,24.58,95.08,66.07,55.51,0,Success
user1707,TXN101776,82.28,P2P,Bengaluru,Android,UPI QR,2025-08-11 00:00:00,15.55,25.87,76.9,37.86,0,Success
user2804,TXN101777,171.02,Bank Transfer,Chennai,iOS,UPI AutoPay,2025-08-11 03:00:00,13.52,85.89,35.6,40.3,0,Success
user7704,TXN101778,129.53,Bank Transfer,Ahmedabad,iOS,UPI,2025-08-11 06:00:00,52.59,30.9,26.2,38.55,0,Pending
user4713,TXN101779,118.19,Bill Payment,Ahmedabad,Android,UPI Lite,2025-08-11 09:00:00,68.15,42.99,49.43,61.01,0,Success
user6051,TXN101780,14.52,Shopping,Delhi,iOS,UPI AutoPay,2025-08-11 12:00:00,45.27,21.33,78.77,40.07,0,Success
user3475,TXN101781,44.94,P2M,Jaipur,Android,UPI QR,2025-08-11 15:00:00,12.36,86.36,64.46,65.26,0,Success
user4610,TXN101782,311.89,Bill Payment,Pune,Android,UPI Lite,2025-08-11 18:00:00,64.78,19.54,3.8,42.82,0,Success
user5255,TXN101783,366.59,P2M,Pune,Android,UPI Lite,2025-08-11 21:00:00,55.71,85.9,47.99,54.69,0,Success
user8397,TXN101784,26.08,Shopping,Delhi,Web,UPI,2025-08-12 00:00:00,38.13,45.56,99.1,66.12,0,Failed
user2735,TXN101785,72.62,Bill Payment,Mumbai,Android,UPI QR,2025-08-12 03:00:00,33.0,83.51,35.31,41.84,0,Success
user9258,TXN101786,479.13,Shopping,Lucknow,Android,UPI QR,2025-08-12 06:00:00,18.32,26.45,44.07,43.39,0,Success
user8979,TXN101787,79.99,P2P,Kolkata,Web,UPI QR,2025-08-12 09:00:00,14.63,13.27,28.74,14.65,0,Pending
user3428,TXN101788,146.72,Bill Payment,Lucknow,iOS,UPI Lite,2025-08-12 12:00:00,33.88,55.5,49.77,44.85,0,Success
user8426,TXN101789,693.54,P2M,Bengaluru,iOS,UPI QR,2025-08-12 15:00:00,4.16,50.94,16.09,25.61,0,Success
user9533,TXN101790,114.25,P2P,Pune,Android,UPI AutoPay,2025-08-12 18:00:00,43.66,35.66,24.7,29.71,0,Success
user6249,TXN101791,99.02,Recharge,Jaipur,Android,UPI QR,2025-08-12 21:00:00,60.16,66.28,71.17,62.08,0,Success
user6291,TXN101792,140.19,P2M,Chennai,Android,UPI Lite,2025-08-13 00:00:00,94.17,9.51,13.83,47.67,0,Success
user3817,TXN101793,1046.71,Shopping,Mumbai,iOS,UPI QR,2025-08-13 03:00:00,62.58,62.2,92.61,66.41,0,Success
user4874,TXN101794,256.26,P2M,Jaipur,Android,UPI QR,2025-08-13 06:00:00,62.41,21.18,30.8,38.24,0,Success
user5211,TXN101795,167.18,Recharge,Jaipur,Android,UPI Lite,2025-08-13 09:00:00,37.44,12.9,57.5,37.36,0,Success
user1661,TXN101796,97.09,P2M,Hyderabad,iOS,UPI QR,2025-08-13 12:00:00,13.33,90.96,32.18,32.42,0,Success
user4374,TXN101797,281.13,P2P,Ahmedabad,Android,UPI,2025-08-13 15:00:00,44.69,45.98,47.8,42.54,0,Success
user1207,TXN101798,317.25,Bank Transfer,Kolkata,iOS,UPI Lite,2025-08-13 18:00:00,59.87,76.34,90.38,75.89,1,Success
user3665,TXN101799,56.08,P2M,Ahmedabad,Android,UPI QR,2025-08-13 21:00:00,72.4,8.91,6.86,27.89,0,Success
user3493,TXN101800,325.91,Bill Payment,Jaipur,Android,UPI,2025-08-14 00:00:00,82.61,5.75,85.63,56.89,0,Success
user7813,TXN101801,141.01,Recharge,Delhi,Android,UPI AutoPay,2025-08-14 03:00:00,25.59,49.49,55.76,26.43,0,Success
user1632,TXN101802,168.14,P2M,Lucknow,iOS,UPI Lite,2025-08-14 06:00:00,24.12,31.56,66.51,35.6,0,Success
user4083,TXN101803,67.74,Recharge,Hyderabad,iOS,UPI QR,2025-08-14 09:00:00,56.53,0.49,5.59,20.48,0,Success
user4719,TXN101804,109.95,Bank Transfer,Ahmedabad,Android,UPI Lite,2025-08-14 12:00:00,56.6,18.33,76.14,44.92,0,Success
user8123,TXN101805,58.55,P2P,Bengaluru,Android,UPI,2025-08-14 15:00:00,21.79,21.88,12.78,16.33,0,Success
user2679,TXN101806,55.8,Bill Payment,Chennai,Android,UPI Lite,2025-08-14 18:00:00,58.75,28.85,96.48,62.11,0,Success
user1236,TXN101807,239.15,Shopping,Chennai,Web,UPI AutoPay,2025-08-14 21:00:00,34.59,87.75,79.93,52.54,0,Success
user8446,TXN101808,114.99,P2M,Kolkata,iOS,UPI QR,2025-08-15 00:00:00,63.93,42.06,49.29,45.09,0,Success
user5443,TXN101809,44.72,P2P,Bengaluru,Web,UPI AutoPay,2025-08-15 03:00:00,29.1,67.94,92.42,48.28,0,Success
user7770,TXN101810,1446.72,Recharge,Ahmedabad,iOS,UPI,2025-08-15 06:00:00,59.23,1.84,16.91,19.16,0,Pending
user7099,TXN101811,53.27,Bank Transfer,Ahmedabad,Android,UPI Lite,2025-08-15 09:00:00,76.83,81.39,99.17,75.73,1,Success
user9555,TXN101812,488.87,Recharge,Jaipur,Android,UPI QR,2025-08-15 12:00:00,98.02,24.03,71.68,53.82,0,Success
user3368,TXN101813,37.47,Bank Transfer,Ahmedabad,Android,UPI QR,2025-08-15 15:00:00,91.11,30.9,9.84,45.41,0,Success
user1285,TXN101814,258.92,Bank Transfer,Bengaluru,Android,UPI,2025-08-15 18:00:00,50.35,4.53,53.66,34.82,0,Success
user1148,TXN101815,127.67,P2P,Chennai,Android,UPI,2025-08-15 21:00:00,48.83,40.97,71.09,48.52,0,Success
user5037,TXN101816,87.44,P2M,Jaipur,Android,UPI Lite,2025-08-16 00:00:00,43.77,85.26,61.3,60.44,0,Success
user7549,TXN101817,199.69,Shopping,Mumbai,iOS,UPI QR,2025-08-16 03:00:00,2.78,37.87,42.39,6.98,0,Success
user8121,TXN101818,174.56,P2M,Bengaluru,Android,UPI,2025-08-16 06:00:00,16.6,90.86,24.81,50.09,0,Success
user5895,TXN101819,72.79,Bill Payment,Delhi,Android,UPI QR,2025-08-16 09:00:00,5.92,86.74,23.82,33.77,0,Success
user6280,TXN101820,69.56,P2M,Ahmedabad,Android,UPI Lite,2025-08-16 12:00:00,69.64,6.2,92.7,54.35,0,Failed
user2012,TXN101821,33.99,Bank Transfer,Chennai,Android,UPI AutoPay,2025-08-16 15:00:00,41.32,30.53,23.47,22.56,0,Success
user3785,TXN101822,222.64,Bank Transfer,Lucknow,iOS,UPI,2025-08-16 18:00:00,6.38,91.04,96.24,45.13,0,Success
user4725,TXN101823,46.81,Bill Payment,Ahmedabad,iOS,UPI Lite,2025-08-16 21:00:00,69.06,2.98,21.02,33.98,0,Success
user5576,TXN101824,164.68,Recharge,Delhi,Android,UPI AutoPay,2025-08-17 00:00:00,64.44,76.58,38.43,60.54,0,Success
user6782,TXN101825,296.63,Bank Transfer,Chennai,Android,UPI Lite,2025-08-17 03:00:00,72.0,90.64,1.23,44.69,0,Success
user7257,TXN101826,201.96,Bill Payment,Kolkata,Android,UPI,2025-08-17 06:00:00,59.98,77.05,90.31,71.27,1,Success
user3408,TXN101827,79.59,Bank Transfer,Ahmedabad,Android,UPI Lite,2025-08-17 09:00:00,16.15,74.38,10.44,35.64,0,Success
user1340,TXN101828,407.0,Shopping,Jaipur,Android,UPI QR,2025-08-17 12:00:00,6.14,84.34,35.73,41.6,0,Success
user3817,TXN101829,109.07,Bank Transfer,Hyderabad,Web,UPI,2025-08-17 15:00:00,81.71,66.58,84.25,70.92,1,Success
user3496,TXN101830,43.2,P2P,Bengaluru,Android,UPI QR,2025-08-17 18:00:00,21.58,42.31,79.19,42.3,0,Success
user6962,TXN101831,123.5,Bill Payment,Delhi,Android,UPI Lite,2025-08-17 21:00:00,54.25,6.28,84.15,54.13,0,Success
user6299,TXN101832,294.95,P2M,Ahmedabad,iOS,UPI,2025-08-18 00:00:00,48.52,78.8,91.41,60.0,0,Success
user8574,TXN101833,83.56,Bill Payment,Mumbai,Android,UPI QR,2025-08-18 03:00:00,92.11,90.53,91.11,88.48,1,Success
user2689,TXN101834,394.72,Recharge,Lucknow,Android,UPI QR,2025-08-18 06:00:00,55.24,51.16,77.05,57.68,0,Success
user4267,TXN101835,75.92,Bank Transfer,Chennai,iOS,UPI QR,2025-08-18 09:00:00,58.0,53.25,58.24,41.38,0,Success
user5406,TXN101836,86.99,Bill Payment,Delhi,Android,UPI AutoPay,2025-08-18 12:00:00,31.95,40.33,56.15,27.52,0,Failed
user9453,TXN101837,57.62,Shopping,Bengaluru,iOS,UPI QR,2025-08-18 15:00:00,95.87,85.69,1.29,60.88,0,Success
user2442,TXN101838,324.96,Bill Payment,Ahmedabad,iOS,UPI QR,2025-08-18 18:00:00,61.24,1.48,72.26,29.4,0,Success
user9597,TXN101839,155.52,Shopping,Mumbai,iOS,UPI Lite,2025-08-18 21:00:00,0.5,62.45,22.67,8.12,0,Success
user5437,TXN101840,61.57,Bank Transfer,Chennai,Web,UPI Lite,2025-08-19 00:00:00,55.61,90.74,82.87,90.64,1,Success
user6435,TXN101841,110.36,P2M,Bengaluru,iOS,UPI Lite,2025-08-19 03:00:00,36.39,10.32,55.38,23.13,0,Success
user9435,TXN101842,7.61,Bank Transfer,Chennai,iOS,UPI Lite,2025-08-19 06:00:00,3.21,95.92,98.72,61.03,0,Success
user5107,TXN101843,357.08,Recharge,Bengaluru,iOS,UPI AutoPay,2025-08-19 09:00:00,43.15,96.77,21.03,51.74,0,Success
user1560,TXN101844,138.28,P2P,Ahmedabad,Web,UPI Lite,2025-08-19 12:00:00,77.36,92.98,72.35,89.62,1,Success
user9785,TXN101845,14.79,P2M,Hyderabad,Web,UPI Lite,2025-08-19 15:00:00,50.38,46.25,54.75,58.47,0,Success
user6548,TXN101846,38.22,P2M,Pune,iOS,UPI Lite,2025-08-19 18:00:00,63.95,38.3,93.18,61.17,0,Success
user2826,TXN101847,107.6,P2P,Jaipur,Android,UPI QR,2025-08-19 21:00:00,63.97,70.59,26.6,40.5,0,Success
user8629,TXN101848,44.07,Bill Payment,Hyderabad,iOS,UPI AutoPay,2025-08-20 00:00:00,67.1,31.87,5.94,45.35,0,Pending
user9325,TXN101849,362.62,Bank Transfer,Pune,Android,UPI Lite,2025-08-20 03:00:00,38.76,6.83,54.39,21.24,0,Success
user4138,TXN101850,249.28,Bill Payment,Ahmedabad,Android,UPI QR,2025-08-20 06:00:00,37.0,90.14,52.16,61.03,0,Success
user8693,TXN101851,234.99,Bill Payment,Ahmedabad,Android,UPI,2025-08-20 09:00:00,0.46,63.49,31.17,20.54,0,Success
user9264,TXN101852,12.13,Bank Transfer,Ahmedabad,Web,UPI AutoPay,2025-08-20 12:00:00,15.42,20.72,98.65,32.81,0,Success
user8842,TXN101853,96.98,Recharge,Pune,Android,UPI Lite,2025-08-20 15:00:00,95.08,1.84,6.97,52.04,0,Success
user7721,TXN101854,81.65,P2M,Mumbai,iOS,UPI QR,2025-08-20 18:00:00,84.24,72.35,56.95,67.31,0,Failed
user8002,TXN101855,63.18,Shopping,Delhi,Android,UPI,2025-08-20 21:00:00,27.51,85.28,26.02,36.38,0,Success
user5225,TXN101856,108.29,P2P,Pune,Android,UPI,2025-08-21 00:00:00,40.12,40.56,0.19,24.95,0,Success
user3978,TXN101857,53.18,P2M,Lucknow,Android,UPI QR,2025-08-21 03:00:00,93.99,8.09,98.78,61.79,0,Success
user8373,TXN101858,203.41,Bill Payment,Delhi,iOS,UPI QR,2025-08-21 06:00:00,25.04,64.86,48.16,34.7,0,Success
user6907,TXN101859,353.03,P2P,Lucknow,iOS,UPI AutoPay,2025-08-21 09:00:00,53.25,29.69,85.72,54.25,0,Success
user7097,TXN101860,323.88,Shopping,Bengaluru,Android,UPI QR,2025-08-21 12:00:00,2.21,14.39,84.01,21.04,0,Success
user6656,TXN101861,142.89,P2M,Jaipur,Android,UPI Lite,2025-08-21 15:00:00,61.97,51.04,81.23,42.61,0,Success
user9984,TXN101862,1211.05,P2M,Jaipur,iOS,UPI,2025-08-21 18:00:00,93.01,48.18,45.9,59.38,0,Success
user5259,TXN101863,512.85,Recharge,Jaipur,Android,UPI Lite,2025-08-21 21:00:00,88.47,51.68,89.59,65.65,0,Pending
user9286,TXN101864,148.18,P2M,Kolkata,Android,UPI Lite,2025-08-22 00:00:00,50.2,82.39,36.73,52.78,0,Success
user6901,TXN101865,101.26,P2M,Pune,Android,UPI Lite,2025-08-22 03:00:00,64.96,48.45,40.84,46.28,0,Success
user5917,TXN101866,625.17,Shopping,Mumbai,iOS,UPI,2025-08-22 06:00:00,56.98,90.05,25.57,60.66,0,Success
user9429,TXN101867,449.25,Shopping,Bengaluru,Android,UPI,2025-08-22 09:00:00,6.7,84.18,44.81,44.72,0,Success
user3530,TXN101868,40.03,P2P,Ahmedabad,Android,UPI,2025-08-22 12:00:00,15.87,65.11,98.65,35.77,0,Success
user2960,TXN101869,485.81,Bill Payment,Pune,Web,UPI QR,2025-08-22 15:00:00,96.38,5.69,57.32,50.4,0,Success
user8045,TXN101870,140.56,Shopping,Lucknow,iOS,UPI Lite,2025-08-22 18:00:00,25.6,86.49,83.11,52.85,0,Success
user2048,TXN101871,69.34,P2P,Lucknow,Android,UPI AutoPay,2025-08-22 21:00:00,38.44,90.56,26.33,45.2,0,Failed
user6772,TXN101872,22.66,P2M,Delhi,Android,UPI QR,2025-08-23 00:00:00,50.89,37.5,95.59,40.46,0,Success
user3529,TXN101873,125.35,P2P,Ahmedabad,Android,UPI QR,2025-08-23 03:00:00,97.91,52.62,1.32,28.43,0,Success
user3964,TXN101874,162.03,P2P,Kolkata,Android,UPI AutoPay,2025-08-23 06:00:00,69.0,28.1,93.02,66.63,0,Success
user8137,TXN101875,802.18,P2P,Lucknow,Android,UPI Lite,2025-08-23 09:00:00,62.96,1.47,89.8,44.87,0,Success
user1963,TXN101876,427.19,Bank Transfer,Jaipur,Android,UPI AutoPay,2025-08-23 12:00:00,52.44,47.95,6.74,37.32,0,Success
user1536,TXN101877,91.57,P2P,Delhi,Android,UPI,2025-08-23 15:00:00,70.07,12.94,60.48,38.89,0,Pending
user8340,TXN101878,242.1,Shopping,Hyderabad,Web,UPI Lite,2025-08-23 18:00:00,66.4,18.33,78.52,38.8,0,Success
user8179,TXN101879,374.75,Bank Transfer,Chennai,Web,UPI QR,2025-08-23 21:00:00,90.28,48.07,40.38,53.04,0,Success
user8967,TXN101880,178.74,Bill Payment,Delhi,Android,UPI,2025-08-24 00:00:00,54.18,86.7,9.19,40.54,0,Success
user9734,TXN101881,91.18,P2P,Delhi,Android,UPI,2025-08-24 03:00:00,42.15,84.46,82.94,65.27,0,Success
user1845,TXN101882,96.33,Recharge,Lucknow,Android,UPI QR,2025-08-24 06:00:00,80.72,96.51,46.65,71.41,1,Success
user6777,TXN101883,241.16,P2M,Pune,Android,UPI AutoPay,2025-08-24 09:00:00,79.98,48.27,26.33,54.17,0,Success
user4036,TXN101884,247.89,P2M,Ahmedabad,Android,UPI,2025-08-24 12:00:00,16.98,55.2,7.09,27.48,0,Success
user6947,TXN101885,122.37,Bank Transfer,Hyderabad,Web,UPI,2025-08-24 15:00:00,23.68,82.21,64.02,35.62,0,Success
user3494,TXN101886,11.95,P2M,Jaipur,iOS,UPI Lite,2025-08-24 18:00:00,95.86,69.97,4.23,53.07,0,Success
user3719,TXN101887,45.13,P2M,Pune,Android,UPI Lite,2025-08-24 21:00:00,44.41,18.28,79.11,35.15,0,Success
user2884,TXN101888,304.81,Bank Transfer,Bengaluru,iOS,UPI QR,2025-08-25 00:00:00,51.97,39.82,77.08,51.19,0,Success
user5349,TXN101889,19.48,P2M,Lucknow,Android,UPI QR,2025-08-25 03:00:00,31.02,92.92,32.29,42.25,0,Failed
user6179,TXN101890,536.03,P2P,Ahmedabad,Android,UPI QR,2025-08-25 06:00:00,48.11,14.61,47.23,36.26,0,Success
user7610,TXN101891,462.27,Bill Payment,Mumbai,Android,UPI AutoPay,2025-08-25 09:00:00,74.34,20.94,66.92,52.45,0,Success
user7430,TXN101892,170.9,Bank Transfer,Jaipur,iOS,UPI,2025-08-25 12:00:00,48.23,40.07,95.91,51.43,0,Success
user8154,TXN101893,298.25,Recharge,Pune,iOS,UPI QR,2025-08-25 15:00:00,31.48,93.99,52.02,54.77,0,Success
user7488,TXN101894,278.32,Bank Transfer,Jaipur,iOS,UPI Lite,2025-08-25 18:00:00,9.6,11.38,99.67,34.88,0,Success
user5737,TXN101895,145.93,Shopping,Ahmedabad,Android,UPI,2025-08-25 21:00:00,92.83,67.29,32.51,61.96,0,Success
user7525,TXN101896,41.52,Recharge,Bengaluru,iOS,UPI QR,2025-08-26 00:00:00,87.17,13.21,52.65,50.21,0,Success
user4850,TXN101897,431.5,Shopping,Bengaluru,Web,UPI,2025-08-26 03:00:00,79.14,52.45,11.56,51.82,0,Failed
user1689,TXN101898,669.97,Bank Transfer,Jaipur,Android,UPI,2025-08-26 06:00:00,69.41,53.66,55.64,53.08,0,Pending
user6175,TXN101899,48.98,Shopping,Bengaluru,Android,UPI,2025-08-26 09:00:00,51.55,4.26,53.63,27.63,0,Success
user9648,TXN101900,39.99,Recharge,Pune,iOS,UPI QR,2025-08-26 12:00:00,89.74,95.41,84.88,83.76,1,Success
user6078,TXN101901,143.05,P2P,Jaipur,Web,UPI,2025-08-26 15:00:00,79.17,80.66,99.66,73.06,1,Success
user6448,TXN101902,87.69,Bank Transfer,Pune,Android,UPI,2025-08-26 18:00:00,81.6,30.29,98.62,62.41,0,Success
user2179,TXN101903,189.61,Bank Transfer,Bengaluru,Android,UPI,2025-08-26 21:00:00,30.96,13.06,23.63,20.1,0,Success
user7406,TXN101904,548.94,P2M,Kolkata,Android,UPI Lite,2025-08-27 00:00:00,42.35,34.56,33.84,46.55,0,Success
user9591,TXN101905,17.36,Bank Transfer,Chennai,iOS,UPI QR,2025-08-27 03:00:00,70.68,89.43,27.47,63.78,0,Success
user7907,TXN101906,797.33,Bank Transfer,Mumbai,Web,UPI AutoPay,2025-08-27 06:00:00,37.11,13.27,19.97,32.19,0,Success
user9800,TXN101907,109.22,P2P,Lucknow,Android,UPI Lite,2025-08-27 09:00:00,49.4,34.93,15.01,34.62,0,Success
user2638,TXN101908,273.63,P2M,Ahmedabad,Android,UPI,2025-08-27 12:00:00,64.65,49.43,51.17,52.81,0,Failed
user6671,TXN101909,304.52,Bill Payment,Mumbai,Web,UPI,2025-08-27 15:00:00,43.78,3.29,87.25,41.64,0,Success
user7928,TXN101910,342.18,Shopping,Pune,Android,UPI AutoPay,2025-08-27 18:00:00,79.3,26.8,58.99,48.02,0,Success
user2382,TXN101911,174.5,Recharge,Chennai,iOS,UPI AutoPay,2025-08-27 21:00:00,11.63,59.56,87.27,36.12,0,Success
user2403,TXN101912,220.43,Bill Payment,Chennai,Android,UPI Lite,2025-08-28 00:00:00,71.81,32.4,95.95,63.35,0,Success
user4292,TXN101913,218.99,P2M,Kolkata,Android,UPI,2025-08-28 03:00:00,14.52,87.05,38.31,44.79,0,Success
user1419,TXN101914,87.33,P2P,Hyderabad,Android,UPI AutoPay,2025-08-28 06:00:00,93.78,93.68,83.57,91.99,1,Success
user5517,TXN101915,28.27,Recharge,Hyderabad,Android,UPI Lite,2025-08-28 09:00:00,31.4,44.15,5.23,31.61,0,Success
user4302,TXN101916,48.46,Shopping,Pune,Web,UPI AutoPay,2025-08-28 12:00:00,79.54,53.2,48.11,52.87,0,Success
user8857,TXN101917,147.79,Bank Transfer,Chennai,Web,UPI,2025-08-28 15:00:00,52.14,63.08,36.83,38.87,0,Success
user8870,TXN101918,74.68,Bank Transfer,Kolkata,iOS,UPI,2025-08-28 18:00:00,9.11,66.45,20.49,30.84,0,Success
user6693,TXN101919,74.85,Bill Payment,Lucknow,Android,UPI,2025-08-28 21:00:00,58.26,6.33,43.84,33.57,0,Success
user1767,TXN101920,991.53,Shopping,Lucknow,Android,UPI,2025-08-29 00:00:00,91.22,5.37,44.37,42.69,0,Failed
user3044,TXN101921,387.18,P2M,Mumbai,Android,UPI QR,2025-08-29 03:00:00,15.72,86.56,80.85,56.28,0,Success
user2549,TXN101922,127.48,Shopping,Jaipur,Web,UPI QR,2025-08-29 06:00:00,32.13,21.99,86.89,31.51,0,Success
user7140,TXN101923,321.19,P2P,Ahmedabad,Android,UPI QR,2025-08-29 09:00:00,43.92,58.41,65.7,45.63,0,Success
user4716,TXN101924,107.74,Bill Payment,Kolkata,Web,UPI Lite,2025-08-29 12:00:00,27.51,62.47,63.34,64.38,0,Success
user5481,TXN101925,183.23,Bill Payment,Jaipur,Web,UPI Lite,2025-08-29 15:00:00,94.38,16.45,11.02,34.2,0,Success
user8898,TXN101926,255.09,P2P,Bengaluru,Android,UPI AutoPay,2025-08-29 18:00:00,37.75,76.16,57.53,54.05,0,Success
user7548,TXN101927,108.03,Shopping,Lucknow,iOS,UPI AutoPay,2025-08-29 21:00:00,65.81,86.59,27.44,63.12,0,Success
user3293,TXN101928,82.66,P2P,Pune,Web,UPI Lite,2025-08-30 00:00:00,22.39,28.54,29.48,29.86,0,Success
user5837,TXN101929,557.76,Recharge,Kolkata,iOS,UPI AutoPay,2025-08-30 03:00:00,21.97,87.78,9.48,42.25,0,Success
user8758,TXN101930,303.12,P2P,Chennai,iOS,UPI Lite,2025-08-30 06:00:00,17.58,8.1,63.59,28.25,0,Success
user7793,TXN101931,17.21,Shopping,Delhi,iOS,UPI QR,2025-08-30 09:00:00,43.48,80.05,58.38,53.75,0,Success
user8638,TXN101932,84.09,P2P,Delhi,Android,UPI Lite,2025-08-30 12:00:00,53.29,64.01,22.03,53.59,0,Success
user8993,TXN101933,75.09,P2M,Lucknow,Android,UPI Lite,2025-08-30 15:00:00,1.07,58.31,26.3,34.26,0,Success
user7007,TXN101934,88.13,Bank Transfer,Kolkata,Android,UPI AutoPay,2025-08-30 18:00:00,83.29,23.01,77.3,62.58,0,Success
user6542,TXN101935,388.54,P2P,Jaipur,Android,UPI AutoPay,2025-08-30 21:00:00,51.28,36.18,79.29,60.6,0,Success
user7356,TXN101936,167.2,Bank Transfer,Jaipur,iOS,UPI Lite,2025-08-31 00:00:00,15.72,91.03,49.31,52.14,0,Success
user9433,TXN101937,40.87,P2P,Kolkata,Android,UPI,2025-08-31 03:00:00,6.73,46.57,14.9,17.8,0,Success
user8380,TXN101938,111.81,Shopping,Ahmedabad,Android,UPI AutoPay,2025-08-31 06:00:00,6.32,59.44,5.56,16.82,0,Success
user3385,TXN101939,281.95,Recharge,Lucknow,Android,UPI Lite,2025-08-31 09:00:00,25.76,93.59,27.15,47.04,0,Success
user5268,TXN101940,131.68,Recharge,Bengaluru,Web,UPI AutoPay,2025-08-31 12:00:00,49.93,46.65,73.12,52.05,0,Success
user1671,TXN101941,86.08,Bank Transfer,Mumbai,iOS,UPI,2025-08-31 15:00:00,86.02,38.83,60.08,60.19,0,Success
user1163,TXN101942,228.43,Shopping,Kolkata,Android,UPI AutoPay,2025-08-31 18:00:00,90.3,89.32,71.81,87.54,1,Success
user9656,TXN101943,827.32,Shopping,Ahmedabad,Web,UPI Lite,2025-08-31 21:00:00,83.23,91.09,47.17,67.26,0,Success
user5592,TXN101944,260.19,Shopping,Delhi,Android,UPI Lite,2025-09-01 00:00:00,32.86,35.46,75.47,40.46,0,Success
user5795,TXN101945,602.41,P2M,Jaipur,iOS,UPI,2025-09-01 03:00:00,30.66,59.2,48.08,43.81,0,Success
user5798,TXN101946,92.05,Bill Payment,Pune,iOS,UPI Lite,2025-09-01 06:00:00,98.75,96.37,8.4,64.72,0,Success
user7036,TXN101947,162.66,P2P,Lucknow,Web,UPI,2025-09-01 09:00:00,68.13,5.55,7.99,15.01,0,Success
user3355,TXN101948,159.4,Shopping,Jaipur,iOS,UPI Lite,2025-09-01 12:00:00,30.5,3.98,83.15,29.75,0,Pending
user6887,TXN101949,184.69,Shopping,Bengaluru,Android,UPI Lite,2025-09-01 15:00:00,32.91,51.66,62.96,36.24,0,Success
user8961,TXN101950,254.81,Shopping,Ahmedabad,Android,UPI AutoPay,2025-09-01 18:00:00,43.46,29.12,27.91,41.01,0,Success
user6827,TXN101951,65.43,Recharge,Delhi,Android,UPI AutoPay,2025-09-01 21:00:00,62.18,58.18,75.72,52.49,0,Success
user9737,TXN101952,313.35,Shopping,Bengaluru,Android,UPI,2025-09-02 00:00:00,89.8,72.43,13.57,56.88,0,Success
user5719,TXN101953,32.2,P2P,Mumbai,Android,UPI AutoPay,2025-09-02 03:00:00,19.83,6.91,64.52,25.57,0,Success
user1593,TXN101954,43.13,Shopping,Hyderabad,Android,UPI QR,2025-09-02 06:00:00,8.44,88.24,98.95,57.74,0,Success
user5839,TXN101955,1388.01,P2P,Pune,Android,UPI,2025-09-02 09:00:00,40.58,27.69,15.0,30.86,0,Success
user8394,TXN101956,98.48,P2M,Mumbai,Android,UPI QR,2025-09-02 12:00:00,24.55,38.13,14.19,25.97,0,Success
user4493,TXN101957,340.2,Bill Payment,Lucknow,Android,UPI,2025-09-02 15:00:00,57.6,33.7,46.78,36.49,0,Success
user7164,TXN101958,896.31,Recharge,Jaipur,iOS,UPI QR,2025-09-02 18:00:00,69.92,83.98,64.27,65.61,0,Success
user3672,TXN101959,16.21,P2P,Chennai,Android,UPI AutoPay,2025-09-02 21:00:00,31.07,17.07,2.65,6.98,0,Success
user5200,TXN101960,505.85,Bank Transfer,Chennai,Web,UPI AutoPay,2025-09-03 00:00:00,68.55,2.87,49.97,41.01,0,Success
user1016,TXN101961,313.86,P2M,Delhi,Android,UPI Lite,2025-09-03 03:00:00,34.31,97.18,8.32,38.48,0,Success
user4191,TXN101962,845.9,Bill Payment,Kolkata,Android,UPI QR,2025-09-03 06:00:00,63.5,98.06,24.13,68.81,0,Success
user1392,TXN101963,50.32,Bill Payment,Jaipur,Android,UPI Lite,2025-09-03 09:00:00,63.31,25.77,71.24,33.96,0,Success
user9616,TXN101964,700.12,Bill Payment,Chennai,Android,UPI,2025-09-03 12:00:00,27.82,0.94,73.89,43.36,0,Success
user7272,TXN101965,78.3,P2P,Ahmedabad,Android,UPI QR,2025-09-03 15:00:00,63.57,64.59,72.97,61.66,0,Failed
user1571,TXN101966,470.96,P2M,Hyderabad,Web,UPI Lite,2025-09-03 18:00:00,38.1,64.85,6.51,33.21,0,Success
user4631,TXN101967,158.22,Shopping,Delhi,Android,UPI,2025-09-03 21:00:00,33.65,94.04,78.68,63.83,0,Success
user7172,TXN101968,354.52,Bank Transfer,Pune,Android,UPI QR,2025-09-04 00:00:00,28.93,29.85,43.22,40.83,0,Success
user8177,TXN101969,172.24,P2M,Mumbai,Android,UPI Lite,2025-09-04 03:00:00,34.56,18.95,47.53,43.21,0,Success
user9433,TXN101970,26.07,P2M,Mumbai,iOS,UPI QR,2025-09-04 06:00:00,78.67,61.64,41.97,56.54,0,Failed
user4897,TXN101971,7.24,P2M,Chennai,Android,UPI QR,2025-09-04 09:00:00,24.52,56.37,85.7,32.97,0,Success
user9123,TXN101972,202.33,P2P,Delhi,iOS,UPI Lite,2025-09-04 12:00:00,68.2,71.77,68.0,62.22,0,Success
user3279,TXN101973,126.0,Bank Transfer,Chennai,Android,UPI AutoPay,2025-09-04 15:00:00,90.06,88.51,50.0,67.12,0,Success
user9980,TXN101974,244.26,P2P,Mumbai,Android,UPI AutoPay,2025-09-04 18:00:00,35.04,55.97,83.43,54.99,0,Success
user8451,TXN101975,127.47,Bank Transfer,Lucknow,Android,UPI Lite,2025-09-04 21:00:00,2.95,15.01,80.54,23.03,0,Success
user9906,TXN101976,1234.08,Bank Transfer,Bengaluru,iOS,UPI,2025-09-05 00:00:00,2.46,59.81,0.5,13.48,0,Failed
user1775,TXN101977,206.55,P2P,Jaipur,iOS,UPI Lite,2025-09-05 03:00:00,13.95,37.41,47.89,24.83,0,Pending
user7869,TXN101978,104.9,Bank Transfer,Delhi,Android,UPI Lite,2025-09-05 06:00:00,11.0,45.27,4.22,28.25,0,Success
user3247,TXN101979,229.84,P2M,Ahmedabad,Android,UPI QR,2025-09-05 09:00:00,74.81,95.95,30.72,64.02,0,Success
user8088,TXN101980,106.84,P2P,Chennai,Android,UPI AutoPay,2025-09-05 12:00:00,29.49,55.49,80.38,54.16,0,Success
user1078,TXN101981,180.0,Bank Transfer,Chennai,Android,UPI AutoPay,2025-09-05 15:00:00,65.25,14.96,94.41,48.39,0,Success
user9080,TXN101982,48.55,Bill Payment,Kolkata,Android,UPI AutoPay,2025-09-05 18:00:00,4.25,44.32,24.21,29.17,0,Success
user8099,TXN101983,162.62,P2P,Hyderabad,iOS,UPI AutoPay,2025-09-05 21:00:00,29.57,22.84,2.14,11.98,0,Success
user4926,TXN101984,101.71,Recharge,Pune,iOS,UPI Lite,2025-09-06 00:00:00,23.41,13.55,40.23,17.22,0,Success
user8340,TXN101985,53.37,P2P,Chennai,Android,UPI QR,2025-09-06 03:00:00,27.69,71.22,33.51,49.11,0,Success
user8083,TXN101986,1182.91,P2P,Ahmedabad,Web,UPI AutoPay,2025-09-06 06:00:00,19.07,62.86,67.7,54.07,0,Success
user7230,TXN101987,55.49,P2P,Pune,Web,UPI AutoPay,2025-09-06 09:00:00,61.79,49.78,49.51,35.7,0,Pending
user5940,TXN101988,165.17,Bank Transfer,Hyderabad,Android,UPI QR,2025-09-06 12:00:00,66.27,42.32,39.88,53.16,0,Failed
user4271,TXN101989,73.49,P2P,Kolkata,Android,UPI Lite,2025-09-06 15:00:00,14.85,32.22,22.96,11.38,0,Success
user4456,TXN101990,220.75,Recharge,Chennai,Web,UPI Lite,2025-09-06 18:00:00,74.11,8.8,82.85,57.18,0,Failed
user8788,TXN101991,45.86,Shopping,Pune,Android,UPI Lite,2025-09-06 21:00:00,25.0,29.93,24.84,31.29,0,Success
user9599,TXN101992,380.07,P2P,Pune,Android,UPI AutoPay,2025-09-07 00:00:00,28.29,83.84,5.47,48.22,0,Success
user8650,TXN101993,1256.59,Bill Payment,Lucknow,iOS,UPI AutoPay,2025-09-07 03:00:00,82.88,78.37,56.46,81.07,1,Success
user3711,TXN101994,70.84,Recharge,Pune,Android,UPI AutoPay,2025-09-07 06:00:00,90.12,97.23,31.73,70.43,1,Success
user2668,TXN101995,553.89,Shopping,Mumbai,iOS,UPI Lite,2025-09-07 09:00:00,82.48,65.61,71.24,65.73,0,Success
user1147,TXN101996,111.96,Bank Transfer,Hyderabad,Android,UPI AutoPay,2025-09-07 12:00:00,14.78,55.36,8.09,23.88,0,Success
user7420,TXN101997,739.36,P2P,Ahmedabad,Android,UPI,2025-09-07 15:00:00,99.93,29.6,96.63,68.61,0,Success
user1365,TXN101998,1463.37,Shopping,Kolkata,Android,UPI QR,2025-09-07 18:00:00,67.22,7.69,18.69,31.62,0,Success
user5531,TXN101999,129.84,Bill Payment,Hyderabad,Android,UPI,2025-09-07 21:00:00,51.07,61.8,35.71,44.29,0,Success
user6330,TXN102000,35.86,Recharge,Bengaluru,Android,UPI,2025-09-08 00:00:00,95.48,48.82,48.1,68.05,0,Success
user6510,TXN102001,423.3,Recharge,Mumbai,Android,UPI AutoPay,2025-09-08 03:00:00,81.74,75.91,89.01,65.42,0,Success
user9754,TXN102002,205.29,Bank Transfer,Kolkata,iOS,UPI QR,2025-09-08 06:00:00,69.17,41.19,72.25,62.6,0,Success
user9964,TXN102003,270.91,Bank Transfer,Bengaluru,Android,UPI,2025-09-08 09:00:00,83.84,98.56,14.48,63.01,0,Success
user7493,TXN102004,116.76,Bank Transfer,Pune,Android,UPI Lite,2025-09-08 12:00:00,38.55,39.76,43.86,26.31,0,Success
user6439,TXN102005,67.73,Shopping,Hyderabad,Android,UPI Lite,2025-09-08 15:00:00,68.44,33.31,54.29,51.82,0,Success
user7511,TXN102006,523.4,P2P,Ahmedabad,Android,UPI Lite,2025-09-08 18:00:00,19.06,87.1,70.21,40.53,0,Success
user8504,TXN102007,225.83,P2M,Kolkata,Android,UPI Lite,2025-09-08 21:00:00,98.8,39.55,57.18,61.8,0,Success
user2246,TXN102008,38.72,Recharge,Jaipur,Android,UPI QR,2025-09-09 00:00:00,58.9,87.09,45.73,73.09,1,Success
user4839,TXN102009,325.99,P2M,Bengaluru,Web,UPI Lite,2025-09-09 03:00:00,81.42,2.74,76.55,45.97,0,Success
user9551,TXN102010,266.71,Recharge,Lucknow,Android,UPI QR,2025-09-09 06:00:00,40.73,69.26,37.81,42.4,0,Success
user3376,TXN102011,118.47,Bank Transfer,Mumbai,iOS,UPI QR,2025-09-09 09:00:00,75.86,7.19,98.72,59.13,0,Success
user4009,TXN102012,828.66,P2P,Mumbai,Android,UPI QR,2025-09-09 12:00:00,38.74,14.82,94.78,47.8,0,Success
user2827,TXN102013,88.4,P2P,Lucknow,iOS,UPI QR,2025-09-09 15:00:00,59.0,70.01,70.74,63.96,0,Success
user7979,TXN102014,138.52,Recharge,Mumbai,Android,UPI AutoPay,2025-09-09 18:00:00,77.81,28.97,88.26,55.08,0,Success
user9569,TXN102015,353.77,Shopping,Delhi,iOS,UPI,2025-09-09 21:00:00,11.65,21.04,39.32,24.25,0,Success
user5285,TXN102016,177.11,Bank Transfer,Delhi,Android,UPI AutoPay,2025-09-10 00:00:00,35.68,80.15,58.15,47.44,0,Success
user7910,TXN102017,41.08,P2P,Kolkata,Android,UPI,2025-09-10 03:00:00,54.49,94.62,27.27,57.62,0,Success
user9561,TXN102018,197.12,P2P,Jaipur,Android,UPI AutoPay,2025-09-10 06:00:00,33.4,23.24,88.56,40.29,0,Success
user3196,TXN102019,108.38,Bill Payment,Ahmedabad,iOS,UPI Lite,2025-09-10 09:00:00,30.92,31.72,47.1,37.68,0,Success
user4747,TXN102020,386.45,P2P,Pune,iOS,UPI QR,2025-09-10 12:00:00,28.17,71.41,53.61,51.79,0,Success
user9843,TXN102021,190.8,Bill Payment,Delhi,Android,UPI Lite,2025-09-10 15:00:00,22.78,81.53,86.46,57.48,0,Success
user6978,TXN102022,180.28,P2P,Bengaluru,Android,UPI Lite,2025-09-10 18:00:00,84.89,99.92,79.73,74.6,1,Success
user6607,TXN102023,57.5,P2P,Lucknow,iOS,UPI Lite,2025-09-10 21:00:00,92.37,27.34,32.17,38.13,0,Success
user1769,TXN102024,130.32,Shopping,Hyderabad,iOS,UPI AutoPay,2025-09-11 00:00:00,70.02,55.66,8.74,35.72,0,Success
user1780,TXN102025,432.72,Shopping,Jaipur,Android,UPI Lite,2025-09-11 03:00:00,3.0,13.4,16.21,3.17,0,Success
user7303,TXN102026,75.45,Bank Transfer,Ahmedabad,Web,UPI QR,2025-09-11 06:00:00,78.62,33.08,33.91,67.01,0,Success
user4983,TXN102027,158.77,P2P,Bengaluru,Android,UPI QR,2025-09-11 09:00:00,53.19,4.5,30.53,32.53,0,Success
user9714,TXN102028,64.3,Bank Transfer,Jaipur,Android,UPI,2025-09-11 12:00:00,75.81,21.08,3.83,35.53,0,Success
user1521,TXN102029,50.21,Bank Transfer,Lucknow,Android,UPI AutoPay,2025-09-11 15:00:00,43.73,50.65,43.21,37.53,0,Success
user8569,TXN102030,150.68,Bank Transfer,Bengaluru,iOS,UPI QR,2025-09-11 18:00:00,4.13,16.38,10.59,15.87,0,Success
user6784,TXN102031,195.16,Bank Transfer,Lucknow,Android,UPI QR,2025-09-11 21:00:00,68.17,88.94,22.09,55.11,0,Success
user5583,TXN102032,1204.55,Recharge,Ahmedabad,Android,UPI AutoPay,2025-09-12 00:00:00,44.41,71.03,78.75,61.34,0,Success
user6946,TXN102033,104.02,Recharge,Mumbai,Android,UPI Lite,2025-09-12 03:00:00,87.4,2.77,49.49,48.19,0,Success
user5941,TXN102034,156.0,P2P,Pune,Android,UPI QR,2025-09-12 06:00:00,73.81,87.67,37.3,64.69,0,Success
user7267,TXN102035,46.99,Recharge,Pune,Android,UPI Lite,2025-09-12 09:00:00,35.96,97.73,18.54,47.11,0,Success
user8128,TXN102036,302.55,P2P,Chennai,Android,UPI QR,2025-09-12 12:00:00,72.41,50.19,86.63,55.56,0,Success
user3461,TXN102037,244.23,Shopping,Delhi,Web,UPI,2025-09-12 15:00:00,49.52,31.46,90.37,50.27,0,Success
user1685,TXN102038,726.61,P2M,Kolkata,Android,UPI Lite,2025-09-12 18:00:00,19.94,26.35,51.87,36.91,0,Success
user3160,TXN102039,498.51,Bill Payment,Hyderabad,Android,UPI QR,2025-09-12 21:00:00,41.99,8.74,92.13,46.63,0,Success
user8031,TXN102040,233.09,Recharge,Lucknow,iOS,UPI AutoPay,2025-09-13 00:00:00,22.26,49.16,46.48,36.85,0,Success
user6341,TXN102041,102.51,Recharge,Chennai,iOS,UPI AutoPay,2025-09-13 03:00:00,0.5,5.01,10.72,10.27,0,Success
user1038,TXN102042,201.27,Shopping,Chennai,Android,UPI AutoPay,2025-09-13 06:00:00,24.68,50.38,1.7,16.2,0,Success
user5875,TXN102043,146.79,Recharge,Chennai,Android,UPI QR,2025-09-13 09:00:00,20.95,25.25,12.84,17.29,0,Failed
user2256,TXN102044,425.56,P2P,Lucknow,iOS,UPI Lite,2025-09-13 12:00:00,0.43,47.64,62.27,30.57,0,Success
user8697,TXN102045,374.74,P2P,Ahmedabad,Android,UPI,2025-09-13 15:00:00,78.39,41.84,32.09,41.26,0,Success
user3196,TXN102046,121.95,P2M,Lucknow,Android,UPI,2025-09-13 18:00:00,7.7,30.51,64.83,31.9,0,Success
user8165,TXN102047,38.02,P2M,Pune,Android,UPI QR,2025-09-13 21:00:00,44.91,44.86,50.8,46.73,0,Pending
user1301,TXN102048,622.28,P2M,Lucknow,iOS,UPI QR,2025-09-14 00:00:00,41.79,47.4,33.3,39.56,0,Success
user8527,TXN102049,293.5,P2P,Ahmedabad,Android,UPI QR,2025-09-14 03:00:00,18.14,83.37,21.87,38.82,0,Pending
user7381,TXN102050,119.17,Bank Transfer,Jaipur,Web,UPI Lite,2025-09-14 06:00:00,96.69,66.58,8.1,51.91,0,Success
user1646,TXN102051,282.27,Bank Transfer,Pune,Android,UPI AutoPay,2025-09-14 09:00:00,60.37,43.32,78.24,50.16,0,Success
user9789,TXN102052,176.77,P2M,Mumbai,iOS,UPI Lite,2025-09-14 12:00:00,81.35,90.52,81.9,66.92,0,Success
user9853,TXN102053,613.16,P2M,Bengaluru,Android,UPI Lite,2025-09-14 15:00:00,49.61,75.57,54.15,53.5,0,Success
user5330,TXN102054,23.81,P2P,Mumbai,Android,UPI QR,2025-09-14 18:00:00,72.28,7.57,15.71,27.37,0,Success
user8003,TXN102055,110.26,Shopping,Kolkata,Android,UPI,2025-09-14 21:00:00,96.98,15.37,26.35,39.74,0,Success
user4537,TXN102056,811.64,Recharge,Mumbai,Android,UPI Lite,2025-09-15 00:00:00,34.84,8.17,95.51,40.53,0,Success
user5558,TXN102057,288.07,Bill Payment,Pune,Android,UPI,2025-09-15 03:00:00,50.43,31.89,22.59,30.85,0,Success
user7579,TXN102058,965.46,Bank Transfer,Mumbai,iOS,UPI QR,2025-09-15 06:00:00,51.45,43.56,5.68,24.58,0,Success
user9474,TXN102059,48.34,Bank Transfer,Delhi,iOS,UPI Lite,2025-09-15 09:00:00,99.2,50.42,55.0,59.81,0,Success
user5082,TXN102060,479.24,P2P,Mumbai,Android,UPI AutoPay,2025-09-15 12:00:00,23.31,85.14,26.19,40.28,0,Success
user5183,TXN102061,451.34,P2P,Hyderabad,Android,UPI AutoPay,2025-09-15 15:00:00,67.53,1.8,95.74,41.33,0,Success
user9652,TXN102062,30.52,Bill Payment,Kolkata,Android,UPI Lite,2025-09-15 18:00:00,13.82,42.83,57.48,34.57,0,Success
user4754,TXN102063,122.06,Bill Payment,Bengaluru,iOS,UPI AutoPay,2025-09-15 21:00:00,92.71,41.1,96.58,69.7,0,Success
user2724,TXN102064,147.45,P2M,Ahmedabad,Android,UPI Lite,2025-09-16 00:00:00,59.04,94.75,78.56,62.9,0,Success
user2376,TXN102065,32.47,Bill Payment,Hyderabad,iOS,UPI AutoPay,2025-09-16 03:00:00,85.94,24.1,72.31,60.91,0,Success
user9706,TXN102066,124.64,Recharge,Hyderabad,Android,UPI QR,2025-09-16 06:00:00,89.52,12.24,83.04,65.73,0,Success
user9894,TXN102067,392.75,Recharge,Hyderabad,Android,UPI AutoPay,2025-09-16 09:00:00,55.71,14.23,60.49,39.18,0,Success
user2653,TXN102068,110.95,Bank Transfer,Ahmedabad,Android,UPI AutoPay,2025-09-16 12:00:00,68.2,52.01,1.11,38.49,0,Success
user3066,TXN102069,208.96,Recharge,Delhi,Android,UPI QR,2025-09-16 15:00:00,69.87,39.09,39.25,44.18,0,Success
user1022,TXN102070,210.48,Recharge,Delhi,iOS,UPI QR,2025-09-16 18:00:00,46.05,75.41,21.9,40.96,0,Success
user3460,TXN102071,162.04,Recharge,Ahmedabad,iOS,UPI AutoPay,2025-09-16 21:00:00,43.48,32.32,43.43,29.54,0,Success
user6926,TXN102072,81.03,P2M,Jaipur,iOS,UPI,2025-09-17 00:00:00,18.62,12.8,47.05,23.09,0,Success
user7251,TXN102073,316.97,Bank Transfer,Lucknow,iOS,UPI,2025-09-17 03:00:00,38.39,38.69,12.78,23.54,0,Success
user8295,TXN102074,33.55,P2P,Lucknow,Android,UPI Lite,2025-09-17 06:00:00,99.08,88.3,2.34,43.62,0,Success
user4300,TXN102075,165.44,Bank Transfer,Delhi,Android,UPI AutoPay,2025-09-17 09:00:00,26.99,40.55,13.82,39.62,0,Success
user7279,TXN102076,655.56,Bank Transfer,Pune,iOS,UPI Lite,2025-09-17 12:00:00,76.24,83.36,85.74,86.32,1,Success
user9553,TXN102077,104.86,Bank Transfer,Ahmedabad,iOS,UPI QR,2025-09-17 15:00:00,5.93,37.15,75.59,33.11,0,Success
user8353,TXN102078,79.26,Bill Payment,Delhi,iOS,UPI AutoPay,2025-09-17 18:00:00,46.75,28.14,79.89,35.84,0,Success
user4727,TXN102079,338.84,P2P,Pune,Android,UPI QR,2025-09-17 21:00:00,5.84,77.49,27.63,48.97,0,Success
user7272,TXN102080,193.14,Bill Payment,Lucknow,Android,UPI AutoPay,2025-09-18 00:00:00,47.58,20.92,23.61,32.85,0,Success
user6995,TXN102081,345.66,P2M,Mumbai,Android,UPI AutoPay,2025-09-18 03:00:00,2.76,23.18,3.74,6.98,0,Failed
user1514,TXN102082,170.46,P2M,Delhi,iOS,UPI QR,2025-09-18 06:00:00,61.33,4.98,47.23,45.7,0,Success
user1448,TXN102083,15.05,Shopping,Kolkata,Web,UPI AutoPay,2025-09-18 09:00:00,58.65,18.78,38.24,28.78,0,Success
user7019,TXN102084,533.74,Shopping,Mumbai,Android,UPI AutoPay,2025-09-18 12:00:00,79.78,37.88,83.59,46.71,0,Success
user6343,TXN102085,1299.88,P2M,Mumbai,Android,UPI Lite,2025-09-18 15:00:00,58.33,39.96,68.19,47.48,0,Success
user9033,TXN102086,592.32,P2M,Delhi,Android,UPI QR,2025-09-18 18:00:00,92.6,42.06,14.43,54.86,0,Success
user3520,TXN102087,4.76,Bill Payment,Pune,Android,UPI,2025-09-18 21:00:00,78.31,47.97,98.72,82.44,1,Success
user4081,TXN102088,257.52,P2M,Kolkata,Android,UPI,2025-09-19 00:00:00,13.27,57.19,77.06,36.59,0,Success
user2428,TXN102089,102.85,P2P,Pune,Web,UPI AutoPay,2025-09-19 03:00:00,26.55,18.94,72.02,25.03,0,Success
user4967,TXN102090,55.47,Bill Payment,Hyderabad,iOS,UPI Lite,2025-09-19 06:00:00,2.62,61.39,21.66,25.09,0,Success
user7445,TXN102091,185.44,P2M,Pune,iOS,UPI AutoPay,2025-09-19 09:00:00,38.61,33.66,90.52,46.53,0,Success
user3159,TXN102092,141.32,Bill Payment,Pune,Android,UPI Lite,2025-09-19 12:00:00,50.95,73.4,47.39,65.17,0,Success
user6132,TXN102093,272.78,Bill Payment,Jaipur,Android,UPI AutoPay,2025-09-19 15:00:00,94.59,55.72,29.77,59.59,0,Success
user3547,TXN102094,173.57,Recharge,Chennai,Web,UPI,2025-09-19 18:00:00,52.23,55.43,65.48,66.42,0,Pending
user3979,TXN102095,53.47,Shopping,Bengaluru,Android,UPI QR,2025-09-19 21:00:00,78.1,68.55,21.18,62.93,0,Success
user3649,TXN102096,92.15,Bill Payment,Chennai,Web,UPI Lite,2025-09-20 00:00:00,26.8,33.3,90.76,48.71,0,Success
user9505,TXN102097,78.42,Bank Transfer,Kolkata,iOS,UPI AutoPay,2025-09-20 03:00:00,15.32,42.92,85.43,29.5,0,Success
user4083,TXN102098,29.47,Bill Payment,Kolkata,Android,UPI AutoPay,2025-09-20 06:00:00,81.08,58.29,46.49,54.79,0,Success
user2037,TXN102099,41.61,Bank Transfer,Ahmedabad,Android,UPI Lite,2025-09-20 09:00:00,24.74,42.16,19.07,27.95,0,Success
user4489,TXN102100,132.81,Recharge,Pune,Android,UPI Lite,2025-09-20 12:00:00,87.13,44.43,49.65,38.17,0,Success
user8604,TXN102101,681.13,P2M,Mumbai,Android,UPI,2025-09-20 15:00:00,16.98,27.25,14.91,14.54,0,Success
user8544,TXN102102,96.01,Bill Payment,Chennai,Android,UPI Lite,2025-09-20 18:00:00,85.16,28.74,26.98,43.11,0,Success
user3634,TXN102103,76.9,Recharge,Ahmedabad,iOS,UPI AutoPay,2025-09-20 21:00:00,77.28,69.9,48.27,54.75,0,Success
user4983,TXN102104,50.34,P2P,Hyderabad,iOS,UPI,2025-09-21 00:00:00,61.12,0.43,2.11,36.94,0,Success
user2778,TXN102105,169.11,Recharge,Bengaluru,Android,UPI,2025-09-21 03:00:00,85.02,9.53,76.57,55.57,0,Failed
user8902,TXN102106,533.39,Shopping,Pune,Android,UPI QR,2025-09-21 06:00:00,33.07,94.88,19.69,44.58,0,Success
user6110,TXN102107,1215.22,Shopping,Ahmedabad,Android,UPI QR,2025-09-21 09:00:00,16.6,18.7,86.66,22.64,0,Pending
user6189,TXN102108,218.2,P2M,Chennai,Android,UPI QR,2025-09-21 12:00:00,15.7,41.81,2.23,15.32,0,Success
user8378,TXN102109,188.67,Bank Transfer,Hyderabad,Android,UPI Lite,2025-09-21 15:00:00,27.04,84.97,53.21,59.8,0,Success
user2124,TXN102110,95.25,P2M,Jaipur,iOS,UPI,2025-09-21 18:00:00,44.62,0.01,77.67,30.97,0,Success
user1697,TXN102111,112.55,Bank Transfer,Lucknow,Android,UPI Lite,2025-09-21 21:00:00,87.6,92.52,23.79,61.8,0,Success
user3179,TXN102112,307.72,Bank Transfer,Bengaluru,Android,UPI,2025-09-22 00:00:00,8.95,5.35,70.76,13.94,0,Success
user6251,TXN102113,119.72,Bank Transfer,Kolkata,Android,UPI AutoPay,2025-09-22 03:00:00,91.52,17.09,72.09,56.59,0,Success
user2929,TXN102114,139.45,Bank Transfer,Jaipur,Android,UPI Lite,2025-09-22 06:00:00,92.55,2.91,63.78,51.73,0,Success
user2013,TXN102115,159.92,Shopping,Pune,Android,UPI,2025-09-22 09:00:00,72.72,51.95,36.43,51.76,0,Success
user1226,TXN102116,90.85,Shopping,Lucknow,Android,UPI QR,2025-09-22 12:00:00,90.03,94.31,78.51,71.37,1,Success
user8321,TXN102117,152.17,Bill Payment,Lucknow,Android,UPI QR,2025-09-22 15:00:00,77.0,83.9,62.84,71.71,1,Success
user2828,TXN102118,21.77,Shopping,Bengaluru,iOS,UPI AutoPay,2025-09-22 18:00:00,52.83,63.97,59.04,49.61,0,Failed
user8909,TXN102119,283.96,P2M,Mumbai,iOS,UPI Lite,2025-09-22 21:00:00,60.08,18.55,81.92,49.3,0,Success
user6588,TXN102120,1722.91,Shopping,Jaipur,iOS,UPI,2025-09-23 00:00:00,62.82,86.96,24.46,63.17,0,Success
user3023,TXN102121,94.44,P2M,Mumbai,Android,UPI QR,2025-09-23 03:00:00,12.69,75.48,23.25,36.03,0,Success
user5966,TXN102122,238.37,P2P,Delhi,Android,UPI,2025-09-23 06:00:00,19.31,26.68,38.64,29.48,0,Success
user6891,TXN102123,384.36,Shopping,Jaipur,Android,UPI Lite,2025-09-23 09:00:00,52.34,80.51,7.31,49.9,0,Success
user2080,TXN102124,590.05,P2M,Hyderabad,iOS,UPI QR,2025-09-23 12:00:00,11.52,87.72,33.74,46.08,0,Failed
user6036,TXN102125,125.92,Bank Transfer,Pune,Android,UPI AutoPay,2025-09-23 15:00:00,96.5,69.82,40.63,71.96,1,Success
user3563,TXN102126,27.02,Recharge,Jaipur,Android,UPI AutoPay,2025-09-23 18:00:00,50.71,10.04,49.51,41.6,0,Success
user4292,TXN102127,214.27,Bank Transfer,Jaipur,Android,UPI Lite,2025-09-23 21:00:00,38.01,98.42,25.4,52.65,0,Success
user4586,TXN102128,186.54,Bill Payment,Delhi,Web,UPI Lite,2025-09-24 00:00:00,15.75,7.6,90.68,36.73,0,Success
user5431,TXN102129,116.09,P2M,Bengaluru,Web,UPI,2025-09-24 03:00:00,41.65,65.45,28.51,42.77,0,Success
user7841,TXN102130,143.52,Bank Transfer,Bengaluru,Android,UPI AutoPay,2025-09-24 06:00:00,30.24,11.05,85.16,40.29,0,Success
user7643,TXN102131,189.37,Shopping,Hyderabad,iOS,UPI Lite,2025-09-24 09:00:00,8.79,90.54,44.5,38.54,0,Success
user4959,TXN102132,235.51,Shopping,Bengaluru,Android,UPI Lite,2025-09-24 12:00:00,96.7,35.0,71.82,50.45,0,Success
user1161,TXN102133,225.84,P2P,Lucknow,Android,UPI AutoPay,2025-09-24 15:00:00,26.5,51.15,11.09,38.0,0,Success
user1593,TXN102134,131.94,Recharge,Chennai,Android,UPI,2025-09-24 18:00:00,69.05,17.88,54.46,44.77,0,Success
user4390,TXN102135,240.88,P2M,Delhi,Android,UPI,2025-09-24 21:00:00,9.13,54.66,96.08,45.28,0,Pending
user6997,TXN102136,123.34,Bank Transfer,Chennai,Android,UPI AutoPay,2025-09-25 00:00:00,91.32,93.88,66.63,83.32,1,Success
user7354,TXN102137,311.7,Recharge,Chennai,Web,UPI AutoPay,2025-09-25 03:00:00,59.08,90.16,82.03,64.21,0,Success
user1663,TXN102138,87.58,P2P,Delhi,iOS,UPI AutoPay,2025-09-25 06:00:00,65.69,6.39,26.11,30.86,0,Success
user1541,TXN102139,176.45,Bill Payment,Chennai,Android,UPI AutoPay,2025-09-25 09:00:00,78.18,37.83,80.02,54.98,0,Success
user6433,TXN102140,32.34,Recharge,Chennai,Android,UPI AutoPay,2025-09-25 12:00:00,60.59,26.74,35.13,36.76,0,Success
user6093,TXN102141,113.31,P2P,Chennai,Android,UPI Lite,2025-09-25 15:00:00,7.09,48.14,48.51,26.54,0,Success
user1867,TXN102142,289.31,P2M,Hyderabad,Android,UPI QR,2025-09-25 18:00:00,42.96,83.37,18.8,41.45,0,Success
user9623,TXN102143,58.34,Bill Payment,Kolkata,iOS,UPI AutoPay,2025-09-25 21:00:00,26.2,73.89,48.57,46.31,0,Success
user6469,TXN102144,119.09,Shopping,Hyderabad,Android,UPI QR,2025-09-26 00:00:00,48.67,34.4,51.57,27.45,0,Success
user7256,TXN102145,14.8,P2P,Mumbai,Android,UPI,2025-09-26 03:00:00,40.43,38.27,62.23,50.44,0,Success
user2169,TXN102146,41.76,Shopping,Jaipur,Android,UPI Lite,2025-09-26 06:00:00,82.65,65.43,86.86,65.37,0,Success
user1830,TXN102147,54.25,Bill Payment,Bengaluru,Android,UPI QR,2025-09-26 09:00:00,24.7,19.42,30.49,25.6,0,Success
user2651,TXN102148,181.59,P2P,Delhi,Android,UPI,2025-09-26 12:00:00,20.13,10.27,98.41,38.89,0,Success
user2136,TXN102149,228.93,P2P,Lucknow,Web,UPI,2025-09-26 15:00:00,95.81,24.26,84.77,60.38,0,Success
user3810,TXN102150,155.08,Bill Payment,Chennai,iOS,UPI,2025-09-26 18:00:00,94.95,12.4,40.29,50.37,0,Success
user9667,TXN102151,111.88,P2M,Ahmedabad,Android,UPI AutoPay,2025-09-26 21:00:00,99.35,35.2,22.67,43.64,0,Success
user2019,TXN102152,112.27,P2P,Delhi,iOS,UPI Lite,2025-09-27 00:00:00,56.84,93.76,7.15,46.2,0,Success
user6237,TXN102153,335.64,Bill Payment,Pune,Web,UPI,2025-09-27 03:00:00,11.31,12.03,23.44,12.4,0,Success
user2283,TXN102154,202.92,Recharge,Delhi,Android,UPI AutoPay,2025-09-27 06:00:00,88.02,81.83,88.45,81.06,1,Success
user1659,TXN102155,117.45,Shopping,Jaipur,Android,UPI QR,2025-09-27 09:00:00,14.51,53.46,29.2,26.27,0,Success
user3010,TXN102156,597.83,P2P,Lucknow,Android,UPI Lite,2025-09-27 12:00:00,15.56,63.29,13.8,27.95,0,Success
user9590,TXN102157,1152.83,Recharge,Delhi,Android,UPI QR,2025-09-27 15:00:00,19.34,17.01,2.27,20.55,0,Success
user2733,TXN102158,47.19,P2P,Lucknow,iOS,UPI QR,2025-09-27 18:00:00,65.34,15.14,29.77,37.72,0,Success
user3125,TXN102159,276.58,P2M,Delhi,Android,UPI AutoPay,2025-09-27 21:00:00,10.72,16.27,21.62,30.95,0,Success
user3171,TXN102160,3604.32,Bill Payment,Hyderabad,Android,UPI QR,2025-09-28 00:00:00,77.83,66.71,10.22,50.68,0,Success
user9266,TXN102161,217.07,P2P,Hyderabad,Android,UPI Lite,2025-09-28 03:00:00,5.83,74.78,95.11,39.69,0,Success
user4471,TXN102162,184.09,Bill Payment,Kolkata,Android,UPI QR,2025-09-28 06:00:00,11.04,92.02,26.76,51.91,0,Success
user6624,TXN102163,155.13,Bank Transfer,Mumbai,Android,UPI AutoPay,2025-09-28 09:00:00,43.45,39.82,0.62,29.46,0,Success
user9691,TXN102164,267.78,P2P,Delhi,iOS,UPI,2025-09-28 12:00:00,37.92,46.2,94.43,60.6,0,Success
user9329,TXN102165,348.94,P2M,Chennai,Android,UPI AutoPay,2025-09-28 15:00:00,98.97,46.96,57.85,56.85,0,Failed
user3097,TXN102166,47.24,P2M,Delhi,Android,UPI,2025-09-28 18:00:00,96.69,26.99,8.28,40.69,0,Success
user6068,TXN102167,159.74,Recharge,Pune,Android,UPI QR,2025-09-28 21:00:00,18.97,32.82,3.14,18.53,0,Success
user7397,TXN102168,16.95,P2M,Lucknow,Web,UPI,2025-09-29 00:00:00,94.67,84.68,10.78,61.27,0,Success
user3757,TXN102169,133.04,Bill Payment,Chennai,Android,UPI AutoPay,2025-09-29 03:00:00,69.23,34.37,59.15,49.06,0,Success
user4920,TXN102170,66.51,Bank Transfer,Kolkata,Android,UPI AutoPay,2025-09-29 06:00:00,40.88,86.91,6.19,30.98,0,Success
user9186,TXN102171,230.25,P2M,Lucknow,Android,UPI Lite,2025-09-29 09:00:00,73.96,30.53,56.81,48.91,0,Failed
user2900,TXN102172,31.3,P2P,Hyderabad,Android,UPI Lite,2025-09-29 12:00:00,90.01,33.99,65.25,60.46,0,Failed
user3610,TXN102173,98.27,P2M,Ahmedabad,Android,UPI,2025-09-29 15:00:00,18.01,56.03,14.76,24.64,0,Success
user7900,TXN102174,431.19,Bank Transfer,Chennai,Android,UPI,2025-09-29 18:00:00,19.6,10.31,48.84,29.89,0,Success
user2449,TXN102175,83.4,Bill Payment,Hyderabad,iOS,UPI Lite,2025-09-29 21:00:00,40.87,92.21,96.39,73.12,1,Success
user9738,TXN102176,24.41,P2P,Pune,Android,UPI QR,2025-09-30 00:00:00,16.92,82.04,83.65,53.02,0,Success
user6017,TXN102177,212.2,Recharge,Chennai,Android,UPI Lite,2025-09-30 03:00:00,36.04,67.05,72.34,46.15,0,Success
user8999,TXN102178,91.24,Recharge,Chennai,iOS,UPI QR,2025-09-30 06:00:00,64.57,98.81,51.77,67.87,0,Success
user7052,TXN102179,136.2,Recharge,Chennai,Android,UPI,2025-09-30 09:00:00,81.28,1.6,39.43,42.54,0,Success
user3096,TXN102180,79.05,P2P,Mumbai,Android,UPI,2025-09-30 12:00:00,30.19,41.11,45.14,35.03,0,Success
user9895,TXN102181,1181.33,Recharge,Chennai,Android,UPI AutoPay,2025-09-30 15:00:00,28.17,85.83,76.46,51.86,0,Success
user7404,TXN102182,34.53,P2M,Mumbai,iOS,UPI AutoPay,2025-09-30 18:00:00,77.97,43.3,55.43,60.12,0,Success
user4331,TXN102183,2789.16,P2P,Hyderabad,iOS,UPI QR,2025-09-30 21:00:00,38.1,0.52,76.47,41.19,0,Success
user8462,TXN102184,110.98,P2P,Kolkata,Android,UPI QR,2025-10-01 00:00:00,81.85,15.78,96.99,55.06,0,Success
user6105,TXN102185,197.05,P2P,Mumbai,Android,UPI Lite,2025-10-01 03:00:00,99.34,43.41,64.05,65.29,0,Success
user3978,TXN102186,92.31,Shopping,Mumbai,iOS,UPI QR,2025-10-01 06:00:00,97.97,66.79,60.31,63.13,0,Success
user3839,TXN102187,88.53,Bill Payment,Chennai,Android,UPI,2025-10-01 09:00:00,66.27,16.27,40.62,25.2,0,Success
user4384,TXN102188,74.83,Shopping,Kolkata,iOS,UPI,2025-10-01 12:00:00,37.52,44.8,19.68,20.95,0,Failed
user1685,TXN102189,299.24,Shopping,Chennai,Android,UPI,2025-10-01 15:00:00,6.55,1.28,37.42,14.46,0,Success
user8531,TXN102190,40.01,Shopping,Hyderabad,Web,UPI AutoPay,2025-10-01 18:00:00,73.8,47.75,52.01,51.15,0,Success
user5283,TXN102191,236.07,Bill Payment,Chennai,iOS,UPI QR,2025-10-01 21:00:00,97.8,89.59,3.49,65.39,0,Success
user8736,TXN102192,18.46,Shopping,Bengaluru,Android,UPI QR,2025-10-02 00:00:00,6.8,59.68,47.58,38.03,0,Success
user8710,TXN102193,215.62,Recharge,Jaipur,Android,UPI AutoPay,2025-10-02 03:00:00,0.62,44.07,86.21,37.86,0,Pending
user2619,TXN102194,383.42,P2P,Hyderabad,Android,UPI AutoPay,2025-10-02 06:00:00,83.18,16.23,97.66,54.66,0,Success
user7868,TXN102195,45.85,P2P,Delhi,Android,UPI AutoPay,2025-10-02 09:00:00,10.23,20.24,85.55,34.01,0,Success
user2431,TXN102196,323.35,P2M,Lucknow,iOS,UPI,2025-10-02 12:00:00,8.16,7.65,17.2,7.38,0,Success
user5713,TXN102197,172.67,Bank Transfer,Lucknow,Android,UPI QR,2025-10-02 15:00:00,91.03,74.24,15.5,56.09,0,Success
user5998,TXN102198,811.13,Recharge,Kolkata,iOS,UPI Lite,2025-10-02 18:00:00,7.96,7.71,39.33,23.91,0,Success
user1162,TXN102199,69.74,Bill Payment,Bengaluru,Android,UPI Lite,2025-10-02 21:00:00,11.4,38.39,22.54,25.27,0,Success
user2974,TXN102200,2740.75,Bank Transfer,Mumbai,iOS,UPI QR,2025-10-03 00:00:00,56.96,74.98,67.6,61.89,0,Success
user4291,TXN102201,15.02,P2P,Bengaluru,Android,UPI QR,2025-10-03 03:00:00,75.68,71.28,8.46,44.29,0,Success
user9461,TXN102202,117.98,Shopping,Jaipur,iOS,UPI AutoPay,2025-10-03 06:00:00,39.96,57.75,44.37,52.35,0,Success
user1631,TXN102203,30.01,P2M,Hyderabad,Android,UPI AutoPay,2025-10-03 09:00:00,42.06,57.13,28.04,38.63,0,Success
user1905,TXN102204,1044.25,P2M,Kolkata,Android,UPI,2025-10-03 12:00:00,63.26,9.03,59.54,33.81,0,Success
user3014,TXN102205,126.25,P2P,Bengaluru,Android,UPI AutoPay,2025-10-03 15:00:00,50.54,17.49,79.71,40.02,0,Success
user8896,TXN102206,138.15,Recharge,Pune,Android,UPI QR,2025-10-03 18:00:00,1.86,53.47,92.36,27.8,0,Success
user1204,TXN102207,255.5,Bank Transfer,Mumbai,Android,UPI,2025-10-03 21:00:00,11.36,34.81,96.39,20.74,0,Success
user1581,TXN102208,163.24,P2M,Bengaluru,Android,UPI Lite,2025-10-04 00:00:00,58.16,1.89,35.12,36.71,0,Success
user6675,TXN102209,90.58,P2P,Kolkata,Web,UPI QR,2025-10-04 03:00:00,79.37,79.82,85.58,67.14,0,Success
user6347,TXN102210,46.68,Recharge,Pune,Android,UPI Lite,2025-10-04 06:00:00,76.31,65.38,59.2,52.68,0,Success
user3643,TXN102211,194.13,P2P,Delhi,iOS,UPI QR,2025-10-04 09:00:00,74.01,32.58,69.23,49.41,0,Success
user9017,TXN102212,239.57,P2P,Hyderabad,Android,UPI QR,2025-10-04 12:00:00,77.13,9.82,85.11,49.34,0,Success
user3297,TXN102213,328.78,Recharge,Hyderabad,Android,UPI,2025-10-04 15:00:00,4.44,59.12,13.01,19.04,0,Failed
user1874,TXN102214,1110.68,Recharge,Delhi,Android,UPI,2025-10-04 18:00:00,89.51,34.85,94.74,61.35,0,Success
user6560,TXN102215,18.66,Recharge,Chennai,iOS,UPI AutoPay,2025-10-04 21:00:00,88.93,25.54,54.74,52.22,0,Success
user1689,TXN102216,153.28,P2P,Lucknow,Android,UPI QR,2025-10-05 00:00:00,53.19,72.15,33.6,47.29,0,Success
user5000,TXN102217,540.09,P2M,Pune,iOS,UPI QR,2025-10-05 03:00:00,24.86,32.82,33.87,39.96,0,Success
user1671,TXN102218,144.82,Bill Payment,Mumbai,Android,UPI,2025-10-05 06:00:00,59.22,13.6,75.1,41.31,0,Success
user8927,TXN102219,15.83,Bill Payment,Bengaluru,iOS,UPI Lite,2025-10-05 09:00:00,55.79,48.17,67.87,50.68,0,Success
user2171,TXN102220,45.1,P2P,Jaipur,Android,UPI AutoPay,2025-10-05 12:00:00,22.3,82.85,72.95,44.58,0,Success
user6591,TXN102221,227.82,P2P,Lucknow,Android,UPI QR,2025-10-05 15:00:00,60.31,84.97,25.3,57.91,0,Success
user7342,TXN102222,219.69,P2M,Kolkata,Android,UPI,2025-10-05 18:00:00,79.73,84.93,17.02,69.74,0,Success
user2449,TXN102223,321.35,Recharge,Chennai,Android,UPI QR,2025-10-05 21:00:00,80.61,42.09,72.19,58.86,0,Success
user3539,TXN102224,75.11,P2P,Mumbai,Android,UPI,2025-10-06 00:00:00,5.97,79.09,29.85,29.02,0,Success
user4959,TXN102225,212.7,Shopping,Jaipur,Android,UPI AutoPay,2025-10-06 03:00:00,19.72,85.02,22.24,39.66,0,Success
user7285,TXN102226,63.7,Recharge,Jaipur,Android,UPI Lite,2025-10-06 06:00:00,66.82,45.95,21.46,46.0,0,Success
user6432,TXN102227,212.72,P2P,Mumbai,Android,UPI QR,2025-10-06 09:00:00,85.98,31.87,14.84,64.03,0,Failed
user5260,TXN102228,172.99,Shopping,Chennai,Android,UPI QR,2025-10-06 12:00:00,52.12,70.2,42.68,49.27,0,Pending
user3361,TXN102229,72.18,Bank Transfer,Kolkata,Android,UPI AutoPay,2025-10-06 15:00:00,70.75,90.45,26.09,56.18,0,Pending
user7164,TXN102230,779.13,P2M,Delhi,iOS,UPI Lite,2025-10-06 18:00:00,2.11,97.22,89.39,45.72,0,Success
user4670,TXN102231,29.8,Shopping,Lucknow,iOS,UPI QR,2025-10-06 21:00:00,60.84,29.02,68.91,45.19,0,Success
user2753,TXN102232,142.36,P2P,Ahmedabad,Android,UPI AutoPay,2025-10-07 00:00:00,96.19,95.62,74.39,78.29,1,Success
user9100,TXN102233,70.6,Bill Payment,Ahmedabad,Android,UPI QR,2025-10-07 03:00:00,66.1,49.93,40.36,52.17,0,Success
user2938,TXN102234,1026.8,P2P,Chennai,Android,UPI QR,2025-10-07 06:00:00,92.23,30.6,60.02,56.63,0,Success
user9562,TXN102235,298.39,Bill Payment,Jaipur,iOS,UPI AutoPay,2025-10-07 09:00:00,56.6,98.84,50.08,55.44,0,Success
user6976,TXN102236,85.69,P2M,Bengaluru,iOS,UPI AutoPay,2025-10-07 12:00:00,84.34,87.78,16.75,52.81,0,Failed
user7588,TXN102237,124.0,P2M,Delhi,Android,UPI,2025-10-07 15:00:00,12.42,69.24,4.79,23.61,0,Success
user9616,TXN102238,1054.96,Recharge,Delhi,iOS,UPI,2025-10-07 18:00:00,12.35,89.49,68.35,55.66,0,Failed
user7304,TXN102239,63.67,Recharge,Chennai,Android,UPI QR,2025-10-07 21:00:00,12.02,68.15,12.12,29.06,0,Success
user8345,TXN102240,28.09,Bill Payment,Kolkata,Android,UPI AutoPay,2025-10-08 00:00:00,48.88,44.04,5.73,35.1,0,Success
user8875,TXN102241,219.42,Bill Payment,Chennai,Web,UPI Lite,2025-10-08 03:00:00,33.03,94.8,44.19,51.58,0,Success
user7633,TXN102242,224.45,P2M,Bengaluru,iOS,UPI Lite,2025-10-08 06:00:00,71.92,96.32,73.8,75.75,1,Success
user1597,TXN102243,319.27,Shopping,Hyderabad,iOS,UPI QR,2025-10-08 09:00:00,90.26,31.42,76.89,58.41,0,Success
user4062,TXN102244,321.38,Bill Payment,Ahmedabad,Android,UPI,2025-10-08 12:00:00,61.94,35.44,87.35,48.76,0,Success
user3336,TXN102245,963.63,Bill Payment,Chennai,Android,UPI AutoPay,2025-10-08 15:00:00,21.32,38.27,19.92,19.98,0,Success
user1572,TXN102246,29.43,Shopping,Delhi,iOS,UPI AutoPay,2025-10-08 18:00:00,93.09,82.21,98.56,75.72,1,Success
user8521,TXN102247,49.26,Recharge,Kolkata,iOS,UPI,2025-10-08 21:00:00,52.79,79.11,76.32,70.24,1,Success
user7171,TXN102248,318.05,Recharge,Ahmedabad,Android,UPI AutoPay,2025-10-09 00:00:00,71.99,98.31,15.72,66.1,0,Success
user8097,TXN102249,54.29,Bill Payment,Pune,Android,UPI QR,2025-10-09 03:00:00,89.05,46.52,84.07,63.26,0,Failed
user3090,TXN102250,38.22,Recharge,Mumbai,iOS,UPI AutoPay,2025-10-09 06:00:00,98.98,73.68,49.9,70.47,1,Success
user7566,TXN102251,1059.81,Recharge,Delhi,Web,UPI AutoPay,2025-10-09 09:00:00,50.61,85.67,6.65,52.08,0,Success
user5624,TXN102252,32.46,Bank Transfer,Pune,iOS,UPI,2025-10-09 12:00:00,80.81,22.12,13.2,34.15,0,Success
user2633,TXN102253,115.44,Recharge,Kolkata,iOS,UPI,2025-10-09 15:00:00,56.69,62.06,43.39,48.68,0,Success
user2517,TXN102254,154.57,P2M,Delhi,Android,UPI Lite,2025-10-09 18:00:00,48.65,54.77,53.05,40.38,0,Success
user4648,TXN102255,607.37,P2P,Chennai,Android,UPI QR,2025-10-09 21:00:00,53.77,74.28,94.75,59.9,0,Success
user2537,TXN102256,25.31,Bill Payment,Delhi,iOS,UPI,2025-10-10 00:00:00,48.43,69.54,21.57,47.96,0,Success
user4137,TXN102257,248.51,Bill Payment,Kolkata,Android,UPI,2025-10-10 03:00:00,42.1,81.28,47.41,51.92,0,Success
user7985,TXN102258,67.33,P2M,Delhi,iOS,UPI,2025-10-10 06:00:00,72.37,31.11,22.59,40.65,0,Success
user1097,TXN102259,307.23,P2P,Bengaluru,Web,UPI AutoPay,2025-10-10 09:00:00,24.97,21.64,55.84,37.77,0,Success
user4750,TXN102260,66.23,P2P,Jaipur,Android,UPI QR,2025-10-10 12:00:00,61.64,80.52,90.93,65.59,0,Failed
user9535,TXN102261,790.22,P2M,Pune,iOS,UPI QR,2025-10-10 15:00:00,71.3,36.06,56.78,56.55,0,Success
user9174,TXN102262,66.62,Shopping,Hyderabad,iOS,UPI AutoPay,2025-10-10 18:00:00,89.21,28.76,51.01,46.95,0,Success
user9103,TXN102263,13.99,Shopping,Jaipur,Android,UPI AutoPay,2025-10-10 21:00:00,33.19,33.68,75.01,37.58,0,Success
user6413,TXN102264,74.53,P2P,Kolkata,iOS,UPI,2025-10-11 00:00:00,86.06,6.64,14.76,30.89,0,Success
user5666,TXN102265,126.31,Shopping,Ahmedabad,Android,UPI Lite,2025-10-11 03:00:00,94.53,77.31,90.56,73.62,1,Success
user1610,TXN102266,484.13,Shopping,Bengaluru,iOS,UPI Lite,2025-10-11 06:00:00,64.87,71.52,57.76,72.03,1,Success
user2727,TXN102267,46.6,Shopping,Pune,Android,UPI QR,2025-10-11 09:00:00,77.14,55.27,68.63,51.94,0,Success
user2854,TXN102268,47.53,P2P,Kolkata,iOS,UPI Lite,2025-10-11 12:00:00,40.57,71.61,81.9,51.36,0,Failed
user6055,TXN102269,428.62,Shopping,Pune,Android,UPI,2025-10-11 15:00:00,95.21,37.31,63.5,46.92,0,Success
user3324,TXN102270,41.46,Bill Payment,Delhi,Android,UPI AutoPay,2025-10-11 18:00:00,67.09,29.54,64.12,44.79,0,Success
user6774,TXN102271,137.14,Bank Transfer,Lucknow,Android,UPI QR,2025-10-11 21:00:00,31.02,86.23,72.96,53.97,0,Success
user7519,TXN102272,139.96,P2P,Chennai,Android,UPI QR,2025-10-12 00:00:00,40.43,42.25,5.22,34.33,0,Success
user2749,TXN102273,203.89,P2M,Jaipur,Android,UPI AutoPay,2025-10-12 03:00:00,61.78,19.59,38.22,33.95,0,Success
user1781,TXN102274,77.49,Shopping,Delhi,Android,UPI Lite,2025-10-12 06:00:00,23.41,74.9,96.29,46.74,0,Success
user8548,TXN102275,64.91,Recharge,Mumbai,iOS,UPI QR,2025-10-12 09:00:00,75.39,33.59,25.79,39.51,0,Success
user7823,TXN102276,229.27,P2P,Ahmedabad,iOS,UPI AutoPay,2025-10-12 12:00:00,22.47,21.19,54.23,30.08,0,Success
user3105,TXN102277,66.95,P2M,Mumbai,Web,UPI AutoPay,2025-10-12 15:00:00,59.18,2.72,17.54,31.36,0,Success
user4867,TXN102278,42.1,Bank Transfer,Mumbai,iOS,UPI Lite,2025-10-12 18:00:00,69.7,97.06,32.33,57.22,0,Success
user8193,TXN102279,559.92,Bill Payment,Bengaluru,iOS,UPI Lite,2025-10-12 21:00:00,85.97,46.73,71.71,56.54,0,Success
user5976,TXN102280,267.23,P2M,Hyderabad,Android,UPI,2025-10-13 00:00:00,73.39,16.18,64.31,44.47,0,Success
user3113,TXN102281,960.55,Shopping,Jaipur,iOS,UPI Lite,2025-10-13 03:00:00,79.88,75.78,41.43,65.37,0,Success
user6879,TXN102282,359.23,Recharge,Lucknow,iOS,UPI Lite,2025-10-13 06:00:00,91.29,88.77,93.81,88.34,1,Pending
user4970,TXN102283,46.15,Shopping,Delhi,Android,UPI AutoPay,2025-10-13 09:00:00,59.78,52.8,77.5,49.06,0,Success
user8264,TXN102284,180.62,P2M,Mumbai,iOS,UPI QR,2025-10-13 12:00:00,84.63,2.84,26.79,32.49,0,Success
user2577,TXN102285,59.4,P2P,Mumbai,Android,UPI AutoPay,2025-10-13 15:00:00,23.19,36.51,46.54,16.09,0,Success
user3274,TXN102286,31.45,Recharge,Ahmedabad,Web,UPI,2025-10-13 18:00:00,81.47,24.31,87.8,43.43,0,Success
user5869,TXN102287,104.88,Recharge,Lucknow,iOS,UPI AutoPay,2025-10-13 21:00:00,22.17,63.64,2.25,19.87,0,Success
user7744,TXN102288,437.7,P2M,Lucknow,Web,UPI,2025-10-14 00:00:00,93.46,51.89,58.15,56.77,0,Success
user3426,TXN102289,215.92,Bank Transfer,Lucknow,Android,UPI Lite,2025-10-14 03:00:00,33.0,35.57,23.2,25.08,0,Success
user6546,TXN102290,40.82,Bank Transfer,Delhi,Android,UPI QR,2025-10-14 06:00:00,17.18,64.85,6.38,29.25,0,Success
user7852,TXN102291,101.26,Shopping,Jaipur,Web,UPI QR,2025-10-14 09:00:00,14.82,58.44,91.29,45.14,0,Pending
user3551,TXN102292,142.19,P2M,Jaipur,Android,UPI AutoPay,2025-10-14 12:00:00,18.73,90.65,81.63,56.39,0,Success
user7411,TXN102293,30.29,Recharge,Delhi,Android,UPI QR,2025-10-14 15:00:00,44.75,59.68,18.53,44.59,0,Success
user1007,TXN102294,334.68,P2M,Bengaluru,Android,UPI,2025-10-14 18:00:00,52.21,50.77,83.69,56.82,0,Success
user9087,TXN102295,130.49,Recharge,Delhi,iOS,UPI,2025-10-14 21:00:00,91.38,82.37,14.64,59.22,0,Success
user3555,TXN102296,40.83,Shopping,Chennai,Android,UPI Lite,2025-10-15 00:00:00,38.1,20.24,47.62,34.61,0,Failed
user1475,TXN102297,38.58,P2P,Kolkata,Android,UPI AutoPay,2025-10-15 03:00:00,21.75,24.36,72.58,19.89,0,Success
user6416,TXN102298,493.08,P2P,Chennai,Android,UPI Lite,2025-10-15 06:00:00,74.38,78.36,53.38,62.07,0,Success
user9676,TXN102299,112.08,P2M,Bengaluru,Android,UPI QR,2025-10-15 09:00:00,13.47,44.24,85.08,43.97,0,Pending
user8239,TXN102300,539.34,Recharge,Bengaluru,Android,UPI Lite,2025-10-15 12:00:00,89.23,40.92,61.69,58.99,0,Success
user7710,TXN102301,790.1,P2P,Delhi,iOS,UPI QR,2025-10-15 15:00:00,40.94,88.71,43.2,54.92,0,Pending
user6000,TXN102302,455.98,Recharge,Delhi,iOS,UPI,2025-10-15 18:00:00,61.38,61.01,92.52,62.43,0,Success
user5654,TXN102303,96.21,Shopping,Hyderabad,iOS,UPI AutoPay,2025-10-15 21:00:00,18.62,80.29,3.63,35.96,0,Success
user9078,TXN102304,13.49,P2M,Ahmedabad,Android,UPI AutoPay,2025-10-16 00:00:00,14.55,80.98,48.84,47.84,0,Success
user7063,TXN102305,224.3,Recharge,Chennai,iOS,UPI Lite,2025-10-16 03:00:00,79.88,12.0,66.08,33.82,0,Success
user3285,TXN102306,1328.2,P2M,Jaipur,Web,UPI QR,2025-10-16 06:00:00,42.97,65.37,83.61,53.58,0,Success
user6223,TXN102307,158.32,Recharge,Hyderabad,Android,UPI,2025-10-16 09:00:00,98.67,95.25,54.12,62.79,0,Success
user7971,TXN102308,22.43,Bank Transfer,Lucknow,Android,UPI QR,2025-10-16 12:00:00,52.43,48.0,88.55,27.2,0,Failed
user4525,TXN102309,83.52,Bank Transfer,Pune,Web,UPI Lite,2025-10-16 15:00:00,84.57,73.22,42.63,66.48,0,Success
user3822,TXN102310,136.49,Recharge,Jaipur,Android,UPI QR,2025-10-16 18:00:00,98.0,56.67,31.71,65.05,0,Success
user5943,TXN102311,54.71,Shopping,Lucknow,iOS,UPI,2025-10-16 21:00:00,28.12,20.48,97.38,36.9,0,Success
user7530,TXN102312,12.63,P2M,Hyderabad,Android,UPI Lite,2025-10-17 00:00:00,80.09,19.52,66.72,45.75,0,Success
user1258,TXN102313,148.73,Bill Payment,Mumbai,iOS,UPI,2025-10-17 03:00:00,2.2,43.38,42.58,23.5,0,Success
user1282,TXN102314,74.82,Recharge,Hyderabad,Web,UPI Lite,2025-10-17 06:00:00,67.98,48.3,87.82,79.99,1,Success
user2898,TXN102315,965.54,Recharge,Hyderabad,Android,UPI AutoPay,2025-10-17 09:00:00,74.52,50.31,68.31,52.87,0,Success
user5135,TXN102316,181.46,Bank Transfer,Hyderabad,Android,UPI QR,2025-10-17 12:00:00,47.74,95.5,63.79,52.22,0,Success
user7629,TXN102317,262.32,P2P,Delhi,Android,UPI,2025-10-17 15:00:00,16.21,10.03,72.85,31.62,0,Success
user4200,TXN102318,145.61,Bank Transfer,Chennai,Android,UPI,2025-10-17 18:00:00,61.67,38.05,73.83,56.32,0,Success
user6110,TXN102319,180.14,P2M,Hyderabad,Android,UPI QR,2025-10-17 21:00:00,89.75,51.45,49.3,62.23,0,Success
user8167,TXN102320,31.43,Bank Transfer,Delhi,iOS,UPI,2025-10-18 00:00:00,93.13,96.31,41.93,72.56,1,Success
user1612,TXN102321,57.96,Bill Payment,Lucknow,Android,UPI,2025-10-18 03:00:00,74.61,50.43,90.93,61.9,0,Success
user1687,TXN102322,487.17,Shopping,Ahmedabad,Android,UPI,2025-10-18 06:00:00,26.37,77.53,49.72,35.4,0,Success
user4690,TXN102323,202.24,Bill Payment,Chennai,Android,UPI AutoPay,2025-10-18 09:00:00,87.03,74.93,21.58,71.76,1,Failed
user9804,TXN102324,110.11,Shopping,Lucknow,Android,UPI,2025-10-18 12:00:00,88.88,56.64,52.16,74.86,1,Success
user3307,TXN102325,266.71,Bill Payment,Bengaluru,Android,UPI AutoPay,2025-10-18 15:00:00,36.72,13.07,3.44,14.68,0,Success
user8133,TXN102326,272.02,Bank Transfer,Jaipur,iOS,UPI QR,2025-10-18 18:00:00,18.3,21.88,72.33,41.45,0,Success
user7509,TXN102327,1200.98,Bill Payment,Pune,iOS,UPI AutoPay,2025-10-18 21:00:00,87.47,24.01,12.7,45.79,0,Success
user6906,TXN102328,193.07,Bank Transfer,Bengaluru,Android,UPI,2025-10-19 00:00:00,88.51,3.87,11.17,22.96,0,Success
user3591,TXN102329,56.68,Bank Transfer,Kolkata,Android,UPI,2025-10-19 03:00:00,10.09,37.92,94.64,26.97,0,Success
user8183,TXN102330,146.1,P2M,Ahmedabad,Android,UPI,2025-10-19 06:00:00,96.7,61.05,77.26,77.1,1,Success
user6248,TXN102331,301.14,Bank Transfer,Kolkata,Android,UPI AutoPay,2025-10-19 09:00:00,53.31,14.43,41.42,42.96,0,Success
user9766,TXN102332,443.93,P2P,Mumbai,Android,UPI Lite,2025-10-19 12:00:00,99.37,17.5,23.96,49.39,0,Success
user6108,TXN102333,32.62,Bill Payment,Mumbai,iOS,UPI Lite,2025-10-19 15:00:00,44.5,70.7,84.35,59.72,0,Success
user4604,TXN102334,211.39,Recharge,Hyderabad,Android,UPI QR,2025-10-19 18:00:00,53.33,16.93,96.86,42.23,0,Failed
user1669,TXN102335,66.87,Recharge,Ahmedabad,Android,UPI QR,2025-10-19 21:00:00,26.61,13.53,50.84,18.34,0,Success
user5364,TXN102336,93.07,Recharge,Lucknow,iOS,UPI QR,2025-10-20 00:00:00,89.89,97.78,58.01,80.86,1,Success
user8329,TXN102337,382.16,P2P,Bengaluru,iOS,UPI,2025-10-20 03:00:00,44.37,1.47,24.31,23.15,0,Success
user2283,TXN102338,345.93,Bank Transfer,Ahmedabad,Android,UPI Lite,2025-10-20 06:00:00,81.46,32.54,58.93,52.87,0,Success
user1923,TXN102339,83.25,Bill Payment,Bengaluru,iOS,UPI Lite,2025-10-20 09:00:00,7.97,3.49,40.06,22.8,0,Pending
user2125,TXN102340,140.07,Shopping,Pune,Web,UPI QR,2025-10-20 12:00:00,78.82,83.8,84.56,85.99,1,Pending
user2529,TXN102341,95.96,Shopping,Lucknow,Android,UPI Lite,2025-10-20 15:00:00,49.02,58.35,37.71,48.36,0,Success
user9438,TXN102342,2956.33,P2M,Kolkata,Android,UPI QR,2025-10-20 18:00:00,0.54,4.8,64.88,17.24,0,Success
user4711,TXN102343,216.67,P2P,Bengaluru,Android,UPI,2025-10-20 21:00:00,22.63,61.54,20.35,32.27,0,Success
user9004,TXN102344,70.85,Bill Payment,Pune,iOS,UPI Lite,2025-10-21 00:00:00,19.37,12.31,9.07,9.91,0,Success
user7274,TXN102345,615.34,Bank Transfer,Ahmedabad,Android,UPI,2025-10-21 03:00:00,75.18,49.57,4.04,42.46,0,Success
user4864,TXN102346,637.44,Recharge,Pune,Web,UPI,2025-10-21 06:00:00,47.72,66.94,41.56,40.04,0,Failed
user8833,TXN102347,984.04,P2P,Jaipur,iOS,UPI Lite,2025-10-21 09:00:00,15.97,14.85,16.35,24.87,0,Success
user7788,TXN102348,1323.45,P2P,Pune,Android,UPI AutoPay,2025-10-21 12:00:00,25.68,49.71,99.35,48.07,0,Success
user1226,TXN102349,332.86,Bill Payment,Pune,Android,UPI QR,2025-10-21 15:00:00,50.41,45.74,79.84,63.22,0,Success
user1264,TXN102350,115.6,Bank Transfer,Hyderabad,Android,UPI Lite,2025-10-21 18:00:00,1.96,91.58,69.34,44.84,0,Failed
user1645,TXN102351,133.94,P2M,Mumbai,Android,UPI,2025-10-21 21:00:00,42.41,99.57,80.33,61.7,0,Pending
user8544,TXN102352,122.48,Bank Transfer,Kolkata,Web,UPI QR,2025-10-22 00:00:00,67.81,65.45,26.27,45.49,0,Success
user6569,TXN102353,109.54,P2M,Jaipur,Android,UPI,2025-10-22 03:00:00,51.78,85.49,87.93,61.36,0,Success
user3990,TXN102354,566.76,P2M,Jaipur,Android,UPI QR,2025-10-22 06:00:00,59.81,64.69,99.56,67.89,0,Success
user3504,TXN102355,164.14,Recharge,Mumbai,Android,UPI Lite,2025-10-22 09:00:00,32.66,87.63,28.99,44.91,0,Success
user1587,TXN102356,433.3,Recharge,Chennai,Android,UPI,2025-10-22 12:00:00,18.31,43.33,98.46,50.5,0,Success
user5079,TXN102357,322.63,Bill Payment,Bengaluru,Android,UPI QR,2025-10-22 15:00:00,80.97,60.8,32.04,49.82,0,Success
user4348,TXN102358,54.67,Bank Transfer,Pune,Android,UPI QR,2025-10-22 18:00:00,90.56,84.52,1.17,59.08,0,Pending
user7299,TXN102359,29.45,P2M,Ahmedabad,Android,UPI Lite,2025-10-22 21:00:00,51.07,91.81,36.72,63.14,0,Success
user4831,TXN102360,47.62,Bill Payment,Pune,Android,UPI QR,2025-10-23 00:00:00,30.5,2.47,99.75,46.12,0,Success
user9381,TXN102361,107.05,P2M,Ahmedabad,Android,UPI QR,2025-10-23 03:00:00,51.12,10.4,63.52,32.01,0,Success
user2715,TXN102362,187.6,P2P,Pune,iOS,UPI,2025-10-23 06:00:00,87.9,93.12,69.55,74.06,1,Success
user7450,TXN102363,85.77,Shopping,Jaipur,Android,UPI Lite,2025-10-23 09:00:00,69.14,56.85,23.83,43.03,0,Success
user6433,TXN102364,331.31,Shopping,Chennai,Android,UPI Lite,2025-10-23 12:00:00,85.86,99.02,14.59,58.03,0,Success
user2098,TXN102365,96.77,P2M,Mumbai,Android,UPI,2025-10-23 15:00:00,32.84,79.26,88.55,62.3,0,Success
user8096,TXN102366,212.08,Bill Payment,Lucknow,Android,UPI AutoPay,2025-10-23 18:00:00,71.2,81.81,41.34,52.36,0,Failed
user3326,TXN102367,184.49,Recharge,Delhi,Web,UPI,2025-10-23 21:00:00,65.3,38.61,0.41,50.04,0,Failed
user7416,TXN102368,929.3,Bank Transfer,Kolkata,Android,UPI,2025-10-24 00:00:00,57.16,25.75,29.42,38.58,0,Success
user7980,TXN102369,61.85,P2M,Lucknow,iOS,UPI AutoPay,2025-10-24 03:00:00,52.82,59.83,19.57,40.2,0,Success
user7763,TXN102370,1492.82,P2M,Kolkata,Android,UPI QR,2025-10-24 06:00:00,55.1,87.9,60.38,77.83,1,Success
user2674,TXN102371,90.53,Bank Transfer,Bengaluru,Android,UPI Lite,2025-10-24 09:00:00,84.97,72.57,75.61,61.4,0,Success
user8950,TXN102372,42.95,Recharge,Mumbai,iOS,UPI Lite,2025-10-24 12:00:00,91.6,47.22,49.75,53.31,0,Success
user9915,TXN102373,132.04,P2M,Ahmedabad,Android,UPI AutoPay,2025-10-24 15:00:00,11.29,75.32,18.59,22.7,0,Pending
user7049,TXN102374,4188.67,P2P,Lucknow,iOS,UPI Lite,2025-10-24 18:00:00,56.88,69.04,5.8,50.28,0,Success
user2089,TXN102375,401.5,Recharge,Lucknow,Android,UPI AutoPay,2025-10-24 21:00:00,91.84,91.31,31.35,63.7,0,Success
user5578,TXN102376,299.75,P2P,Kolkata,Android,UPI QR,2025-10-25 00:00:00,13.47,26.36,80.6,24.26,0,Success
user1155,TXN102377,363.28,Shopping,Lucknow,iOS,UPI AutoPay,2025-10-25 03:00:00,41.29,11.93,41.95,20.96,0,Success
user2958,TXN102378,75.98,Bank Transfer,Ahmedabad,Android,UPI Lite,2025-10-25 06:00:00,8.91,47.01,25.23,26.0,0,Success
user7344,TXN102379,227.25,Recharge,Mumbai,iOS,UPI Lite,2025-10-25 09:00:00,11.35,36.11,2.07,20.21,0,Success
user6779,TXN102380,164.43,Recharge,Bengaluru,Android,UPI AutoPay,2025-10-25 12:00:00,90.41,97.49,49.61,63.96,0,Success
user7144,TXN102381,1001.31,Bill Payment,Delhi,iOS,UPI Lite,2025-10-25 15:00:00,44.62,0.75,68.48,33.61,0,Success
user6063,TXN102382,147.13,Bill Payment,Mumbai,Android,UPI AutoPay,2025-10-25 18:00:00,68.87,93.34,19.03,54.26,0,Success
user4830,TXN102383,112.36,Bank Transfer,Hyderabad,iOS,UPI Lite,2025-10-25 21:00:00,13.89,95.51,53.72,42.58,0,Success
user9831,TXN102384,51.17,Recharge,Bengaluru,Web,UPI,2025-10-26 00:00:00,2.19,5.1,42.07,24.19,0,Success
user7659,TXN102385,188.67,Shopping,Lucknow,Android,UPI QR,2025-10-26 03:00:00,89.05,88.96,70.39,75.46,1,Failed
user1441,TXN102386,219.85,P2M,Ahmedabad,Android,UPI Lite,2025-10-26 06:00:00,57.45,47.08,86.06,57.36,0,Success
user7040,TXN102387,49.32,Bank Transfer,Chennai,iOS,UPI Lite,2025-10-26 09:00:00,2.0,76.62,30.7,36.24,0,Success
user6925,TXN102388,258.05,Bank Transfer,Lucknow,Android,UPI Lite,2025-10-26 12:00:00,99.23,7.93,90.48,60.82,0,Success
user8358,TXN102389,207.1,Bill Payment,Jaipur,Android,UPI AutoPay,2025-10-26 15:00:00,49.22,95.52,70.7,63.84,0,Success
user5628,TXN102390,451.89,Shopping,Jaipur,Web,UPI Lite,2025-10-26 18:00:00,47.59,60.75,3.72,42.5,0,Failed
user7370,TXN102391,551.35,Bank Transfer,Chennai,iOS,UPI AutoPay,2025-10-26 21:00:00,62.09,89.87,79.12,65.52,0,Success
user1948,TXN102392,180.24,Shopping,Delhi,Android,UPI Lite,2025-10-27 00:00:00,0.79,67.3,49.46,30.03,0,Success
user9179,TXN102393,58.19,Bank Transfer,Jaipur,Android,UPI,2025-10-27 03:00:00,56.91,53.68,94.55,52.81,0,Success
user7115,TXN102394,71.48,Bill Payment,Delhi,Android,UPI,2025-10-27 06:00:00,62.95,17.25,32.36,45.33,0,Success
user1459,TXN102395,955.4,P2M,Bengaluru,Android,UPI QR,2025-10-27 09:00:00,29.7,17.8,59.12,36.31,0,Success
user8568,TXN102396,193.54,Bill Payment,Chennai,Android,UPI AutoPay,2025-10-27 12:00:00,72.69,47.26,95.61,65.54,0,Success
user5646,TXN102397,940.26,Bank Transfer,Delhi,iOS,UPI QR,2025-10-27 15:00:00,37.74,87.04,27.12,58.89,0,Success
user1392,TXN102398,270.05,Shopping,Hyderabad,Android,UPI Lite,2025-10-27 18:00:00,71.78,11.52,47.2,32.35,0,Success
user2787,TXN102399,348.53,P2P,Delhi,Web,UPI Lite,2025-10-27 21:00:00,14.38,99.84,75.25,53.91,0,Success
user8374,TXN102400,419.36,Bill Payment,Pune,iOS,UPI,2025-10-28 00:00:00,91.37,87.59,69.11,65.97,0,Success
user2138,TXN102401,48.27,Shopping,Bengaluru,Web,UPI QR,2025-10-28 03:00:00,87.95,39.26,83.87,53.77,0,Failed
user5741,TXN102402,222.95,Bill Payment,Hyderabad,Android,UPI Lite,2025-10-28 06:00:00,15.06,25.31,51.98,34.19,0,Failed
user8418,TXN102403,47.61,Bank Transfer,Chennai,Android,UPI Lite,2025-10-28 09:00:00,93.85,92.2,31.89,80.4,1,Success
user7362,TXN102404,123.36,Shopping,Kolkata,Android,UPI AutoPay,2025-10-28 12:00:00,55.78,12.32,53.51,33.93,0,Success
user3454,TXN102405,311.12,P2M,Lucknow,Android,UPI Lite,2025-10-28 15:00:00,70.16,34.73,35.0,41.49,0,Success
user4674,TXN102406,58.83,Shopping,Ahmedabad,Android,UPI QR,2025-10-28 18:00:00,84.03,8.39,17.64,33.37,0,Success
user2377,TXN102407,286.96,Recharge,Jaipur,iOS,UPI,2025-10-28 21:00:00,8.36,95.35,55.5,57.79,0,Success
user7701,TXN102408,36.66,P2P,Pune,Android,UPI,2025-10-29 00:00:00,16.93,61.76,4.84,21.65,0,Success
user3597,TXN102409,514.56,Bank Transfer,Pune,Android,UPI Lite,2025-10-29 03:00:00,29.04,33.62,3.66,33.86,0,Success
user1141,TXN102410,84.4,Shopping,Kolkata,Android,UPI Lite,2025-10-29 06:00:00,47.72,27.55,6.46,27.08,0,Success
user3659,TXN102411,58.73,Bank Transfer,Lucknow,iOS,UPI Lite,2025-10-29 09:00:00,34.61,44.41,67.26,38.97,0,Success
user5596,TXN102412,39.04,Bill Payment,Lucknow,Web,UPI AutoPay,2025-10-29 12:00:00,50.58,9.14,40.7,32.58,0,Success
user6661,TXN102413,91.89,Bill Payment,Jaipur,Android,UPI Lite,2025-10-29 15:00:00,18.59,88.93,49.41,58.95,0,Success
user7142,TXN102414,24.35,Shopping,Delhi,Android,UPI Lite,2025-10-29 18:00:00,68.22,51.09,34.34,48.98,0,Success
user6626,TXN102415,94.78,Recharge,Chennai,Web,UPI AutoPay,2025-10-29 21:00:00,5.57,72.51,25.36,28.87,0,Success
user9787,TXN102416,492.5,Shopping,Lucknow,Android,UPI QR,2025-10-30 00:00:00,36.14,23.37,35.83,33.34,0,Success
user9472,TXN102417,135.81,P2M,Lucknow,iOS,UPI AutoPay,2025-10-30 03:00:00,17.9,50.37,19.34,24.86,0,Pending
user1423,TXN102418,50.53,Recharge,Ahmedabad,Android,UPI,2025-10-30 06:00:00,72.99,21.11,67.88,41.06,0,Success
user7999,TXN102419,205.67,Bank Transfer,Hyderabad,Android,UPI AutoPay,2025-10-30 09:00:00,88.37,81.61,10.17,57.85,0,Success
user5249,TXN102420,188.27,Shopping,Hyderabad,Android,UPI AutoPay,2025-10-30 12:00:00,7.88,77.53,51.69,45.41,0,Success
user2750,TXN102421,1160.5,Bank Transfer,Ahmedabad,iOS,UPI QR,2025-10-30 15:00:00,78.5,14.82,47.68,49.24,0,Success
user5757,TXN102422,361.67,P2P,Mumbai,Android,UPI QR,2025-10-30 18:00:00,89.57,7.45,30.19,32.84,0,Success
user2967,TXN102423,222.65,Recharge,Chennai,Android,UPI Lite,2025-10-30 21:00:00,97.4,82.42,10.23,67.4,0,Success
user5088,TXN102424,405.48,Shopping,Lucknow,Android,UPI AutoPay,2025-10-31 00:00:00,57.94,10.96,70.34,45.53,0,Success
user5178,TXN102425,143.4,P2P,Jaipur,Android,UPI QR,2025-10-31 03:00:00,32.74,54.85,56.95,43.31,0,Success
user8789,TXN102426,152.11,Shopping,Chennai,iOS,UPI,2025-10-31 06:00:00,32.2,53.45,80.95,55.43,0,Success
user3946,TXN102427,861.73,P2M,Kolkata,iOS,UPI Lite,2025-10-31 09:00:00,37.9,20.29,23.55,33.38,0,Success
user6394,TXN102428,31.96,Bill Payment,Pune,Android,UPI AutoPay,2025-10-31 12:00:00,61.27,59.14,79.16,65.22,0,Success
user8880,TXN102429,431.79,Bank Transfer,Lucknow,iOS,UPI,2025-10-31 15:00:00,49.02,50.28,29.19,28.14,0,Success
user6075,TXN102430,146.82,Shopping,Mumbai,Android,UPI QR,2025-10-31 18:00:00,65.36,50.92,11.26,45.75,0,Success
user8230,TXN102431,122.55,Recharge,Jaipur,Android,UPI Lite,2025-10-31 21:00:00,3.93,35.97,13.49,13.73,0,Success
user2531,TXN102432,94.36,Shopping,Chennai,iOS,UPI,2025-11-01 00:00:00,10.59,83.84,22.11,36.93,0,Success
user3990,TXN102433,191.27,Shopping,Bengaluru,Android,UPI AutoPay,2025-11-01 03:00:00,97.65,8.44,68.24,47.6,0,Success
user8155,TXN102434,157.04,Shopping,Pune,Android,UPI,2025-11-01 06:00:00,99.54,43.86,24.4,60.84,0,Success
user5493,TXN102435,108.34,Shopping,Lucknow,Android,UPI Lite,2025-11-01 09:00:00,74.67,25.98,60.39,56.72,0,Success
user1933,TXN102436,81.23,Recharge,Chennai,iOS,UPI AutoPay,2025-11-01 12:00:00,25.64,84.84,25.65,40.32,0,Success
user2460,TXN102437,24.4,Recharge,Chennai,Android,UPI AutoPay,2025-11-01 15:00:00,95.34,22.51,36.52,37.43,0,Success
user3723,TXN102438,79.53,Shopping,Jaipur,Android,UPI,2025-11-01 18:00:00,21.37,76.7,88.97,56.63,0,Pending
user1285,TXN102439,98.27,Bill Payment,Pune,iOS,UPI Lite,2025-11-01 21:00:00,73.14,61.15,50.04,58.07,0,Success
user1264,TXN102440,190.8,Shopping,Hyderabad,iOS,UPI AutoPay,2025-11-02 00:00:00,11.53,87.48,60.03,32.25,0,Success
user7816,TXN102441,1168.04,Bank Transfer,Hyderabad,iOS,UPI Lite,2025-11-02 03:00:00,64.89,59.38,18.93,47.57,0,Success
user2762,TXN102442,88.59,Bank Transfer,Bengaluru,Android,UPI QR,2025-11-02 06:00:00,75.95,55.65,13.15,52.45,0,Success
user1040,TXN102443,58.93,Recharge,Delhi,Android,UPI,2025-11-02 09:00:00,85.96,80.11,41.32,48.89,0,Success
user6827,TXN102444,80.28,Bank Transfer,Ahmedabad,Android,UPI Lite,2025-11-02 12:00:00,73.43,56.25,85.54,64.54,0,Success
user9259,TXN102445,191.2,Bank Transfer,Lucknow,iOS,UPI QR,2025-11-02 15:00:00,92.35,84.45,24.09,65.63,0,Success
user1987,TXN102446,295.49,P2M,Jaipur,iOS,UPI QR,2025-11-02 18:00:00,52.09,4.93,62.17,37.46,0,Success
user8804,TXN102447,339.8,Shopping,Lucknow,Web,UPI Lite,2025-11-02 21:00:00,67.74,49.51,87.21,59.42,0,Pending
user8789,TXN102448,375.29,Shopping,Jaipur,Android,UPI Lite,2025-11-03 00:00:00,36.96,81.27,93.44,62.49,0,Success
user6717,TXN102449,432.35,Shopping,Hyderabad,Android,UPI,2025-11-03 03:00:00,1.04,84.84,99.38,50.05,0,Success
user4198,TXN102450,124.1,Shopping,Jaipur,Android,UPI,2025-11-03 06:00:00,75.67,83.41,76.3,68.92,0,Success
user6374,TXN102451,1278.11,P2P,Pune,Android,UPI AutoPay,2025-11-03 09:00:00,86.99,60.44,7.5,56.33,0,Failed
user5790,TXN102452,115.03,Shopping,Delhi,Android,UPI,2025-11-03 12:00:00,17.39,99.4,87.15,75.84,1,Success
user8183,TXN102453,182.97,Recharge,Bengaluru,Web,UPI Lite,2025-11-03 15:00:00,2.86,18.14,88.56,28.6,0,Success
user3524,TXN102454,599.34,Recharge,Mumbai,Android,UPI AutoPay,2025-11-03 18:00:00,16.45,17.45,55.73,21.3,0,Success
user3479,TXN102455,289.0,P2P,Hyderabad,Android,UPI QR,2025-11-03 21:00:00,89.53,3.28,6.74,33.68,0,Success
user6154,TXN102456,17.45,Shopping,Mumbai,iOS,UPI QR,2025-11-04 00:00:00,29.55,98.93,47.67,51.35,0,Success
user1778,TXN102457,164.95,Bill Payment,Mumbai,Android,UPI Lite,2025-11-04 03:00:00,23.37,34.8,21.07,19.59,0,Success
user2492,TXN102458,388.37,Shopping,Kolkata,iOS,UPI AutoPay,2025-11-04 06:00:00,1.46,76.21,44.21,30.55,0,Success
user1660,TXN102459,42.8,Recharge,Delhi,Android,UPI AutoPay,2025-11-04 09:00:00,29.71,5.97,72.41,24.43,0,Success
user2348,TXN102460,347.48,P2M,Ahmedabad,Android,UPI,2025-11-04 12:00:00,71.56,29.87,66.76,47.42,0,Success
user8851,TXN102461,242.29,Bank Transfer,Chennai,Android,UPI QR,2025-11-04 15:00:00,95.91,62.38,78.0,72.78,1,Success
user8156,TXN102462,535.89,P2M,Pune,Android,UPI QR,2025-11-04 18:00:00,31.27,52.48,47.65,39.03,0,Success
user3044,TXN102463,82.11,Bill Payment,Jaipur,Android,UPI,2025-11-04 21:00:00,24.07,20.77,51.08,35.55,0,Success
user8368,TXN102464,444.03,Shopping,Lucknow,Android,UPI QR,2025-11-05 00:00:00,88.81,46.16,93.57,54.88,0,Success
user4516,TXN102465,192.41,P2P,Ahmedabad,Android,UPI,2025-11-05 03:00:00,85.25,10.88,63.12,48.05,0,Success
user5577,TXN102466,959.15,Shopping,Lucknow,Android,UPI QR,2025-11-05 06:00:00,32.82,54.27,74.75,44.35,0,Success
user1727,TXN102467,2659.92,Bill Payment,Bengaluru,Android,UPI QR,2025-11-05 09:00:00,6.88,9.69,66.45,18.75,0,Success
user8468,TXN102468,763.82,Bill Payment,Bengaluru,Android,UPI QR,2025-11-05 12:00:00,99.2,63.59,64.05,65.57,0,Success
user1342,TXN102469,265.21,Bank Transfer,Pune,Android,UPI,2025-11-05 15:00:00,68.07,15.54,91.35,39.06,0,Success
user2447,TXN102470,1670.71,Bill Payment,Jaipur,iOS,UPI QR,2025-11-05 18:00:00,92.66,54.71,35.65,59.99,0,Success
user7581,TXN102471,299.91,P2M,Jaipur,Web,UPI QR,2025-11-05 21:00:00,34.19,12.91,42.77,27.15,0,Success
user7317,TXN102472,66.16,Bank Transfer,Hyderabad,iOS,UPI AutoPay,2025-11-06 00:00:00,64.77,40.07,37.98,34.5,0,Success
user1526,TXN102473,157.71,Shopping,Jaipur,Android,UPI QR,2025-11-06 03:00:00,67.45,35.18,76.52,53.18,0,Success
user7748,TXN102474,351.31,Shopping,Chennai,iOS,UPI Lite,2025-11-06 06:00:00,87.29,75.64,86.84,76.19,1,Success
user1405,TXN102475,374.64,P2P,Ahmedabad,Android,UPI QR,2025-11-06 09:00:00,99.31,64.12,35.75,57.22,0,Success
user8986,TXN102476,53.24,Bill Payment,Ahmedabad,Android,UPI QR,2025-11-06 12:00:00,10.87,93.71,14.23,36.22,0,Success
user4740,TXN102477,54.95,Bill Payment,Lucknow,Android,UPI AutoPay,2025-11-06 15:00:00,63.11,92.19,49.41,62.57,0,Success
user2846,TXN102478,116.59,Recharge,Kolkata,iOS,UPI AutoPay,2025-11-06 18:00:00,33.64,72.5,98.43,57.02,0,Success
user2478,TXN102479,279.93,Bank Transfer,Pune,iOS,UPI,2025-11-06 21:00:00,81.17,77.06,20.37,62.67,0,Success
user1771,TXN102480,318.16,Recharge,Pune,Web,UPI,2025-11-07 00:00:00,75.41,62.49,45.2,64.39,0,Success
user6525,TXN102481,188.92,Bank Transfer,Chennai,Android,UPI Lite,2025-11-07 03:00:00,89.25,69.17,27.14,66.78,0,Success
user9770,TXN102482,71.21,P2M,Jaipur,iOS,UPI AutoPay,2025-11-07 06:00:00,34.37,61.72,92.27,47.71,0,Success
user1193,TXN102483,931.64,Bank Transfer,Kolkata,Android,UPI,2025-11-07 09:00:00,18.45,31.18,55.09,30.13,0,Success
user3007,TXN102484,56.15,Shopping,Hyderabad,Android,UPI,2025-11-07 12:00:00,2.18,35.07,57.87,12.05,0,Success
user2185,TXN102485,603.26,P2P,Hyderabad,Web,UPI,2025-11-07 15:00:00,25.55,57.47,0.83,32.39,0,Success
user3394,TXN102486,343.38,Bank Transfer,Ahmedabad,Android,UPI AutoPay,2025-11-07 18:00:00,36.72,72.02,65.28,57.4,0,Success
user5005,TXN102487,590.12,Bank Transfer,Chennai,Android,UPI AutoPay,2025-11-07 21:00:00,94.61,40.61,30.64,61.91,0,Success
user8429,TXN102488,105.17,Bank Transfer,Mumbai,Android,UPI Lite,2025-11-08 00:00:00,49.14,14.27,51.34,47.55,0,Failed
user3261,TXN102489,142.22,P2P,Mumbai,iOS,UPI AutoPay,2025-11-08 03:00:00,55.64,45.94,53.11,54.28,0,Success
user4736,TXN102490,173.3,Bill Payment,Jaipur,Android,UPI AutoPay,2025-11-08 06:00:00,88.01,96.32,59.22,78.61,1,Success
user7716,TXN102491,101.86,P2P,Ahmedabad,Android,UPI AutoPay,2025-11-08 09:00:00,88.51,21.41,82.35,58.89,0,Success
user5875,TXN102492,205.46,Bill Payment,Chennai,Android,UPI Lite,2025-11-08 12:00:00,52.79,64.91,29.89,64.03,0,Failed
user9921,TXN102493,795.59,Shopping,Mumbai,Android,UPI QR,2025-11-08 15:00:00,11.37,98.25,25.62,43.29,0,Pending
user5378,TXN102494,44.84,P2P,Delhi,Web,UPI QR,2025-11-08 18:00:00,27.05,37.62,79.58,57.61,0,Success
user8815,TXN102495,85.01,Bill Payment,Lucknow,Android,UPI,2025-11-08 21:00:00,45.69,88.79,71.87,55.99,0,Success
user4451,TXN102496,76.27,Shopping,Bengaluru,Android,UPI QR,2025-11-09 00:00:00,75.12,86.4,22.56,55.82,0,Success
user8616,TXN102497,149.24,Shopping,Lucknow,Android,UPI QR,2025-11-09 03:00:00,71.17,33.9,0.08,40.72,0,Success
user3800,TXN102498,143.23,Bill Payment,Bengaluru,Android,UPI Lite,2025-11-09 06:00:00,64.27,9.85,66.59,21.35,0,Failed
user9333,TXN102499,355.07,Bill Payment,Delhi,Android,UPI Lite,2025-11-09 09:00:00,88.02,17.85,15.72,39.13,0,Success
user6410,TXN102500,169.65,P2M,Delhi,Android,UPI QR,2025-11-09 12:00:00,80.26,36.57,95.7,71.71,1,Success
user2455,TXN102501,222.05,Shopping,Chennai,Web,UPI QR,2025-11-09 15:00:00,98.21,95.91,60.44,76.04,1,Success
user7892,TXN102502,244.31,Bill Payment,Kolkata,Android,UPI QR,2025-11-09 18:00:00,88.92,27.45,84.97,61.08,0,Success
user6808,TXN102503,209.64,Shopping,Pune,Android,UPI,2025-11-09 21:00:00,19.57,92.69,80.56,44.16,0,Success
user7796,TXN102504,331.4,P2P,Mumbai,Android,UPI Lite,2025-11-10 00:00:00,5.76,18.14,55.78,19.21,0,Success
user5796,TXN102505,145.14,Recharge,Chennai,Android,UPI QR,2025-11-10 03:00:00,41.45,96.98,43.84,49.09,0,Success
user6093,TXN102506,850.96,Recharge,Kolkata,Android,UPI AutoPay,2025-11-10 06:00:00,61.75,29.36,49.68,49.81,0,Success
user2325,TXN102507,2083.12,Bank Transfer,Pune,Android,UPI QR,2025-11-10 09:00:00,64.31,63.31,80.3,71.4,1,Pending
user5976,TXN102508,332.36,Bill Payment,Chennai,Web,UPI AutoPay,2025-11-10 12:00:00,26.75,6.97,64.05,22.56,0,Success
user2159,TXN102509,206.02,Bill Payment,Jaipur,Android,UPI,2025-11-10 15:00:00,85.99,29.97,20.57,38.01,0,Pending
user5650,TXN102510,306.31,Shopping,Pune,Android,UPI AutoPay,2025-11-10 18:00:00,32.92,21.07,60.94,44.62,0,Failed
user5987,TXN102511,54.54,Bank Transfer,Lucknow,Android,UPI Lite,2025-11-10 21:00:00,91.91,0.34,40.47,33.27,0,Success
user5697,TXN102512,196.39,Bill Payment,Pune,Android,UPI,2025-11-11 00:00:00,47.16,15.68,6.13,28.6,0,Failed
user1340,TXN102513,78.94,Shopping,Lucknow,Android,UPI,2025-11-11 03:00:00,1.04,59.31,38.13,28.12,0,Success
user4828,TXN102514,273.14,Bill Payment,Hyderabad,Android,UPI QR,2025-11-11 06:00:00,16.2,38.99,22.76,31.4,0,Failed
user2968,TXN102515,79.33,Shopping,Bengaluru,Android,UPI,2025-11-11 09:00:00,10.23,72.26,83.86,47.79,0,Success
user1703,TXN102516,116.19,Bill Payment,Lucknow,Android,UPI,2025-11-11 12:00:00,4.4,67.11,10.5,20.82,0,Success
user6482,TXN102517,25.23,P2M,Delhi,iOS,UPI AutoPay,2025-11-11 15:00:00,71.4,79.93,36.06,49.88,0,Success
user7376,TXN102518,50.74,Shopping,Jaipur,Android,UPI QR,2025-11-11 18:00:00,19.23,86.7,69.55,42.25,0,Success
user2800,TXN102519,233.9,P2M,Mumbai,Android,UPI Lite,2025-11-11 21:00:00,83.86,81.98,89.74,68.02,0,Success
user6463,TXN102520,68.8,P2M,Hyderabad,Web,UPI QR,2025-11-12 00:00:00,26.45,44.81,33.53,30.43,0,Success
user5912,TXN102521,475.22,P2M,Hyderabad,Android,UPI Lite,2025-11-12 03:00:00,3.23,30.87,60.64,32.18,0,Success
user5648,TXN102522,63.19,P2M,Ahmedabad,iOS,UPI AutoPay,2025-11-12 06:00:00,82.07,50.23,37.36,46.84,0,Failed
user1855,TXN102523,258.08,P2P,Chennai,Android,UPI,2025-11-12 09:00:00,46.61,53.51,20.29,30.71,0,Success
user3866,TXN102524,76.56,Bank Transfer,Chennai,Android,UPI,2025-11-12 12:00:00,59.95,31.32,32.57,39.93,0,Success
user1182,TXN102525,241.16,Recharge,Chennai,Android,UPI QR,2025-11-12 15:00:00,33.62,54.0,63.59,54.08,0,Failed
user4112,TXN102526,35.35,P2P,Pune,Android,UPI QR,2025-11-12 18:00:00,4.6,10.58,71.63,28.17,0,Failed
user6670,TXN102527,104.25,Bill Payment,Mumbai,Android,UPI QR,2025-11-12 21:00:00,37.02,23.1,37.06,28.72,0,Success
user5492,TXN102528,70.37,Bill Payment,Bengaluru,iOS,UPI,2025-11-13 00:00:00,51.83,74.6,15.25,37.28,0,Success
user6823,TXN102529,396.72,Bank Transfer,Lucknow,iOS,UPI,2025-11-13 03:00:00,1.17,18.28,13.96,10.51,0,Success
user2517,TXN102530,260.41,Recharge,Chennai,iOS,UPI AutoPay,2025-11-13 06:00:00,57.43,13.9,81.26,51.3,0,Success
user6002,TXN102531,47.82,Recharge,Hyderabad,iOS,UPI Lite,2025-11-13 09:00:00,89.3,28.73,65.33,60.39,0,Success
user2356,TXN102532,133.86,Recharge,Lucknow,Web,UPI QR,2025-11-13 12:00:00,21.78,37.1,72.8,39.03,0,Success
user4629,TXN102533,75.77,P2M,Mumbai,Android,UPI,2025-11-13 15:00:00,92.68,32.85,48.83,62.42,0,Success
user4628,TXN102534,424.22,P2P,Hyderabad,iOS,UPI Lite,2025-11-13 18:00:00,9.76,37.46,45.73,37.42,0,Success
user9210,TXN102535,584.95,Bill Payment,Delhi,Android,UPI QR,2025-11-13 21:00:00,82.54,13.99,21.12,45.39,0,Success
user7132,TXN102536,38.8,P2P,Mumbai,iOS,UPI QR,2025-11-14 00:00:00,84.03,16.54,16.83,24.65,0,Success
user7588,TXN102537,374.92,P2P,Pune,iOS,UPI Lite,2025-11-14 03:00:00,25.78,23.58,15.39,27.46,0,Success
user4311,TXN102538,72.0,P2P,Chennai,Android,UPI Lite,2025-11-14 06:00:00,95.78,40.2,99.18,69.49,0,Success
user7048,TXN102539,127.37,Recharge,Kolkata,Android,UPI Lite,2025-11-14 09:00:00,41.66,33.59,82.09,46.37,0,Success
user7246,TXN102540,169.4,Bank Transfer,Jaipur,Web,UPI,2025-11-14 12:00:00,14.13,79.13,62.61,42.9,0,Success
user1987,TXN102541,1008.89,Bank Transfer,Hyderabad,Android,UPI AutoPay,2025-11-14 15:00:00,59.17,52.55,21.44,39.1,0,Success
user4321,TXN102542,60.11,Recharge,Ahmedabad,Android,UPI QR,2025-11-14 18:00:00,99.66,57.57,33.77,44.11,0,Failed
user5615,TXN102543,377.95,Bill Payment,Ahmedabad,Android,UPI QR,2025-11-14 21:00:00,89.93,56.06,35.08,59.91,0,Success
user9365,TXN102544,50.83,Bill Payment,Jaipur,Android,UPI Lite,2025-11-15 00:00:00,27.86,39.88,47.77,24.63,0,Success
user4741,TXN102545,47.44,Bill Payment,Bengaluru,Android,UPI,2025-11-15 03:00:00,57.7,98.05,42.2,63.9,0,Success
user4052,TXN102546,168.76,Bank Transfer,Bengaluru,Android,UPI Lite,2025-11-15 06:00:00,11.54,3.73,93.42,26.08,0,Success
user7574,TXN102547,167.63,Bank Transfer,Jaipur,Android,UPI,2025-11-15 09:00:00,46.18,21.58,72.08,48.84,0,Success
user1726,TXN102548,9.66,P2P,Kolkata,iOS,UPI AutoPay,2025-11-15 12:00:00,52.31,28.47,8.14,41.1,0,Success
user4760,TXN102549,523.01,Recharge,Pune,Android,UPI QR,2025-11-15 15:00:00,31.53,88.13,36.0,46.62,0,Success
user6806,TXN102550,19.32,P2M,Mumbai,Android,UPI QR,2025-11-15 18:00:00,48.42,91.89,13.3,44.26,0,Success
user2875,TXN102551,141.75,P2P,Kolkata,Android,UPI,2025-11-15 21:00:00,91.99,84.61,27.94,59.76,0,Success
user7993,TXN102552,618.7,Shopping,Lucknow,Android,UPI AutoPay,2025-11-16 00:00:00,50.01,41.7,95.89,58.37,0,Success
user5033,TXN102553,1493.96,Bank Transfer,Chennai,Web,UPI AutoPay,2025-11-16 03:00:00,83.1,91.46,70.53,73.09,1,Success
user6443,TXN102554,114.09,P2P,Bengaluru,iOS,UPI QR,2025-11-16 06:00:00,31.74,9.85,0.79,14.31,0,Failed
user1989,TXN102555,39.14,Recharge,Hyderabad,Android,UPI QR,2025-11-16 09:00:00,97.14,65.24,32.89,55.36,0,Success
user4744,TXN102556,596.18,Shopping,Bengaluru,Android,UPI Lite,2025-11-16 12:00:00,9.35,93.72,43.87,43.91,0,Success
user9611,TXN102557,389.61,P2P,Ahmedabad,Android,UPI,2025-11-16 15:00:00,58.56,75.49,60.25,70.63,1,Success
user1593,TXN102558,100.59,Recharge,Hyderabad,Android,UPI QR,2025-11-16 18:00:00,78.99,27.79,49.97,43.51,0,Success
user2774,TXN102559,88.61,Recharge,Lucknow,Android,UPI AutoPay,2025-11-16 21:00:00,81.4,71.75,6.98,52.04,0,Success
user1935,TXN102560,80.05,Bank Transfer,Lucknow,Android,UPI AutoPay,2025-11-17 00:00:00,19.83,29.48,51.55,32.27,0,Success
user4808,TXN102561,116.21,P2M,Chennai,Web,UPI QR,2025-11-17 03:00:00,40.16,11.16,13.03,30.24,0,Success
user1331,TXN102562,224.99,P2P,Delhi,Android,UPI AutoPay,2025-11-17 06:00:00,62.42,71.72,51.92,64.87,0,Success
user8922,TXN102563,93.13,Recharge,Ahmedabad,Android,UPI,2025-11-17 09:00:00,31.59,17.92,24.61,27.86,0,Success
user3702,TXN102564,105.68,Bill Payment,Jaipur,Android,UPI AutoPay,2025-11-17 12:00:00,65.83,11.11,14.42,33.05,0,Success
user6889,TXN102565,311.46,Recharge,Bengaluru,Android,UPI AutoPay,2025-11-17 15:00:00,37.88,55.18,28.79,57.72,0,Success
user6054,TXN102566,37.25,P2M,Chennai,Android,UPI QR,2025-11-17 18:00:00,35.09,62.06,9.96,38.42,0,Pending
user4868,TXN102567,112.63,Recharge,Chennai,Android,UPI,2025-11-17 21:00:00,10.81,5.11,28.4,14.66,0,Success
user5200,TXN102568,30.69,Bank Transfer,Delhi,Web,UPI,2025-11-18 00:00:00,3.93,0.45,86.69,31.68,0,Success
user1201,TXN102569,182.8,P2P,Lucknow,Android,UPI Lite,2025-11-18 03:00:00,83.53,88.21,30.72,67.8,0,Failed
user3497,TXN102570,23.58,Bank Transfer,Ahmedabad,Android,UPI,2025-11-18 06:00:00,48.95,11.53,47.02,50.2,0,Failed
user2842,TXN102571,399.42,P2P,Hyderabad,Android,UPI Lite,2025-11-18 09:00:00,56.29,58.39,51.98,47.09,0,Success
user5658,TXN102572,44.05,Shopping,Ahmedabad,iOS,UPI QR,2025-11-18 12:00:00,37.22,95.35,17.83,45.84,0,Success
user8544,TXN102573,27.87,P2P,Ahmedabad,Android,UPI AutoPay,2025-11-18 15:00:00,13.67,51.19,44.18,21.9,0,Success
user8718,TXN102574,114.02,Shopping,Bengaluru,Android,UPI,2025-11-18 18:00:00,44.96,13.98,85.3,40.71,0,Success
user1770,TXN102575,907.88,Bank Transfer,Hyderabad,iOS,UPI Lite,2025-11-18 21:00:00,22.9,39.35,8.05,15.41,0,Success
user4155,TXN102576,334.02,Bill Payment,Kolkata,Android,UPI,2025-11-19 00:00:00,83.77,62.4,92.28,72.63,1,Success
user2628,TXN102577,23.99,P2M,Hyderabad,Web,UPI QR,2025-11-19 03:00:00,98.68,76.28,87.11,74.39,1,Success
user1386,TXN102578,42.81,Bill Payment,Chennai,Android,UPI Lite,2025-11-19 06:00:00,88.91,60.69,85.58,76.33,1,Success
user7031,TXN102579,110.43,Shopping,Delhi,Android,UPI Lite,2025-11-19 09:00:00,52.83,3.43,19.85,21.25,0,Success
user7439,TXN102580,1538.18,Recharge,Ahmedabad,Android,UPI Lite,2025-11-19 12:00:00,62.81,14.31,48.43,46.44,0,Failed
user7401,TXN102581,64.14,Recharge,Hyderabad,Android,UPI QR,2025-11-19 15:00:00,94.81,37.18,61.62,58.4,0,Failed
user5008,TXN102582,64.66,Bill Payment,Chennai,iOS,UPI Lite,2025-11-19 18:00:00,53.87,70.57,9.99,50.99,0,Success
user3466,TXN102583,755.54,Recharge,Mumbai,Android,UPI AutoPay,2025-11-19 21:00:00,63.86,58.43,55.68,54.66,0,Success
user3282,TXN102584,199.32,Shopping,Lucknow,Android,UPI QR,2025-11-20 00:00:00,62.92,4.47,84.0,41.72,0,Success
user2856,TXN102585,470.13,Bank Transfer,Delhi,Web,UPI AutoPay,2025-11-20 03:00:00,70.81,79.69,93.66,60.31,0,Success
user8980,TXN102586,79.27,P2M,Pune,iOS,UPI AutoPay,2025-11-20 06:00:00,64.03,60.51,27.83,38.24,0,Success
user2998,TXN102587,148.17,P2P,Jaipur,Android,UPI QR,2025-11-20 09:00:00,67.07,88.72,28.87,62.83,0,Success
user6476,TXN102588,611.33,Shopping,Chennai,Android,UPI,2025-11-20 12:00:00,72.59,41.77,27.07,36.94,0,Success
user5669,TXN102589,141.91,Shopping,Ahmedabad,Android,UPI AutoPay,2025-11-20 15:00:00,80.91,49.02,15.35,53.84,0,Success
user5318,TXN102590,504.24,P2P,Delhi,iOS,UPI QR,2025-11-20 18:00:00,40.31,40.56,43.07,35.01,0,Failed
user8064,TXN102591,241.6,P2P,Lucknow,iOS,UPI AutoPay,2025-11-20 21:00:00,74.58,72.25,78.45,67.77,0,Failed
user8446,TXN102592,58.0,P2M,Hyderabad,Android,UPI Lite,2025-11-21 00:00:00,10.02,75.21,71.21,47.93,0,Success
user2431,TXN102593,161.37,P2M,Mumbai,Android,UPI AutoPay,2025-11-21 03:00:00,87.62,72.32,90.03,82.72,1,Success
user6624,TXN102594,437.63,P2M,Pune,Android,UPI AutoPay,2025-11-21 06:00:00,29.0,29.16,35.57,18.45,0,Success
user8461,TXN102595,320.35,Recharge,Lucknow,Android,UPI AutoPay,2025-11-21 09:00:00,40.35,63.6,57.22,38.49,0,Success
user2819,TXN102596,157.55,Shopping,Mumbai,iOS,UPI Lite,2025-11-21 12:00:00,80.36,33.85,76.65,55.92,0,Success
user2130,TXN102597,24.74,Bank Transfer,Jaipur,Android,UPI AutoPay,2025-11-21 15:00:00,63.7,83.42,89.82,78.2,1,Success
user7563,TXN102598,27.22,P2P,Delhi,Android,UPI QR,2025-11-21 18:00:00,30.86,5.51,87.18,34.44,0,Success
user3658,TXN102599,33.67,Shopping,Kolkata,Android,UPI AutoPay,2025-11-21 21:00:00,22.54,3.77,46.55,28.84,0,Success
user4500,TXN102600,98.45,Shopping,Bengaluru,Android,UPI QR,2025-11-22 00:00:00,95.77,10.17,90.69,47.87,0,Success
user9566,TXN102601,112.49,P2M,Delhi,Android,UPI AutoPay,2025-11-22 03:00:00,8.78,20.24,44.41,16.53,0,Success
user3120,TXN102602,37.51,P2M,Pune,iOS,UPI AutoPay,2025-11-22 06:00:00,0.43,3.76,90.28,24.44,0,Failed
user5020,TXN102603,456.01,Shopping,Kolkata,iOS,UPI AutoPay,2025-11-22 09:00:00,67.29,7.16,77.7,38.53,0,Success
user4259,TXN102604,46.35,P2M,Kolkata,Android,UPI,2025-11-22 12:00:00,61.45,30.61,22.16,28.26,0,Success
user2823,TXN102605,41.66,Recharge,Jaipur,iOS,UPI,2025-11-22 15:00:00,73.76,9.98,92.97,46.51,0,Success
user2474,TXN102606,179.15,P2P,Bengaluru,iOS,UPI Lite,2025-11-22 18:00:00,73.16,80.21,24.25,53.4,0,Failed
user3242,TXN102607,434.37,Shopping,Kolkata,Android,UPI QR,2025-11-22 21:00:00,86.33,5.39,90.84,47.44,0,Success
user4243,TXN102608,1280.31,P2P,Chennai,Android,UPI Lite,2025-11-23 00:00:00,92.21,90.79,61.51,85.97,1,Success
user7990,TXN102609,293.7,Recharge,Lucknow,Android,UPI QR,2025-11-23 03:00:00,77.5,87.08,66.74,71.93,1,Success
user6160,TXN102610,796.18,P2M,Kolkata,Android,UPI Lite,2025-11-23 06:00:00,23.23,20.84,10.93,20.91,0,Success
user4134,TXN102611,48.81,Bill Payment,Kolkata,iOS,UPI Lite,2025-11-23 09:00:00,46.35,7.15,6.57,22.09,0,Success
user3070,TXN102612,1421.89,Recharge,Lucknow,Android,UPI AutoPay,2025-11-23 12:00:00,64.17,10.55,96.83,63.72,0,Success
user1359,TXN102613,25.5,Bill Payment,Hyderabad,Web,UPI AutoPay,2025-11-23 15:00:00,53.94,55.91,33.69,58.27,0,Success
user2141,TXN102614,99.1,P2P,Jaipur,iOS,UPI AutoPay,2025-11-23 18:00:00,15.89,60.09,84.44,42.95,0,Success
user2635,TXN102615,287.34,Shopping,Kolkata,Android,UPI AutoPay,2025-11-23 21:00:00,58.93,31.56,70.45,52.0,0,Success
user5000,TXN102616,32.94,P2M,Kolkata,iOS,UPI AutoPay,2025-11-24 00:00:00,88.65,29.68,60.41,53.01,0,Success
user4361,TXN102617,64.91,Recharge,Bengaluru,Android,UPI Lite,2025-11-24 03:00:00,41.85,53.15,68.52,54.05,0,Success
user7583,TXN102618,55.37,P2M,Mumbai,Android,UPI QR,2025-11-24 06:00:00,66.89,30.56,8.94,44.83,0,Success
user8835,TXN102619,120.27,Bill Payment,Hyderabad,Android,UPI,2025-11-24 09:00:00,61.59,93.43,41.24,60.09,0,Success
user1006,TXN102620,679.65,Bill Payment,Ahmedabad,Android,UPI,2025-11-24 12:00:00,37.7,38.26,60.71,47.83,0,Success
user4267,TXN102621,166.8,Bank Transfer,Hyderabad,Android,UPI QR,2025-11-24 15:00:00,56.53,21.98,86.76,46.12,0,Success
user7564,TXN102622,103.23,Shopping,Lucknow,iOS,UPI,2025-11-24 18:00:00,21.02,14.6,71.47,37.93,0,Failed
user5928,TXN102623,9.17,Bill Payment,Bengaluru,iOS,UPI Lite,2025-11-24 21:00:00,54.61,63.17,25.28,38.17,0,Success
user3606,TXN102624,261.58,Shopping,Jaipur,Android,UPI QR,2025-11-25 00:00:00,79.88,32.67,98.49,55.39,0,Success
user6906,TXN102625,361.41,Bank Transfer,Delhi,Android,UPI QR,2025-11-25 03:00:00,75.89,18.88,64.3,53.24,0,Success
user4273,TXN102626,29.96,Recharge,Bengaluru,Android,UPI,2025-11-25 06:00:00,35.8,27.58,50.13,41.39,0,Success
user8611,TXN102627,153.4,Bank Transfer,Pune,iOS,UPI,2025-11-25 09:00:00,11.21,30.79,78.14,37.56,0,Success
user1913,TXN102628,198.94,Shopping,Lucknow,Android,UPI Lite,2025-11-25 12:00:00,79.99,62.58,60.27,69.65,0,Success
user3011,TXN102629,430.35,Bill Payment,Mumbai,Web,UPI AutoPay,2025-11-25 15:00:00,26.5,17.47,71.0,27.17,0,Failed
user2442,TXN102630,79.46,P2P,Pune,iOS,UPI QR,2025-11-25 18:00:00,5.3,73.28,61.71,38.95,0,Success
user6546,TXN102631,68.35,Shopping,Pune,Android,UPI AutoPay,2025-11-25 21:00:00,44.52,30.49,17.88,18.3,0,Success
user2829,TXN102632,103.91,P2M,Jaipur,Web,UPI,2025-11-26 00:00:00,73.95,48.83,54.34,45.97,0,Success
user9767,TXN102633,592.55,P2P,Ahmedabad,Web,UPI QR,2025-11-26 03:00:00,80.85,65.48,28.31,66.39,0,Success
user7468,TXN102634,465.84,Shopping,Delhi,Android,UPI AutoPay,2025-11-26 06:00:00,98.22,54.36,57.03,63.29,0,Success
user1929,TXN102635,160.56,P2M,Kolkata,Android,UPI Lite,2025-11-26 09:00:00,18.94,66.22,12.55,42.96,0,Success
user4699,TXN102636,454.76,Bank Transfer,Chennai,iOS,UPI Lite,2025-11-26 12:00:00,29.38,32.26,23.2,27.84,0,Success
user2054,TXN102637,15.35,P2P,Kolkata,Web,UPI Lite,2025-11-26 15:00:00,60.95,96.34,80.87,68.94,0,Pending
user6744,TXN102638,362.0,Shopping,Pune,iOS,UPI QR,2025-11-26 18:00:00,81.13,45.9,40.53,51.28,0,Success
user2900,TXN102639,53.58,Recharge,Hyderabad,Android,UPI QR,2025-11-26 21:00:00,23.41,32.19,67.38,41.82,0,Success
user7980,TXN102640,960.09,Bank Transfer,Chennai,iOS,UPI QR,2025-11-27 00:00:00,40.99,29.64,49.78,36.77,0,Success
user8069,TXN102641,56.59,P2M,Jaipur,Android,UPI QR,2025-11-27 03:00:00,40.84,4.27,34.07,24.5,0,Success
user4415,TXN102642,69.91,Recharge,Delhi,Web,UPI QR,2025-11-27 06:00:00,77.29,68.48,49.52,62.3,0,Success
user1442,TXN102643,287.85,Bill Payment,Jaipur,Android,UPI AutoPay,2025-11-27 09:00:00,24.09,26.25,81.37,27.82,0,Success
user7218,TXN102644,317.02,Bank Transfer,Lucknow,Web,UPI AutoPay,2025-11-27 12:00:00,96.88,95.89,28.16,71.03,1,Success
user5652,TXN102645,104.97,Bank Transfer,Mumbai,Android,UPI Lite,2025-11-27 15:00:00,51.05,21.04,42.14,34.58,0,Success
user8939,TXN102646,237.79,Shopping,Pune,Web,UPI AutoPay,2025-11-27 18:00:00,28.21,52.95,20.26,34.49,0,Success
user8833,TXN102647,269.18,Shopping,Hyderabad,Android,UPI AutoPay,2025-11-27 21:00:00,28.43,73.55,35.12,48.28,0,Success
user8597,TXN102648,243.01,P2M,Jaipur,iOS,UPI Lite,2025-11-28 00:00:00,1.83,87.01,88.51,47.7,0,Success
user5458,TXN102649,109.45,Bank Transfer,Chennai,Web,UPI Lite,2025-11-28 03:00:00,69.24,15.65,78.57,52.34,0,Success
user7591,TXN102650,271.84,Shopping,Pune,Android,UPI,2025-11-28 06:00:00,77.59,98.54,37.36,57.11,0,Failed
user3309,TXN102651,669.39,Bill Payment,Delhi,iOS,UPI Lite,2025-11-28 09:00:00,3.24,90.67,13.24,46.95,0,Success
user7268,TXN102652,48.16,Shopping,Hyderabad,Android,UPI AutoPay,2025-11-28 12:00:00,58.59,96.28,42.0,70.77,1,Failed
user1910,TXN102653,70.81,Bank Transfer,Ahmedabad,Android,UPI QR,2025-11-28 15:00:00,78.17,85.27,77.17,70.04,1,Success
user5340,TXN102654,168.55,P2P,Ahmedabad,iOS,UPI Lite,2025-11-28 18:00:00,37.62,87.77,4.38,41.68,0,Success
user5009,TXN102655,57.04,Recharge,Chennai,Android,UPI,2025-11-28 21:00:00,43.27,59.88,74.53,36.62,0,Success
user7628,TXN102656,27.02,Bank Transfer,Mumbai,iOS,UPI AutoPay,2025-11-29 00:00:00,36.16,84.53,67.99,59.76,0,Success
user3169,TXN102657,489.37,Bill Payment,Ahmedabad,iOS,UPI,2025-11-29 03:00:00,31.57,53.4,6.46,24.53,0,Success
user3172,TXN102658,17.66,Bank Transfer,Pune,Android,UPI,2025-11-29 06:00:00,49.11,53.82,63.56,37.87,0,Success
user6668,TXN102659,109.69,Bill Payment,Delhi,Android,UPI AutoPay,2025-11-29 09:00:00,16.61,56.26,29.87,32.79,0,Success
user7313,TXN102660,350.35,Bank Transfer,Mumbai,Android,UPI,2025-11-29 12:00:00,44.07,99.63,17.73,44.09,0,Success
user9315,TXN102661,214.15,Recharge,Kolkata,Android,UPI AutoPay,2025-11-29 15:00:00,94.18,10.44,38.49,38.94,0,Success
user9036,TXN102662,111.36,Recharge,Delhi,Web,UPI,2025-11-29 18:00:00,2.74,80.56,20.54,35.94,0,Success
user7789,TXN102663,54.74,Bill Payment,Pune,iOS,UPI QR,2025-11-29 21:00:00,16.47,27.33,82.46,46.11,0,Success
user1785,TXN102664,231.34,Bank Transfer,Pune,Android,UPI Lite,2025-11-30 00:00:00,77.77,36.12,74.2,59.02,0,Success
user7139,TXN102665,61.04,Recharge,Lucknow,Android,UPI QR,2025-11-30 03:00:00,13.21,8.05,98.08,40.49,0,Success
user7344,TXN102666,213.99,P2M,Mumbai,iOS,UPI QR,2025-11-30 06:00:00,27.13,35.16,53.41,31.45,0,Success
user3416,TXN102667,188.84,Bank Transfer,Delhi,Android,UPI,2025-11-30 09:00:00,45.48,99.08,8.92,52.4,0,Success
user9988,TXN102668,190.76,Recharge,Mumbai,Android,UPI Lite,2025-11-30 12:00:00,94.32,39.71,36.78,56.2,0,Success
user5154,TXN102669,86.46,P2P,Chennai,Android,UPI Lite,2025-11-30 15:00:00,18.35,66.97,83.86,50.84,0,Success
user6619,TXN102670,1255.15,P2P,Bengaluru,iOS,UPI Lite,2025-11-30 18:00:00,92.31,12.07,39.69,41.76,0,Success
user2936,TXN102671,234.68,P2M,Mumbai,Android,UPI,2025-11-30 21:00:00,71.85,92.25,45.57,47.68,0,Success
user4807,TXN102672,124.13,Recharge,Ahmedabad,Android,UPI QR,2025-12-01 00:00:00,67.11,82.77,41.2,68.66,0,Success
user8151,TXN102673,213.64,P2P,Pune,Web,UPI AutoPay,2025-12-01 03:00:00,72.35,38.63,23.54,41.45,0,Success
user4236,TXN102674,75.61,Bank Transfer,Lucknow,Android,UPI AutoPay,2025-12-01 06:00:00,3.12,34.85,7.32,0.47,0,Success
user3352,TXN102675,111.46,Shopping,Kolkata,iOS,UPI AutoPay,2025-12-01 09:00:00,9.89,43.23,18.06,21.07,0,Failed
user2932,TXN102676,1793.49,Recharge,Lucknow,Android,UPI Lite,2025-12-01 12:00:00,33.48,40.13,36.39,39.06,0,Failed
user9556,TXN102677,76.14,P2M,Delhi,Android,UPI AutoPay,2025-12-01 15:00:00,7.4,25.81,24.54,16.97,0,Success
user5916,TXN102678,151.75,Recharge,Chennai,Android,UPI QR,2025-12-01 18:00:00,98.76,99.08,57.27,80.76,1,Success
user6498,TXN102679,103.95,Bill Payment,Chennai,Android,UPI AutoPay,2025-12-01 21:00:00,58.04,81.05,61.39,60.87,0,Success
user1946,TXN102680,58.0,Bill Payment,Kolkata,Android,UPI Lite,2025-12-02 00:00:00,48.73,26.79,57.01,37.21,0,Success
user2439,TXN102681,249.91,P2P,Mumbai,Android,UPI Lite,2025-12-02 03:00:00,78.55,98.17,8.49,60.8,0,Success
user8730,TXN102682,170.11,Bill Payment,Mumbai,Android,UPI AutoPay,2025-12-02 06:00:00,97.7,1.55,66.69,50.59,0,Success
user5857,TXN102683,407.9,P2M,Delhi,Android,UPI Lite,2025-12-02 09:00:00,95.51,43.79,38.46,58.39,0,Success
user1340,TXN102684,368.92,P2P,Delhi,iOS,UPI AutoPay,2025-12-02 12:00:00,79.31,56.95,87.82,70.32,1,Success
user1382,TXN102685,403.71,P2M,Hyderabad,iOS,UPI Lite,2025-12-02 15:00:00,37.72,3.76,52.56,32.35,0,Success
user9491,TXN102686,65.48,Bank Transfer,Mumbai,iOS,UPI,2025-12-02 18:00:00,6.6,16.1,8.45,5.92,0,Success
user1138,TXN102687,311.36,P2M,Delhi,Android,UPI,2025-12-02 21:00:00,9.84,25.81,0.92,16.81,0,Success
user1358,TXN102688,319.03,Bill Payment,Chennai,Web,UPI QR,2025-12-03 00:00:00,0.12,72.02,70.25,42.94,0,Success
user5931,TXN102689,59.08,Bank Transfer,Bengaluru,Android,UPI,2025-12-03 03:00:00,0.19,93.97,40.05,46.99,0,Success
user4456,TXN102690,119.27,Bill Payment,Pune,Android,UPI AutoPay,2025-12-03 06:00:00,93.64,62.45,28.8,60.3,0,Success
user2627,TXN102691,38.24,P2M,Mumbai,Android,UPI Lite,2025-12-03 09:00:00,92.7,56.27,44.72,67.66,0,Success
user7626,TXN102692,320.42,Bill Payment,Hyderabad,iOS,UPI QR,2025-12-03 12:00:00,66.76,53.68,7.24,26.38,0,Success
user6004,TXN102693,318.95,Bill Payment,Pune,iOS,UPI AutoPay,2025-12-03 15:00:00,72.67,35.07,39.2,38.99,0,Success
user7652,TXN102694,685.65,Bill Payment,Ahmedabad,Android,UPI AutoPay,2025-12-03 18:00:00,51.32,82.77,31.47,59.82,0,Success
user7416,TXN102695,130.48,Recharge,Bengaluru,Android,UPI QR,2025-12-03 21:00:00,23.78,54.08,80.02,47.15,0,Success
user4170,TXN102696,257.62,Bank Transfer,Lucknow,iOS,UPI QR,2025-12-04 00:00:00,91.44,23.01,17.49,36.44,0,Success
user4835,TXN102697,440.42,Bank Transfer,Mumbai,Android,UPI AutoPay,2025-12-04 03:00:00,27.77,13.68,75.63,34.92,0,Success
user9017,TXN102698,77.18,Bank Transfer,Lucknow,Android,UPI Lite,2025-12-04 06:00:00,73.97,98.55,50.04,75.61,1,Success
user3151,TXN102699,66.29,P2M,Hyderabad,Android,UPI AutoPay,2025-12-04 09:00:00,24.54,1.75,8.19,2.66,0,Failed
user7905,TXN102700,79.61,Shopping,Mumbai,Android,UPI Lite,2025-12-04 12:00:00,87.01,93.34,96.97,84.83,1,Success
user3834,TXN102701,115.67,P2M,Hyderabad,Android,UPI QR,2025-12-04 15:00:00,65.12,21.83,73.42,63.25,0,Failed
user3567,TXN102702,68.68,Bank Transfer,Jaipur,iOS,UPI AutoPay,2025-12-04 18:00:00,64.27,65.75,26.01,43.24,0,Success
user2307,TXN102703,83.11,P2P,Hyderabad,Android,UPI,2025-12-04 21:00:00,9.74,30.15,58.18,20.81,0,Success
user9848,TXN102704,395.8,Bill Payment,Delhi,Android,UPI AutoPay,2025-12-05 00:00:00,41.95,85.98,89.99,46.56,0,Success
user3660,TXN102705,148.96,Bill Payment,Delhi,Android,UPI Lite,2025-12-05 03:00:00,52.49,54.34,93.08,55.67,0,Success
user4730,TXN102706,222.89,Shopping,Lucknow,Web,UPI AutoPay,2025-12-05 06:00:00,29.4,14.11,73.12,39.73,0,Success
user7207,TXN102707,94.56,P2P,Jaipur,Android,UPI Lite,2025-12-05 09:00:00,88.1,26.98,72.77,53.69,0,Success
user4162,TXN102708,88.56,Recharge,Hyderabad,Android,UPI,2025-12-05 12:00:00,83.77,32.03,27.74,64.25,0,Success
user2140,TXN102709,218.23,P2M,Ahmedabad,Android,UPI QR,2025-12-05 15:00:00,49.36,88.59,98.98,92.88,1,Success
user9458,TXN102710,186.06,Recharge,Lucknow,Android,UPI,2025-12-05 18:00:00,34.0,76.67,24.35,53.99,0,Success
user2708,TXN102711,357.09,P2P,Pune,Android,UPI Lite,2025-12-05 21:00:00,80.15,82.96,8.94,50.87,0,Success
user4630,TXN102712,602.8,Shopping,Delhi,Android,UPI QR,2025-12-06 00:00:00,19.69,5.23,97.74,36.28,0,Success
user4211,TXN102713,82.15,P2P,Pune,Android,UPI QR,2025-12-06 03:00:00,7.15,57.88,15.28,19.75,0,Success
user7538,TXN102714,388.07,Shopping,Pune,Android,UPI AutoPay,2025-12-06 06:00:00,4.57,99.92,52.16,40.84,0,Success
user1475,TXN102715,55.71,Recharge,Jaipur,Android,UPI,2025-12-06 09:00:00,3.87,78.52,46.82,39.13,0,Success
user8684,TXN102716,1304.77,Recharge,Lucknow,iOS,UPI Lite,2025-12-06 12:00:00,48.89,12.07,84.82,37.18,0,Success
user2207,TXN102717,74.72,P2P,Chennai,Web,UPI Lite,2025-12-06 15:00:00,25.53,67.88,39.67,26.12,0,Success
user2960,TXN102718,327.22,P2P,Lucknow,Web,UPI QR,2025-12-06 18:00:00,69.04,74.53,50.22,49.95,0,Success
user1557,TXN102719,55.3,Bill Payment,Chennai,iOS,UPI AutoPay,2025-12-06 21:00:00,65.39,51.42,4.37,41.4,0,Success
user1882,TXN102720,140.88,Shopping,Hyderabad,Android,UPI Lite,2025-12-07 00:00:00,54.2,7.88,20.78,40.08,0,Success
user5761,TXN102721,769.49,Bill Payment,Chennai,iOS,UPI AutoPay,2025-12-07 03:00:00,35.28,3.47,83.3,42.33,0,Success
user6867,TXN102722,72.41,P2M,Mumbai,iOS,UPI QR,2025-12-07 06:00:00,85.05,93.78,47.84,69.23,0,Success
user7963,TXN102723,1486.51,P2M,Hyderabad,iOS,UPI QR,2025-12-07 09:00:00,70.97,25.75,23.09,46.64,0,Success
user8166,TXN102724,163.16,P2P,Chennai,Android,UPI QR,2025-12-07 12:00:00,27.15,37.9,36.89,29.95,0,Success
user8929,TXN102725,435.16,Recharge,Ahmedabad,Android,UPI AutoPay,2025-12-07 15:00:00,50.17,79.53,28.51,56.89,0,Success
user6347,TXN102726,245.41,P2M,Pune,Web,UPI Lite,2025-12-07 18:00:00,15.63,68.93,55.62,45.84,0,Success
user8269,TXN102727,259.05,P2M,Hyderabad,Web,UPI,2025-12-07 21:00:00,32.88,96.86,5.14,25.63,0,Success
user9125,TXN102728,39.4,Bill Payment,Pune,Android,UPI AutoPay,2025-12-08 00:00:00,99.71,9.28,22.5,38.84,0,Success
user3454,TXN102729,102.22,Bill Payment,Kolkata,Web,UPI QR,2025-12-08 03:00:00,22.38,70.69,35.5,42.89,0,Success
user5494,TXN102730,542.39,P2M,Lucknow,iOS,UPI,2025-12-08 06:00:00,69.83,8.22,92.82,56.9,0,Success
user2946,TXN102731,116.24,P2P,Chennai,Android,UPI,2025-12-08 09:00:00,23.84,0.02,62.33,20.92,0,Success
user3808,TXN102732,188.45,Bill Payment,Pune,Android,UPI,2025-12-08 12:00:00,93.81,12.02,50.43,34.44,0,Success
user7642,TXN102733,34.9,P2M,Chennai,Android,UPI,2025-12-08 15:00:00,31.01,61.67,19.08,35.67,0,Success
user4825,TXN102734,95.82,Recharge,Pune,Android,UPI,2025-12-08 18:00:00,34.67,67.62,55.79,35.84,0,Success
user4536,TXN102735,504.23,Bill Payment,Ahmedabad,Web,UPI QR,2025-12-08 21:00:00,59.39,43.83,92.9,52.35,0,Success
user7068,TXN102736,45.48,P2M,Bengaluru,Android,UPI Lite,2025-12-09 00:00:00,58.81,4.61,56.63,46.08,0,Success
user4802,TXN102737,335.99,Shopping,Ahmedabad,iOS,UPI,2025-12-09 03:00:00,57.91,63.41,16.48,40.88,0,Failed
user5699,TXN102738,195.93,Bill Payment,Delhi,iOS,UPI Lite,2025-12-09 06:00:00,57.33,8.58,99.71,43.01,0,Success
user2970,TXN102739,129.55,Shopping,Chennai,Android,UPI Lite,2025-12-09 09:00:00,31.22,14.17,49.89,27.02,0,Success
user6806,TXN102740,123.97,Bill Payment,Ahmedabad,Android,UPI AutoPay,2025-12-09 12:00:00,43.44,51.26,31.96,45.19,0,Success
user7142,TXN102741,100.38,Bill Payment,Mumbai,iOS,UPI QR,2025-12-09 15:00:00,59.34,34.04,50.34,42.02,0,Pending
user3819,TXN102742,109.73,Bank Transfer,Chennai,Android,UPI,2025-12-09 18:00:00,67.13,46.48,26.37,54.53,0,Success
user1364,TXN102743,415.61,Bank Transfer,Jaipur,iOS,UPI Lite,2025-12-09 21:00:00,25.31,63.51,3.04,23.06,0,Success
user5258,TXN102744,106.48,Shopping,Lucknow,Android,UPI AutoPay,2025-12-10 00:00:00,70.15,16.0,88.95,44.51,0,Success
user4119,TXN102745,999.84,P2P,Lucknow,Android,UPI Lite,2025-12-10 03:00:00,92.33,89.31,42.89,75.13,1,Success
user2863,TXN102746,221.3,P2M,Delhi,Android,UPI,2025-12-10 06:00:00,75.79,55.95,75.29,57.69,0,Success
user1115,TXN102747,92.18,P2P,Mumbai,Android,UPI QR,2025-12-10 09:00:00,8.42,2.21,97.13,31.44,0,Success
user8084,TXN102748,434.14,P2P,Delhi,Android,UPI QR,2025-12-10 12:00:00,46.91,62.85,63.26,68.0,0,Success
user9016,TXN102749,306.1,Bank Transfer,Hyderabad,Web,UPI,2025-12-10 15:00:00,43.53,46.32,69.16,38.16,0,Success
user3384,TXN102750,31.37,P2M,Chennai,Android,UPI Lite,2025-12-10 18:00:00,33.65,70.16,94.32,58.76,0,Failed
user4935,TXN102751,58.3,Bank Transfer,Mumbai,Web,UPI AutoPay,2025-12-10 21:00:00,49.13,78.4,51.66,60.21,0,Success
user8742,TXN102752,146.14,Bank Transfer,Kolkata,Web,UPI QR,2025-12-11 00:00:00,43.96,93.88,31.99,47.23,0,Success
user6442,TXN102753,33.66,Bank Transfer,Pune,Web,UPI QR,2025-12-11 03:00:00,0.62,99.83,92.14,53.36,0,Success
user3490,TXN102754,1326.81,Recharge,Jaipur,Android,UPI Lite,2025-12-11 06:00:00,23.66,54.96,6.9,13.05,0,Success
user7980,TXN102755,373.24,P2P,Chennai,iOS,UPI Lite,2025-12-11 09:00:00,21.38,56.15,21.46,30.42,0,Success
user8661,TXN102756,161.85,P2P,Jaipur,Android,UPI Lite,2025-12-11 12:00:00,34.93,2.24,34.13,14.79,0,Success
user2724,TXN102757,116.43,P2P,Mumbai,Android,UPI AutoPay,2025-12-11 15:00:00,17.45,86.52,78.21,44.97,0,Success
user9182,TXN102758,90.05,Recharge,Pune,iOS,UPI Lite,2025-12-11 18:00:00,6.78,2.87,90.39,24.56,0,Success
user3767,TXN102759,23.01,Bill Payment,Delhi,Android,UPI AutoPay,2025-12-11 21:00:00,19.66,63.27,45.18,34.06,0,Success
user2137,TXN102760,29.0,Shopping,Chennai,Web,UPI,2025-12-12 00:00:00,85.42,9.86,28.61,31.39,0,Success
user5117,TXN102761,1097.86,Shopping,Pune,iOS,UPI AutoPay,2025-12-12 03:00:00,79.7,28.58,35.32,58.44,0,Success
user4420,TXN102762,791.24,Recharge,Jaipur,Android,UPI Lite,2025-12-12 06:00:00,44.21,14.03,65.65,38.71,0,Success
user6845,TXN102763,92.22,P2P,Bengaluru,Android,UPI AutoPay,2025-12-12 09:00:00,87.78,13.74,15.8,41.74,0,Success
user5778,TXN102764,406.67,Shopping,Mumbai,iOS,UPI AutoPay,2025-12-12 12:00:00,23.27,7.46,54.74,20.93,0,Success
user4906,TXN102765,272.17,Recharge,Mumbai,Android,UPI AutoPay,2025-12-12 15:00:00,58.42,31.79,58.84,44.81,0,Success
user4637,TXN102766,306.22,Bank Transfer,Jaipur,iOS,UPI QR,2025-12-12 18:00:00,14.29,42.37,70.79,21.43,0,Success
user3953,TXN102767,39.44,P2M,Jaipur,Android,UPI Lite,2025-12-12 21:00:00,83.34,46.45,60.39,50.61,0,Success
user6929,TXN102768,26.89,Shopping,Hyderabad,Android,UPI AutoPay,2025-12-13 00:00:00,13.06,43.97,9.7,30.68,0,Success
user1276,TXN102769,535.18,P2M,Delhi,Android,UPI Lite,2025-12-13 03:00:00,3.19,52.37,68.88,39.47,0,Success
user2999,TXN102770,22.66,P2P,Jaipur,Android,UPI,2025-12-13 06:00:00,27.34,85.98,2.17,32.57,0,Success
user2227,TXN102771,141.43,Shopping,Ahmedabad,Android,UPI AutoPay,2025-12-13 09:00:00,90.09,63.18,39.03,63.27,0,Success
user7337,TXN102772,113.56,Recharge,Lucknow,Android,UPI AutoPay,2025-12-13 12:00:00,12.95,1.73,41.71,3.46,0,Success
user4735,TXN102773,103.53,Bill Payment,Lucknow,Android,UPI,2025-12-13 15:00:00,33.07,17.3,11.66,17.06,0,Pending
user1695,TXN102774,224.63,Shopping,Chennai,iOS,UPI Lite,2025-12-13 18:00:00,31.64,34.89,0.99,22.26,0,Success
user5152,TXN102775,83.3,Shopping,Kolkata,Android,UPI,2025-12-13 21:00:00,80.16,94.9,7.12,64.0,0,Success
user8901,TXN102776,243.65,Shopping,Chennai,Android,UPI,2025-12-14 00:00:00,42.15,7.81,44.63,23.08,0,Success
user8470,TXN102777,188.89,Shopping,Hyderabad,Android,UPI,2025-12-14 03:00:00,61.16,71.01,24.04,49.39,0,Success
user8537,TXN102778,1337.73,Recharge,Pune,Android,UPI,2025-12-14 06:00:00,40.44,3.31,6.9,17.82,0,Success
user3841,TXN102779,41.04,Recharge,Kolkata,Android,UPI Lite,2025-12-14 09:00:00,55.15,36.25,25.64,39.3,0,Success
user5208,TXN102780,168.89,Bill Payment,Pune,Android,UPI AutoPay,2025-12-14 12:00:00,6.24,77.01,52.88,40.5,0,Success
user9733,TXN102781,252.48,Recharge,Lucknow,Android,UPI,2025-12-14 15:00:00,37.4,34.39,74.21,42.17,0,Success
user2088,TXN102782,126.93,Recharge,Lucknow,Android,UPI,2025-12-14 18:00:00,85.51,43.03,41.2,55.78,0,Success
user4363,TXN102783,43.07,P2P,Lucknow,Android,UPI QR,2025-12-14 21:00:00,69.11,90.53,61.31,62.55,0,Success
user1024,TXN102784,576.57,P2P,Jaipur,Android,UPI Lite,2025-12-15 00:00:00,98.18,6.62,59.68,48.76,0,Success
user7144,TXN102785,229.74,P2M,Hyderabad,Android,UPI,2025-12-15 03:00:00,78.79,52.77,89.63,55.31,0,Success
user6668,TXN102786,46.21,Bill Payment,Ahmedabad,iOS,UPI QR,2025-12-15 06:00:00,45.15,36.62,17.94,36.29,0,Success
user5236,TXN102787,254.34,P2P,Chennai,Android,UPI,2025-12-15 09:00:00,67.63,96.38,47.64,64.07,0,Success
user9068,TXN102788,899.25,Bill Payment,Pune,iOS,UPI Lite,2025-12-15 12:00:00,77.59,79.37,63.18,61.0,0,Success
user3235,TXN102789,158.17,Bill Payment,Bengaluru,iOS,UPI QR,2025-12-15 15:00:00,26.97,12.21,51.97,20.88,0,Success
user8295,TXN102790,163.66,Shopping,Chennai,Android,UPI QR,2025-12-15 18:00:00,6.0,92.74,45.03,53.06,0,Success
user9392,TXN102791,786.82,Bank Transfer,Mumbai,Web,UPI Lite,2025-12-15 21:00:00,40.58,21.12,97.35,44.63,0,Success
user9448,TXN102792,62.15,Bank Transfer,Delhi,Android,UPI QR,2025-12-16 00:00:00,14.47,8.48,94.2,34.23,0,Success
user4747,TXN102793,922.93,Bank Transfer,Kolkata,Web,UPI QR,2025-12-16 03:00:00,27.72,54.16,61.15,39.5,0,Success
user4175,TXN102794,433.94,Bill Payment,Pune,Android,UPI,2025-12-16 06:00:00,94.68,73.66,43.96,59.06,0,Success
user5897,TXN102795,65.09,Shopping,Hyderabad,Android,UPI QR,2025-12-16 09:00:00,84.71,71.61,75.54,70.43,1,Success
user6037,TXN102796,84.08,P2M,Lucknow,Android,UPI AutoPay,2025-12-16 12:00:00,59.25,53.41,51.29,57.46,0,Success
user8427,TXN102797,97.05,P2M,Mumbai,Web,UPI Lite,2025-12-16 15:00:00,40.13,49.27,99.56,64.24,0,Success
user9605,TXN102798,26.22,Bank Transfer,Delhi,Android,UPI,2025-12-16 18:00:00,26.43,96.95,68.59,65.07,0,Success
user3014,TXN102799,212.83,P2M,Pune,iOS,UPI QR,2025-12-16 21:00:00,57.15,82.06,6.82,51.33,0,Success
user2381,TXN102800,68.11,Shopping,Ahmedabad,iOS,UPI AutoPay,2025-12-17 00:00:00,53.32,69.86,40.19,53.76,0,Success
user2098,TXN102801,220.64,Bank Transfer,Lucknow,Android,UPI,2025-12-17 03:00:00,78.08,19.52,73.03,45.5,0,Success
user4426,TXN102802,45.11,Shopping,Pune,Android,UPI Lite,2025-12-17 06:00:00,92.8,81.98,84.24,78.77,1,Success
user4655,TXN102803,412.82,P2M,Bengaluru,Android,UPI QR,2025-12-17 09:00:00,32.89,74.98,81.34,62.18,0,Success
user8938,TXN102804,342.96,Bank Transfer,Bengaluru,Android,UPI Lite,2025-12-17 12:00:00,20.63,99.2,97.72,72.15,1,Success
user1187,TXN102805,80.97,Shopping,Hyderabad,iOS,UPI Lite,2025-12-17 15:00:00,40.28,13.3,48.91,30.01,0,Success
user6409,TXN102806,235.01,Recharge,Bengaluru,Web,UPI QR,2025-12-17 18:00:00,43.75,71.53,14.01,37.85,0,Success
user3092,TXN102807,178.2,Recharge,Ahmedabad,iOS,UPI QR,2025-12-17 21:00:00,3.99,97.91,65.22,41.0,0,Success
user3130,TXN102808,722.2,Shopping,Hyderabad,Web,UPI,2025-12-18 00:00:00,86.17,46.26,7.07,47.24,0,Success
user6242,TXN102809,58.41,Shopping,Kolkata,Android,UPI Lite,2025-12-18 03:00:00,99.56,73.34,97.35,89.54,1,Success
user9549,TXN102810,140.85,P2P,Ahmedabad,Android,UPI QR,2025-12-18 06:00:00,92.32,97.54,75.85,77.4,1,Success
user6647,TXN102811,86.43,P2P,Hyderabad,iOS,UPI Lite,2025-12-18 09:00:00,86.07,54.75,98.21,75.96,1,Success
user6185,TXN102812,171.54,Bill Payment,Ahmedabad,iOS,UPI QR,2025-12-18 12:00:00,99.26,69.9,37.73,73.65,1,Success
user6776,TXN102813,279.58,Bank Transfer,Bengaluru,Android,UPI Lite,2025-12-18 15:00:00,90.78,2.01,1.58,30.54,0,Success
user8913,TXN102814,85.47,Bill Payment,Kolkata,Android,UPI,2025-12-18 18:00:00,68.84,51.97,52.13,51.68,0,Success
user8547,TXN102815,113.97,Bill Payment,Ahmedabad,iOS,UPI Lite,2025-12-18 21:00:00,16.68,25.58,12.12,25.69,0,Success
user8823,TXN102816,430.97,P2M,Kolkata,Android,UPI QR,2025-12-19 00:00:00,15.64,13.12,67.96,29.87,0,Success
user8355,TXN102817,637.35,Recharge,Delhi,Android,UPI AutoPay,2025-12-19 03:00:00,4.88,70.86,49.76,48.09,0,Success
user7465,TXN102818,268.68,P2M,Ahmedabad,iOS,UPI,2025-12-19 06:00:00,41.18,3.91,75.34,35.38,0,Success
user2497,TXN102819,142.88,Bank Transfer,Chennai,Web,UPI,2025-12-19 09:00:00,80.88,90.49,29.11,71.24,1,Success
user3555,TXN102820,129.92,Shopping,Lucknow,iOS,UPI AutoPay,2025-12-19 12:00:00,49.03,51.78,82.92,45.72,0,Success
user6409,TXN102821,283.76,P2P,Bengaluru,iOS,UPI QR,2025-12-19 15:00:00,36.63,64.82,65.08,54.63,0,Success
user3951,TXN102822,205.98,Bank Transfer,Pune,Android,UPI,2025-12-19 18:00:00,10.92,25.34,98.77,33.88,0,Success
user2238,TXN102823,31.53,Shopping,Kolkata,iOS,UPI AutoPay,2025-12-19 21:00:00,5.18,18.22,17.86,2.91,0,Pending
user5727,TXN102824,290.73,Bank Transfer,Bengaluru,Android,UPI AutoPay,2025-12-20 00:00:00,39.92,24.38,5.12,19.96,0,Success
user4965,TXN102825,69.37,Shopping,Mumbai,Web,UPI Lite,2025-12-20 03:00:00,9.99,23.23,85.1,30.95,0,Success
user6686,TXN102826,39.77,P2P,Chennai,Android,UPI Lite,2025-12-20 06:00:00,10.35,86.45,33.85,42.21,0,Success
user4701,TXN102827,30.93,Shopping,Bengaluru,Android,UPI QR,2025-12-20 09:00:00,39.53,78.73,43.12,47.64,0,Success
user3780,TXN102828,132.14,Bill Payment,Lucknow,iOS,UPI AutoPay,2025-12-20 12:00:00,50.28,85.27,92.57,53.4,0,Success
user8398,TXN102829,59.35,Bank Transfer,Chennai,Android,UPI Lite,2025-12-20 15:00:00,18.67,73.49,44.07,37.51,0,Success
user2588,TXN102830,16.02,P2P,Lucknow,Web,UPI QR,2025-12-20 18:00:00,68.46,64.36,29.8,50.81,0,Success
user3368,TXN102831,114.61,Shopping,Bengaluru,Android,UPI,2025-12-20 21:00:00,41.87,52.79,5.95,36.79,0,Success
user6789,TXN102832,100.43,Bill Payment,Chennai,Android,UPI Lite,2025-12-21 00:00:00,9.19,26.55,44.29,29.03,0,Failed
user1436,TXN102833,141.19,Bill Payment,Pune,Android,UPI QR,2025-12-21 03:00:00,63.7,70.54,65.5,55.17,0,Success
user3828,TXN102834,87.45,Recharge,Pune,iOS,UPI Lite,2025-12-21 06:00:00,35.69,13.66,26.92,18.41,0,Success
user2556,TXN102835,1021.81,Bill Payment,Lucknow,iOS,UPI,2025-12-21 09:00:00,5.23,51.11,71.78,31.59,0,Success
user8570,TXN102836,275.16,P2M,Lucknow,Android,UPI,2025-12-21 12:00:00,94.8,19.53,47.83,44.75,0,Success
user8480,TXN102837,99.52,P2P,Delhi,Android,UPI Lite,2025-12-21 15:00:00,57.12,50.48,85.81,45.44,0,Success
user1182,TXN102838,153.91,P2P,Pune,Web,UPI,2025-12-21 18:00:00,47.77,29.39,16.17,33.27,0,Success
user8190,TXN102839,674.95,P2P,Pune,Android,UPI QR,2025-12-21 21:00:00,85.91,5.35,75.71,70.32,1,Success
user7687,TXN102840,426.93,Shopping,Kolkata,Android,UPI Lite,2025-12-22 00:00:00,93.67,50.37,93.26,78.15,1,Success
user6565,TXN102841,40.6,Bank Transfer,Hyderabad,Android,UPI Lite,2025-12-22 03:00:00,22.03,18.18,74.14,38.61,0,Success
user8241,TXN102842,61.91,Shopping,Ahmedabad,iOS,UPI,2025-12-22 06:00:00,81.01,16.12,40.59,46.69,0,Success
user8651,TXN102843,75.05,P2M,Kolkata,Android,UPI QR,2025-12-22 09:00:00,83.11,38.44,23.05,37.1,0,Success
user6575,TXN102844,105.67,Bank Transfer,Lucknow,Android,UPI Lite,2025-12-22 12:00:00,5.44,36.18,9.84,13.27,0,Success
user2589,TXN102845,90.43,Bill Payment,Jaipur,Web,UPI Lite,2025-12-22 15:00:00,71.19,86.7,64.24,72.05,1,Success
user9851,TXN102846,169.7,Shopping,Ahmedabad,Android,UPI,2025-12-22 18:00:00,6.3,56.46,14.29,14.12,0,Success
user1159,TXN102847,342.31,Bank Transfer,Jaipur,Android,UPI,2025-12-22 21:00:00,59.47,85.46,83.83,64.72,0,Success
user7555,TXN102848,404.5,Bill Payment,Mumbai,Android,UPI QR,2025-12-23 00:00:00,66.92,14.68,96.07,43.49,0,Success
user9244,TXN102849,118.3,Bank Transfer,Lucknow,Web,UPI QR,2025-12-23 03:00:00,36.71,35.73,13.58,23.72,0,Success
user7846,TXN102850,31.99,Bill Payment,Bengaluru,iOS,UPI,2025-12-23 06:00:00,88.08,55.53,37.61,70.85,1,Success
user3307,TXN102851,57.95,Bank Transfer,Hyderabad,Android,UPI QR,2025-12-23 09:00:00,80.05,15.31,93.73,67.52,0,Success
user2228,TXN102852,97.54,Shopping,Jaipur,iOS,UPI AutoPay,2025-12-23 12:00:00,92.6,12.81,47.07,49.35,0,Success
user8226,TXN102853,47.23,Shopping,Ahmedabad,Android,UPI AutoPay,2025-12-23 15:00:00,31.49,66.14,53.54,55.29,0,Failed
user6590,TXN102854,513.3,P2M,Lucknow,Web,UPI,2025-12-23 18:00:00,2.15,65.38,74.75,44.78,0,Success
user7919,TXN102855,50.42,Recharge,Kolkata,Android,UPI Lite,2025-12-23 21:00:00,81.15,23.42,21.05,39.03,0,Success
user6585,TXN102856,304.01,P2P,Delhi,iOS,UPI,2025-12-24 00:00:00,22.3,22.71,97.91,31.07,0,Failed
user7046,TXN102857,30.51,Shopping,Chennai,Android,UPI,2025-12-24 03:00:00,46.72,74.54,78.09,55.85,0,Success
user5945,TXN102858,316.46,Shopping,Pune,Android,UPI,2025-12-24 06:00:00,81.73,11.7,16.14,34.77,0,Success
user8927,TXN102859,142.7,Bill Payment,Hyderabad,iOS,UPI Lite,2025-12-24 09:00:00,21.61,92.33,11.11,35.58,0,Failed
user8016,TXN102860,744.36,Recharge,Hyderabad,Android,UPI AutoPay,2025-12-24 12:00:00,31.19,94.37,93.5,63.3,0,Success
user8758,TXN102861,52.9,Shopping,Pune,iOS,UPI QR,2025-12-24 15:00:00,43.91,87.1,68.5,51.45,0,Success
user6086,TXN102862,93.31,Bank Transfer,Pune,iOS,UPI AutoPay,2025-12-24 18:00:00,27.18,21.07,3.86,7.93,0,Failed
user8161,TXN102863,113.25,Recharge,Pune,Android,UPI QR,2025-12-24 21:00:00,46.13,1.68,14.2,10.93,0,Success
user2884,TXN102864,140.82,P2P,Delhi,Android,UPI QR,2025-12-25 00:00:00,0.96,93.67,4.78,33.03,0,Success
user2809,TXN102865,116.05,Bank Transfer,Mumbai,Web,UPI,2025-12-25 03:00:00,21.22,34.4,97.41,35.63,0,Success
user4167,TXN102866,118.31,Bill Payment,Delhi,Android,UPI,2025-12-25 06:00:00,83.26,31.04,49.79,52.61,0,Success
user7352,TXN102867,116.39,P2M,Kolkata,Android,UPI QR,2025-12-25 09:00:00,41.35,26.17,46.21,34.44,0,Failed
user7056,TXN102868,20.67,Bank Transfer,Mumbai,iOS,UPI Lite,2025-12-25 12:00:00,63.64,24.45,95.58,55.96,0,Success
user3437,TXN102869,442.9,P2P,Chennai,Web,UPI Lite,2025-12-25 15:00:00,23.23,73.46,50.46,41.26,0,Success
user7468,TXN102870,2867.33,Bank Transfer,Pune,Android,UPI Lite,2025-12-25 18:00:00,64.99,90.79,51.78,61.0,0,Success
user6951,TXN102871,221.02,Recharge,Delhi,Android,UPI Lite,2025-12-25 21:00:00,100.0,78.61,98.41,95.75,1,Success
user6276,TXN102872,52.68,Recharge,Bengaluru,iOS,UPI,2025-12-26 00:00:00,59.53,67.41,11.14,39.04,0,Failed
user9859,TXN102873,58.29,P2P,Kolkata,Android,UPI AutoPay,2025-12-26 03:00:00,62.84,28.78,98.58,68.93,0,Success
user8818,TXN102874,302.83,Recharge,Chennai,Android,UPI AutoPay,2025-12-26 06:00:00,11.15,54.7,16.57,15.69,0,Pending
user5728,TXN102875,241.16,Bank Transfer,Chennai,Web,UPI QR,2025-12-26 09:00:00,40.34,23.7,47.29,26.44,0,Success
user3624,TXN102876,123.43,P2M,Ahmedabad,Android,UPI Lite,2025-12-26 12:00:00,86.07,11.15,33.76,29.59,0,Success
user6738,TXN102877,348.42,Bank Transfer,Ahmedabad,Android,UPI,2025-12-26 15:00:00,83.43,12.03,95.54,57.97,0,Success
user5232,TXN102878,20.82,P2M,Chennai,Android,UPI,2025-12-26 18:00:00,52.24,60.38,48.55,53.14,0,Failed
user6793,TXN102879,348.65,Recharge,Mumbai,Android,UPI,2025-12-26 21:00:00,90.35,3.85,2.3,23.73,0,Success
user5523,TXN102880,208.05,Bank Transfer,Lucknow,Android,UPI QR,2025-12-27 00:00:00,14.29,97.33,22.17,40.37,0,Success
user6571,TXN102881,60.59,Recharge,Kolkata,Android,UPI,2025-12-27 03:00:00,65.82,99.55,43.08,60.91,0,Success
user3224,TXN102882,39.12,P2M,Ahmedabad,iOS,UPI QR,2025-12-27 06:00:00,24.89,14.94,67.64,15.63,0,Success
user9389,TXN102883,185.18,Recharge,Hyderabad,iOS,UPI QR,2025-12-27 09:00:00,64.56,42.73,56.19,49.11,0,Success
user7091,TXN102884,669.97,Shopping,Pune,Android,UPI QR,2025-12-27 12:00:00,8.74,76.81,84.99,55.13,0,Success
user9662,TXN102885,130.57,Bill Payment,Kolkata,Android,UPI QR,2025-12-27 15:00:00,94.36,95.51,82.84,92.91,1,Success
user7361,TXN102886,69.92,Bank Transfer,Chennai,iOS,UPI,2025-12-27 18:00:00,78.63,89.13,59.05,57.48,0,Success
user2948,TXN102887,198.6,Shopping,Chennai,Android,UPI,2025-12-27 21:00:00,20.1,25.48,57.13,36.51,0,Success
user8094,TXN102888,1013.2,Recharge,Bengaluru,Android,UPI AutoPay,2025-12-28 00:00:00,63.73,8.52,27.82,39.45,0,Success
user7318,TXN102889,252.47,Recharge,Lucknow,iOS,UPI,2025-12-28 03:00:00,75.91,28.87,95.79,57.09,0,Success
user4796,TXN102890,281.29,Bill Payment,Pune,Android,UPI Lite,2025-12-28 06:00:00,20.94,43.72,7.69,10.88,0,Success
user1234,TXN102891,557.13,Recharge,Hyderabad,Android,UPI Lite,2025-12-28 09:00:00,9.33,35.99,39.7,27.43,0,Success
user4607,TXN102892,263.11,Bill Payment,Jaipur,Web,UPI QR,2025-12-28 12:00:00,35.18,77.39,66.08,40.69,0,Success
user9043,TXN102893,75.12,Bank Transfer,Ahmedabad,Android,UPI QR,2025-12-28 15:00:00,13.58,25.78,94.57,38.48,0,Success
user1522,TXN102894,28.66,P2M,Bengaluru,Android,UPI QR,2025-12-28 18:00:00,56.57,85.86,50.15,54.03,0,Success
user6904,TXN102895,65.26,Bill Payment,Chennai,Android,UPI AutoPay,2025-12-28 21:00:00,42.41,22.56,89.59,38.19,0,Success
user5888,TXN102896,54.34,Bill Payment,Lucknow,Android,UPI QR,2025-12-29 00:00:00,46.24,36.14,10.48,31.74,0,Success
user6832,TXN102897,317.13,Shopping,Mumbai,iOS,UPI AutoPay,2025-12-29 03:00:00,54.29,44.78,53.16,62.49,0,Success
user8122,TXN102898,364.43,Recharge,Bengaluru,iOS,UPI QR,2025-12-29 06:00:00,98.21,29.12,31.61,61.95,0,Success
user6842,TXN102899,195.5,Bank Transfer,Lucknow,Android,UPI Lite,2025-12-29 09:00:00,79.26,76.64,79.57,70.96,1,Success
user2316,TXN102900,46.12,P2M,Kolkata,Android,UPI QR,2025-12-29 12:00:00,62.95,40.95,44.5,47.59,0,Success
user2124,TXN102901,979.06,P2P,Kolkata,Web,UPI,2025-12-29 15:00:00,36.37,88.7,47.53,52.42,0,Success
user6621,TXN102902,108.18,Bill Payment,Delhi,Android,UPI QR,2025-12-29 18:00:00,2.71,96.36,6.48,29.66,0,Success
user6423,TXN102903,299.91,P2P,Bengaluru,Android,UPI,2025-12-29 21:00:00,11.65,85.98,43.8,52.69,0,Success
user3587,TXN102904,172.32,Recharge,Kolkata,Android,UPI,2025-12-30 00:00:00,73.09,52.26,8.08,45.61,0,Failed
user6672,TXN102905,202.08,Bill Payment,Chennai,Android,UPI,2025-12-30 03:00:00,36.92,50.98,29.96,39.79,0,Success
user2378,TXN102906,289.51,P2P,Kolkata,Android,UPI,2025-12-30 06:00:00,33.44,21.59,12.69,24.79,0,Success
user4374,TXN102907,81.78,Shopping,Lucknow,Android,UPI AutoPay,2025-12-30 09:00:00,88.9,59.23,33.45,56.99,0,Pending
user2519,TXN102908,605.11,P2P,Jaipur,iOS,UPI AutoPay,2025-12-30 12:00:00,48.45,95.27,22.74,45.13,0,Success
user6777,TXN102909,33.8,Shopping,Ahmedabad,iOS,UPI QR,2025-12-30 15:00:00,89.96,8.06,28.52,35.05,0,Success
user8935,TXN102910,58.06,P2M,Chennai,Android,UPI QR,2025-12-30 18:00:00,88.66,75.25,14.84,59.64,0,Success
user7093,TXN102911,597.31,Recharge,Pune,Android,UPI AutoPay,2025-12-30 21:00:00,8.02,86.95,43.96,45.27,0,Success
user9418,TXN102912,295.9,Bank Transfer,Lucknow,Android,UPI QR,2025-12-31 00:00:00,94.54,98.67,49.76,67.32,0,Success
user6355,TXN102913,2080.56,P2P,Jaipur,Android,UPI QR,2025-12-31 03:00:00,7.7,33.48,83.66,32.98,0,Success
user5968,TXN102914,175.62,Bill Payment,Kolkata,Android,UPI AutoPay,2025-12-31 06:00:00,96.35,35.56,53.88,54.4,0,Success
user6574,TXN102915,898.23,Recharge,Hyderabad,Android,UPI AutoPay,2025-12-31 09:00:00,45.26,22.98,22.88,23.67,0,Success
user5072,TXN102916,25.6,P2P,Delhi,Android,UPI QR,2025-12-31 12:00:00,76.09,78.91,73.59,54.36,0,Success
user3257,TXN102917,39.9,Bill Payment,Jaipur,Android,UPI AutoPay,2025-12-31 15:00:00,70.61,14.0,29.72,27.22,0,Success
user9588,TXN102918,401.63,Bill Payment,Kolkata,Web,UPI Lite,2025-12-31 18:00:00,51.85,26.78,75.64,45.6,0,Success
user5424,TXN102919,28.78,Bank Transfer,Jaipur,Android,UPI,2025-12-31 21:00:00,61.95,29.53,38.72,44.23,0,Success
user4237,TXN102920,134.64,Bank Transfer,Jaipur,Android,UPI,2026-01-01 00:00:00,94.99,37.49,51.37,52.79,0,Success
user4893,TXN102921,527.0,Bill Payment,Lucknow,Android,UPI Lite,2026-01-01 03:00:00,92.74,42.17,50.38,61.93,0,Success
user3005,TXN102922,270.74,Bank Transfer,Hyderabad,Android,UPI Lite,2026-01-01 06:00:00,65.43,55.9,95.56,64.76,0,Failed
user3016,TXN102923,165.85,Bill Payment,Kolkata,iOS,UPI QR,2026-01-01 09:00:00,65.77,94.84,15.37,60.52,0,Success
user2772,TXN102924,104.68,P2P,Hyderabad,Android,UPI QR,2026-01-01 12:00:00,24.69,24.73,93.86,51.28,0,Success
user9353,TXN102925,200.78,P2M,Bengaluru,iOS,UPI,2026-01-01 15:00:00,82.86,77.92,56.2,60.67,0,Success
user4976,TXN102926,292.14,Bank Transfer,Lucknow,Android,UPI QR,2026-01-01 18:00:00,63.26,67.64,99.37,64.49,0,Success
user2751,TXN102927,84.7,Shopping,Ahmedabad,iOS,UPI,2026-01-01 21:00:00,82.62,11.61,57.31,38.29,0,Success
user9967,TXN102928,237.87,Shopping,Ahmedabad,Android,UPI QR,2026-01-02 00:00:00,65.79,81.04,65.64,74.8,1,Success
user8430,TXN102929,482.23,Shopping,Jaipur,Android,UPI QR,2026-01-02 03:00:00,29.93,9.06,74.96,29.84,0,Success
user8170,TXN102930,131.3,P2M,Chennai,Android,UPI,2026-01-02 06:00:00,18.95,73.89,82.18,51.27,0,Success
user7469,TXN102931,175.58,Bill Payment,Delhi,Android,UPI Lite,2026-01-02 09:00:00,7.7,71.58,47.76,40.99,0,Success
user4220,TXN102932,266.08,Bill Payment,Bengaluru,Android,UPI Lite,2026-01-02 12:00:00,58.6,68.94,67.86,68.7,0,Success
user1539,TXN102933,284.67,Recharge,Lucknow,Android,UPI QR,2026-01-02 15:00:00,28.41,27.67,61.49,23.78,0,Success
user2461,TXN102934,394.83,Shopping,Chennai,iOS,UPI Lite,2026-01-02 18:00:00,63.05,57.34,40.71,56.81,0,Success
user6184,TXN102935,59.48,Shopping,Mumbai,Android,UPI QR,2026-01-02 21:00:00,5.87,76.16,82.08,31.89,0,Success
user9547,TXN102936,96.65,Bill Payment,Delhi,Android,UPI AutoPay,2026-01-03 00:00:00,37.57,63.76,19.24,29.29,0,Success
user1234,TXN102937,100.3,Shopping,Ahmedabad,Android,UPI AutoPay,2026-01-03 03:00:00,26.06,80.43,16.71,36.08,0,Success
user2548,TXN102938,66.43,Bill Payment,Ahmedabad,Android,UPI AutoPay,2026-01-03 06:00:00,37.03,68.79,73.64,52.0,0,Success
user8480,TXN102939,27.16,Bill Payment,Chennai,Android,UPI Lite,2026-01-03 09:00:00,5.43,27.44,63.75,36.78,0,Success
user5213,TXN102940,6.33,Bank Transfer,Bengaluru,Android,UPI Lite,2026-01-03 12:00:00,72.42,15.31,31.77,38.23,0,Success
user2673,TXN102941,542.1,Bill Payment,Delhi,Android,UPI,2026-01-03 15:00:00,11.67,63.2,63.51,39.74,0,Success
user7708,TXN102942,34.68,P2P,Chennai,iOS,UPI Lite,2026-01-03 18:00:00,1.44,75.98,77.06,43.96,0,Success
user8982,TXN102943,785.65,P2P,Mumbai,iOS,UPI QR,2026-01-03 21:00:00,94.63,14.23,21.7,52.36,0,Success
user3100,TXN102944,343.58,P2P,Lucknow,Android,UPI,2026-01-04 00:00:00,19.29,17.48,58.14,22.19,0,Success
user4748,TXN102945,109.32,P2P,Chennai,Android,UPI Lite,2026-01-04 03:00:00,82.81,1.21,82.47,38.69,0,Success
user4173,TXN102946,303.82,P2M,Jaipur,Android,UPI,2026-01-04 06:00:00,96.45,53.17,41.12,61.26,0,Success
user2815,TXN102947,250.92,Recharge,Kolkata,Android,UPI Lite,2026-01-04 09:00:00,53.41,54.23,57.17,50.35,0,Success
user4841,TXN102948,54.5,Recharge,Jaipur,Android,UPI QR,2026-01-04 12:00:00,52.61,50.01,7.85,34.23,0,Success
user9016,TXN102949,161.58,Bill Payment,Delhi,Android,UPI AutoPay,2026-01-04 15:00:00,36.74,31.6,83.05,54.91,0,Success
user8011,TXN102950,61.57,Shopping,Hyderabad,Android,UPI AutoPay,2026-01-04 18:00:00,42.56,42.78,79.61,53.68,0,Success
user5493,TXN102951,315.49,P2P,Jaipur,Android,UPI QR,2026-01-04 21:00:00,48.21,76.62,45.63,38.58,0,Success
user1674,TXN102952,80.22,Recharge,Kolkata,Android,UPI,2026-01-05 00:00:00,15.21,18.18,11.92,10.4,0,Success
user9088,TXN102953,148.91,Recharge,Jaipur,Android,UPI AutoPay,2026-01-05 03:00:00,36.47,20.15,66.04,39.1,0,Success
user9578,TXN102954,142.62,P2P,Chennai,Android,UPI Lite,2026-01-05 06:00:00,81.61,66.7,57.3,66.13,0,Success
user3158,TXN102955,185.23,P2M,Kolkata,Android,UPI Lite,2026-01-05 09:00:00,18.24,86.69,91.95,63.48,0,Success
user3661,TXN102956,864.85,P2M,Lucknow,iOS,UPI,2026-01-05 12:00:00,72.99,34.04,27.98,55.06,0,Success
user3064,TXN102957,128.9,Recharge,Hyderabad,iOS,UPI,2026-01-05 15:00:00,65.16,93.27,3.23,54.67,0,Failed
user4253,TXN102958,554.42,P2M,Chennai,Android,UPI QR,2026-01-05 18:00:00,5.73,5.77,25.47,15.49,0,Success
user5979,TXN102959,265.07,Bank Transfer,Mumbai,Android,UPI AutoPay,2026-01-05 21:00:00,2.24,11.85,42.79,5.92,0,Success
user8703,TXN102960,677.5,P2P,Mumbai,Android,UPI,2026-01-06 00:00:00,35.25,46.0,15.54,26.6,0,Success
user9931,TXN102961,116.93,Recharge,Delhi,Android,UPI AutoPay,2026-01-06 03:00:00,69.22,72.35,97.97,66.79,0,Success
user2401,TXN102962,329.03,P2P,Pune,Web,UPI AutoPay,2026-01-06 06:00:00,33.04,37.08,22.24,18.97,0,Success
user4259,TXN102963,154.58,P2M,Jaipur,Android,UPI Lite,2026-01-06 09:00:00,66.77,55.47,67.79,62.58,0,Success
user4923,TXN102964,8.25,P2P,Kolkata,iOS,UPI,2026-01-06 12:00:00,66.55,2.86,45.41,36.39,0,Success
user5214,TXN102965,55.16,P2M,Chennai,Android,UPI QR,2026-01-06 15:00:00,80.66,46.18,55.51,68.91,0,Success
user4227,TXN102966,293.65,P2M,Mumbai,iOS,UPI,2026-01-06 18:00:00,9.95,24.26,93.27,39.25,0,Success
user3745,TXN102967,274.86,P2P,Hyderabad,iOS,UPI AutoPay,2026-01-06 21:00:00,57.71,51.64,53.16,51.81,0,Success
user7091,TXN102968,44.93,P2M,Pune,iOS,UPI Lite,2026-01-07 00:00:00,6.25,52.58,30.52,36.61,0,Success
user4866,TXN102969,204.46,Bank Transfer,Hyderabad,Android,UPI,2026-01-07 03:00:00,17.59,75.32,22.08,29.63,0,Success
user6818,TXN102970,271.31,Bill Payment,Jaipur,iOS,UPI,2026-01-07 06:00:00,32.55,53.98,89.2,37.7,0,Success
user3222,TXN102971,158.43,P2P,Bengaluru,Android,UPI,2026-01-07 09:00:00,70.74,61.43,98.67,74.75,1,Success
user3792,TXN102972,339.96,Bill Payment,Pune,Web,UPI QR,2026-01-07 12:00:00,97.39,52.96,25.18,59.86,0,Success
user5063,TXN102973,296.65,P2P,Ahmedabad,Android,UPI QR,2026-01-07 15:00:00,34.25,99.04,72.19,59.4,0,Success
user2524,TXN102974,158.36,P2M,Bengaluru,Android,UPI QR,2026-01-07 18:00:00,52.11,79.16,50.58,51.59,0,Success
user9224,TXN102975,98.41,P2M,Bengaluru,Web,UPI QR,2026-01-07 21:00:00,25.91,75.56,69.86,44.31,0,Success
user7198,TXN102976,465.23,Recharge,Jaipur,iOS,UPI Lite,2026-01-08 00:00:00,67.55,62.73,96.42,67.44,0,Success
user5025,TXN102977,260.65,Bank Transfer,Hyderabad,iOS,UPI Lite,2026-01-08 03:00:00,36.66,52.84,27.61,37.58,0,Success
user3566,TXN102978,41.21,Recharge,Lucknow,Android,UPI QR,2026-01-08 06:00:00,48.16,34.48,73.99,50.68,0,Success
user3803,TXN102979,204.57,Bill Payment,Mumbai,Web,UPI AutoPay,2026-01-08 09:00:00,56.78,78.4,43.79,44.71,0,Success
user4709,TXN102980,51.88,P2M,Kolkata,iOS,UPI QR,2026-01-08 12:00:00,68.62,18.96,65.25,53.89,0,Success
user7155,TXN102981,62.52,Recharge,Kolkata,Android,UPI QR,2026-01-08 15:00:00,6.01,3.65,40.67,12.1,0,Success
user1719,TXN102982,85.46,P2M,Chennai,Web,UPI AutoPay,2026-01-08 18:00:00,55.49,69.82,70.83,58.69,0,Pending
user7516,TXN102983,171.55,P2P,Chennai,Android,UPI,2026-01-08 21:00:00,43.12,14.49,33.75,23.03,0,Failed
user5579,TXN102984,238.53,Recharge,Bengaluru,Android,UPI AutoPay,2026-01-09 00:00:00,13.38,90.38,48.84,47.73,0,Success
user1972,TXN102985,108.97,Bill Payment,Bengaluru,Android,UPI AutoPay,2026-01-09 03:00:00,20.8,77.07,70.88,61.21,0,Success
user4718,TXN102986,113.84,Recharge,Lucknow,Android,UPI Lite,2026-01-09 06:00:00,88.39,60.22,4.27,55.82,0,Success
user8395,TXN102987,99.16,P2M,Jaipur,iOS,UPI,2026-01-09 09:00:00,87.18,31.39,32.81,45.23,0,Success
user5402,TXN102988,467.55,Shopping,Mumbai,Android,UPI AutoPay,2026-01-09 12:00:00,3.33,63.79,54.62,22.62,0,Success
user5552,TXN102989,9.46,Shopping,Kolkata,Android,UPI QR,2026-01-09 15:00:00,68.94,47.69,7.41,36.02,0,Success
user3207,TXN102990,120.46,Bank Transfer,Lucknow,Android,UPI AutoPay,2026-01-09 18:00:00,55.42,29.11,70.32,42.12,0,Success
user5426,TXN102991,768.92,P2M,Kolkata,Android,UPI Lite,2026-01-09 21:00:00,93.98,94.51,81.33,86.02,1,Success
user7919,TXN102992,275.13,P2P,Ahmedabad,Android,UPI AutoPay,2026-01-10 00:00:00,90.8,16.19,16.33,36.67,0,Failed
user9835,TXN102993,582.22,Recharge,Chennai,Android,UPI QR,2026-01-10 03:00:00,57.96,75.34,73.35,56.9,0,Failed
user9386,TXN102994,21.45,Shopping,Ahmedabad,Android,UPI,2026-01-10 06:00:00,13.9,80.0,64.62,42.57,0,Success
user9680,TXN102995,47.36,P2P,Mumbai,iOS,UPI Lite,2026-01-10 09:00:00,45.98,95.18,41.09,54.68,0,Success
user3204,TXN102996,274.25,P2M,Mumbai,iOS,UPI,2026-01-10 12:00:00,72.52,54.94,16.5,44.27,0,Success
user6345,TXN102997,773.27,P2P,Jaipur,Android,UPI Lite,2026-01-10 15:00:00,95.17,53.49,95.49,71.93,1,Success
user4276,TXN102998,52.39,P2M,Pune,Android,UPI QR,2026-01-10 18:00:00,36.38,92.03,46.4,42.54,0,Success
user2102,TXN102999,111.3,Bank Transfer,Bengaluru,Android,UPI Lite,2026-01-10 21:00:00,78.47,80.11,18.36,59.43,0,Success
user6243,TXN103000,245.05,Recharge,Chennai,Android,UPI,2026-01-11 00:00:00,68.33,76.36,71.82,58.03,0,Success
user7614,TXN103001,38.38,P2P,Lucknow,Web,UPI,2026-01-11 03:00:00,7.83,78.91,60.79,48.08,0,Failed
user9707,TXN103002,276.36,Recharge,Jaipur,Android,UPI AutoPay,2026-01-11 06:00:00,55.8,49.32,81.62,63.06,0,Success
user6223,TXN103003,11.29,P2P,Lucknow,Android,UPI,2026-01-11 09:00:00,18.35,4.14,99.61,23.95,0,Success
user9584,TXN103004,268.34,P2M,Pune,Android,UPI AutoPay,2026-01-11 12:00:00,68.35,19.83,4.49,43.66,0,Success
user1630,TXN103005,60.64,P2M,Jaipur,Web,UPI,2026-01-11 15:00:00,61.01,64.3,73.93,66.95,0,Success
user7683,TXN103006,104.84,P2P,Hyderabad,Android,UPI AutoPay,2026-01-11 18:00:00,97.3,39.62,98.91,72.04,1,Success
user1277,TXN103007,314.78,Bank Transfer,Kolkata,Android,UPI QR,2026-01-11 21:00:00,93.54,60.68,53.82,58.11,0,Success
user1232,TXN103008,256.53,P2M,Bengaluru,Android,UPI AutoPay,2026-01-12 00:00:00,0.94,55.17,71.57,17.36,0,Success
user6690,TXN103009,162.72,Bill Payment,Bengaluru,Android,UPI,2026-01-12 03:00:00,8.0,43.87,44.11,27.34,0,Failed
user8659,TXN103010,432.27,Bill Payment,Bengaluru,iOS,UPI QR,2026-01-12 06:00:00,76.91,23.47,35.68,44.64,0,Success
user1025,TXN103011,29.96,Recharge,Ahmedabad,Android,UPI Lite,2026-01-12 09:00:00,68.56,71.9,69.65,69.25,0,Success
user8468,TXN103012,201.22,Bill Payment,Chennai,iOS,UPI,2026-01-12 12:00:00,80.09,90.9,98.81,66.67,0,Success
user7410,TXN103013,74.43,Bill Payment,Jaipur,Android,UPI AutoPay,2026-01-12 15:00:00,26.68,77.0,9.17,41.8,0,Success
user9652,TXN103014,410.77,Bank Transfer,Jaipur,Android,UPI Lite,2026-01-12 18:00:00,84.93,12.0,42.21,52.59,0,Success
user4764,TXN103015,326.06,Bank Transfer,Ahmedabad,Android,UPI AutoPay,2026-01-12 21:00:00,44.24,53.79,94.06,58.78,0,Success
user7599,TXN103016,338.1,Shopping,Mumbai,iOS,UPI Lite,2026-01-13 00:00:00,26.19,83.54,11.28,28.27,0,Success
user6102,TXN103017,850.12,Shopping,Chennai,Android,UPI QR,2026-01-13 03:00:00,1.06,59.1,65.09,34.46,0,Success
user8006,TXN103018,505.9,Bank Transfer,Pune,Android,UPI,2026-01-13 06:00:00,87.14,43.96,43.02,47.38,0,Success
user4483,TXN103019,140.13,Shopping,Pune,Android,UPI QR,2026-01-13 09:00:00,53.53,28.45,37.69,27.79,0,Success
user2994,TXN103020,163.81,Bank Transfer,Bengaluru,iOS,UPI,2026-01-13 12:00:00,97.54,33.04,20.94,41.44,0,Success
user9682,TXN103021,299.15,Shopping,Jaipur,iOS,UPI Lite,2026-01-13 15:00:00,71.47,24.22,17.63,38.82,0,Success
user2072,TXN103022,187.95,P2M,Delhi,iOS,UPI QR,2026-01-13 18:00:00,8.04,19.57,51.63,16.16,0,Success
user7707,TXN103023,332.01,Bank Transfer,Mumbai,Android,UPI,2026-01-13 21:00:00,58.82,58.89,37.74,46.71,0,Success
user1215,TXN103024,17.63,Recharge,Lucknow,Android,UPI Lite,2026-01-14 00:00:00,1.71,50.94,49.15,32.87,0,Success
user8605,TXN103025,1075.78,Recharge,Bengaluru,Android,UPI QR,2026-01-14 03:00:00,55.78,73.48,19.59,48.58,0,Success
user3606,TXN103026,174.34,Bank Transfer,Pune,Android,UPI QR,2026-01-14 06:00:00,35.02,30.79,35.02,27.82,0,Pending
user9350,TXN103027,32.38,Bill Payment,Pune,iOS,UPI QR,2026-01-14 09:00:00,64.33,46.08,99.64,60.32,0,Success
user5781,TXN103028,65.77,Recharge,Chennai,iOS,UPI QR,2026-01-14 12:00:00,54.16,68.04,36.81,59.92,0,Success
user4313,TXN103029,19.51,Bill Payment,Mumbai,iOS,UPI AutoPay,2026-01-14 15:00:00,26.14,96.32,41.27,57.46,0,Success
user8763,TXN103030,55.13,Recharge,Mumbai,Android,UPI Lite,2026-01-14 18:00:00,16.24,34.89,1.99,0.0,0,Success
user6939,TXN103031,142.27,P2P,Delhi,iOS,UPI AutoPay,2026-01-14 21:00:00,40.47,29.82,38.08,29.52,0,Success
user3295,TXN103032,745.99,P2P,Pune,Web,UPI Lite,2026-01-15 00:00:00,98.68,44.93,76.34,68.7,0,Success
user6685,TXN103033,247.32,Bank Transfer,Kolkata,Android,UPI Lite,2026-01-15 03:00:00,43.57,72.39,51.56,64.77,0,Success
user2696,TXN103034,207.03,Recharge,Chennai,Android,UPI Lite,2026-01-15 06:00:00,74.88,96.16,65.7,70.6,1,Success
user2946,TXN103035,52.71,P2M,Jaipur,Android,UPI,2026-01-15 09:00:00,5.7,53.65,55.66,29.29,0,Success
user3783,TXN103036,71.92,Bill Payment,Kolkata,Android,UPI Lite,2026-01-15 12:00:00,37.89,81.24,10.55,38.74,0,Success
user4644,TXN103037,77.72,Recharge,Hyderabad,iOS,UPI QR,2026-01-15 15:00:00,58.03,46.44,33.21,41.89,0,Success
user6241,TXN103038,80.95,Bank Transfer,Chennai,Android,UPI AutoPay,2026-01-15 18:00:00,75.12,3.99,69.42,46.51,0,Success
user7420,TXN103039,115.41,Bill Payment,Lucknow,Android,UPI QR,2026-01-15 21:00:00,52.84,89.42,54.79,61.81,0,Failed
user8557,TXN103040,124.46,Shopping,Jaipur,Android,UPI QR,2026-01-16 00:00:00,51.53,28.99,67.5,42.5,0,Success
user3645,TXN103041,116.85,Bank Transfer,Mumbai,Android,UPI AutoPay,2026-01-16 03:00:00,76.39,13.87,36.02,53.04,0,Success
user7589,TXN103042,83.82,Recharge,Jaipur,Android,UPI QR,2026-01-16 06:00:00,31.33,99.62,19.37,46.09,0,Success
user7353,TXN103043,187.74,P2M,Chennai,Web,UPI,2026-01-16 09:00:00,9.06,34.74,82.98,42.82,0,Success
user2932,TXN103044,119.77,Shopping,Pune,Android,UPI QR,2026-01-16 12:00:00,34.72,13.65,37.63,26.42,0,Success
user2757,TXN103045,33.26,Bank Transfer,Hyderabad,iOS,UPI QR,2026-01-16 15:00:00,15.9,31.15,65.5,28.43,0,Success
user6085,TXN103046,169.76,Recharge,Mumbai,iOS,UPI AutoPay,2026-01-16 18:00:00,96.59,51.38,38.12,62.36,0,Success
user6637,TXN103047,145.95,P2P,Kolkata,Android,UPI QR,2026-01-16 21:00:00,57.75,8.8,92.73,29.5,0,Success
user2116,TXN103048,33.8,Recharge,Ahmedabad,Web,UPI AutoPay,2026-01-17 00:00:00,44.66,35.26,99.19,49.97,0,Success
user1492,TXN103049,90.8,P2P,Hyderabad,Android,UPI Lite,2026-01-17 03:00:00,91.21,66.89,64.89,47.99,0,Success
user9811,TXN103050,297.99,P2P,Delhi,Android,UPI Lite,2026-01-17 06:00:00,90.04,91.59,60.22,66.06,0,Success
user8888,TXN103051,52.64,Bank Transfer,Ahmedabad,Android,UPI,2026-01-17 09:00:00,41.57,39.74,84.08,42.01,0,Success
user7474,TXN103052,47.36,Recharge,Lucknow,Android,UPI AutoPay,2026-01-17 12:00:00,87.47,56.46,51.62,60.38,0,Success
user5958,TXN103053,118.52,Recharge,Kolkata,Android,UPI AutoPay,2026-01-17 15:00:00,6.4,63.61,86.95,45.64,0,Success
user3743,TXN103054,305.8,P2P,Lucknow,iOS,UPI AutoPay,2026-01-17 18:00:00,88.57,7.08,41.29,32.37,0,Success
user8866,TXN103055,1002.58,Bill Payment,Jaipur,Android,UPI,2026-01-17 21:00:00,31.06,34.22,3.19,20.45,0,Success
user8160,TXN103056,317.01,Shopping,Pune,Android,UPI,2026-01-18 00:00:00,56.51,68.43,92.66,61.66,0,Success
user6451,TXN103057,485.33,P2M,Jaipur,iOS,UPI QR,2026-01-18 03:00:00,26.97,73.57,72.15,64.89,0,Success
user6258,TXN103058,231.99,Recharge,Pune,iOS,UPI AutoPay,2026-01-18 06:00:00,98.48,35.6,51.08,57.88,0,Success
user9548,TXN103059,82.67,Shopping,Bengaluru,Android,UPI,2026-01-18 09:00:00,7.18,0.67,94.49,17.59,0,Success
user8186,TXN103060,314.73,Shopping,Bengaluru,Android,UPI Lite,2026-01-18 12:00:00,44.7,0.69,88.68,44.63,0,Pending
user7102,TXN103061,150.56,Bill Payment,Lucknow,Android,UPI Lite,2026-01-18 15:00:00,62.1,53.81,10.84,38.99,0,Success
user1619,TXN103062,239.14,Shopping,Delhi,Android,UPI AutoPay,2026-01-18 18:00:00,61.56,55.15,62.44,59.39,0,Failed
user1882,TXN103063,63.69,Recharge,Lucknow,Android,UPI Lite,2026-01-18 21:00:00,73.88,55.57,53.81,63.15,0,Success
user9988,TXN103064,261.5,Bank Transfer,Bengaluru,Web,UPI QR,2026-01-19 00:00:00,72.44,72.18,77.65,60.97,0,Success
user4642,TXN103065,145.4,Bank Transfer,Ahmedabad,Android,UPI QR,2026-01-19 03:00:00,79.31,92.13,30.08,60.34,0,Success
user2296,TXN103066,206.7,Shopping,Ahmedabad,Android,UPI AutoPay,2026-01-19 06:00:00,23.43,99.02,0.81,35.86,0,Success
user9436,TXN103067,150.65,Recharge,Delhi,iOS,UPI,2026-01-19 09:00:00,37.05,70.11,18.54,45.11,0,Success
user3895,TXN103068,124.31,Recharge,Delhi,Android,UPI,2026-01-19 12:00:00,38.2,51.4,21.09,45.67,0,Success
user7593,TXN103069,266.32,P2P,Delhi,Android,UPI,2026-01-19 15:00:00,95.58,14.1,29.14,57.12,0,Success
user1929,TXN103070,109.28,Bill Payment,Lucknow,Android,UPI,2026-01-19 18:00:00,40.93,38.42,37.04,33.85,0,Success
user6366,TXN103071,33.49,P2M,Kolkata,iOS,UPI AutoPay,2026-01-19 21:00:00,22.19,57.25,70.66,53.42,0,Success
user9711,TXN103072,25.18,P2P,Chennai,iOS,UPI QR,2026-01-20 00:00:00,63.23,99.98,7.42,56.64,0,Success
user4212,TXN103073,197.24,P2M,Mumbai,iOS,UPI AutoPay,2026-01-20 03:00:00,42.73,12.7,48.65,28.79,0,Success
user3409,TXN103074,104.88,Recharge,Delhi,Android,UPI AutoPay,2026-01-20 06:00:00,25.01,79.31,49.86,39.72,0,Success
user9199,TXN103075,29.1,Bank Transfer,Mumbai,iOS,UPI Lite,2026-01-20 09:00:00,71.51,99.89,61.59,73.78,1,Failed
user4423,TXN103076,182.46,P2P,Kolkata,Android,UPI QR,2026-01-20 12:00:00,19.19,80.53,31.05,50.19,0,Success
user7976,TXN103077,149.33,Shopping,Chennai,Android,UPI,2026-01-20 15:00:00,63.34,76.71,25.98,60.56,0,Success
user8594,TXN103078,99.52,Shopping,Delhi,Android,UPI QR,2026-01-20 18:00:00,43.05,25.87,48.39,29.56,0,Success
user6158,TXN103079,209.94,P2M,Delhi,Android,UPI Lite,2026-01-20 21:00:00,31.92,0.34,65.96,30.61,0,Success
user4667,TXN103080,611.0,Recharge,Delhi,Android,UPI AutoPay,2026-01-21 00:00:00,94.6,22.6,4.46,36.25,0,Success
user6973,TXN103081,592.64,Bank Transfer,Ahmedabad,Android,UPI QR,2026-01-21 03:00:00,32.44,78.98,29.36,45.04,0,Success
user7236,TXN103082,189.38,P2M,Kolkata,Android,UPI Lite,2026-01-21 06:00:00,34.75,10.73,78.73,38.7,0,Success
user9277,TXN103083,150.7,Bank Transfer,Mumbai,Android,UPI AutoPay,2026-01-21 09:00:00,87.06,29.61,48.42,53.95,0,Success
user3468,TXN103084,192.05,Bill Payment,Pune,iOS,UPI,2026-01-21 12:00:00,12.9,56.25,95.18,52.52,0,Failed
user7217,TXN103085,223.41,Bank Transfer,Pune,iOS,UPI QR,2026-01-21 15:00:00,10.81,57.98,86.75,38.28,0,Success
user4619,TXN103086,125.42,Shopping,Kolkata,Android,UPI,2026-01-21 18:00:00,28.27,54.3,34.39,44.39,0,Success
user2636,TXN103087,195.3,P2P,Delhi,Android,UPI,2026-01-21 21:00:00,59.16,98.09,72.63,66.09,0,Success
user9155,TXN103088,34.0,P2P,Pune,Android,UPI Lite,2026-01-22 00:00:00,38.43,1.23,27.43,12.79,0,Success
user4583,TXN103089,177.92,P2P,Mumbai,Android,UPI Lite,2026-01-22 03:00:00,60.86,48.76,17.53,47.7,0,Success
user5009,TXN103090,264.23,Bank Transfer,Pune,iOS,UPI AutoPay,2026-01-22 06:00:00,15.98,50.44,88.1,46.49,0,Success
user4326,TXN103091,100.5,Shopping,Mumbai,Android,UPI,2026-01-22 09:00:00,26.15,29.33,35.02,33.71,0,Failed
user9148,TXN103092,149.09,Bank Transfer,Delhi,Android,UPI Lite,2026-01-22 12:00:00,56.52,52.51,20.34,41.98,0,Success
user3217,TXN103093,53.97,Recharge,Delhi,Android,UPI Lite,2026-01-22 15:00:00,21.71,67.33,96.5,36.75,0,Failed
user5967,TXN103094,46.98,Shopping,Lucknow,iOS,UPI,2026-01-22 18:00:00,42.28,67.28,3.1,29.98,0,Success
user3369,TXN103095,202.52,Shopping,Bengaluru,Android,UPI AutoPay,2026-01-22 21:00:00,57.26,8.79,36.69,33.08,0,Success
user4638,TXN103096,79.08,Bank Transfer,Ahmedabad,iOS,UPI,2026-01-23 00:00:00,97.37,80.25,3.84,58.86,0,Success
user6722,TXN103097,27.75,Bank Transfer,Chennai,Android,UPI AutoPay,2026-01-23 03:00:00,7.99,93.07,50.41,55.99,0,Success
user5444,TXN103098,53.96,P2P,Chennai,iOS,UPI AutoPay,2026-01-23 06:00:00,46.04,12.36,40.12,24.37,0,Success
user8618,TXN103099,62.4,Shopping,Jaipur,Web,UPI Lite,2026-01-23 09:00:00,39.63,41.66,72.07,50.59,0,Success
user4947,TXN103100,355.88,P2P,Ahmedabad,Android,UPI,2026-01-23 12:00:00,82.42,51.18,95.4,72.86,1,Success
user2676,TXN103101,196.2,Recharge,Delhi,iOS,UPI,2026-01-23 15:00:00,90.03,13.48,51.97,32.1,0,Success
user2196,TXN103102,68.61,Bill Payment,Chennai,iOS,UPI Lite,2026-01-23 18:00:00,90.7,50.34,28.54,53.99,0,Success
user3787,TXN103103,91.13,P2P,Mumbai,iOS,UPI QR,2026-01-23 21:00:00,37.51,20.69,87.22,42.1,0,Success
user8432,TXN103104,609.16,Bank Transfer,Jaipur,iOS,UPI QR,2026-01-24 00:00:00,30.47,93.54,60.45,64.25,0,Success
user8927,TXN103105,418.26,P2M,Pune,Android,UPI,2026-01-24 03:00:00,44.91,44.85,55.35,31.81,0,Success
user4318,TXN103106,53.62,Bill Payment,Pune,Android,UPI Lite,2026-01-24 06:00:00,34.4,99.49,18.86,52.12,0,Failed
user9858,TXN103107,525.07,Recharge,Jaipur,Web,UPI AutoPay,2026-01-24 09:00:00,71.89,4.65,4.06,31.39,0,Success
user7689,TXN103108,151.32,Bank Transfer,Bengaluru,Android,UPI AutoPay,2026-01-24 12:00:00,21.36,12.76,46.14,32.35,0,Success
user3176,TXN103109,364.9,Bill Payment,Hyderabad,Web,UPI,2026-01-24 15:00:00,65.87,44.32,52.8,45.86,0,Failed
user4743,TXN103110,139.31,Bank Transfer,Mumbai,Android,UPI Lite,2026-01-24 18:00:00,92.7,87.44,12.71,67.53,0,Success
user9792,TXN103111,536.91,P2P,Chennai,Android,UPI,2026-01-24 21:00:00,27.99,55.52,5.94,21.23,0,Success
user5422,TXN103112,51.44,Bank Transfer,Bengaluru,iOS,UPI,2026-01-25 00:00:00,67.69,73.23,21.61,65.6,0,Success
user4824,TXN103113,127.05,Recharge,Mumbai,iOS,UPI Lite,2026-01-25 03:00:00,14.36,42.36,6.31,16.6,0,Pending
user3451,TXN103114,553.61,P2M,Lucknow,Android,UPI,2026-01-25 06:00:00,12.14,4.05,5.61,0.0,0,Success
user1628,TXN103115,14.99,P2P,Chennai,Android,UPI AutoPay,2026-01-25 09:00:00,11.56,64.78,44.42,28.53,0,Success
user8778,TXN103116,156.64,P2P,Lucknow,iOS,UPI QR,2026-01-25 12:00:00,13.85,63.4,81.02,51.22,0,Success
user4696,TXN103117,110.66,Recharge,Delhi,Web,UPI AutoPay,2026-01-25 15:00:00,21.62,7.14,66.4,26.29,0,Success
user4674,TXN103118,325.27,Recharge,Ahmedabad,Android,UPI QR,2026-01-25 18:00:00,56.28,17.09,67.94,49.53,0,Success
user4929,TXN103119,478.14,Bill Payment,Delhi,Android,UPI Lite,2026-01-25 21:00:00,76.7,47.62,26.24,59.71,0,Success
user3765,TXN103120,340.46,P2M,Pune,Android,UPI,2026-01-26 00:00:00,12.69,44.66,1.11,25.6,0,Success
user5369,TXN103121,208.72,Bank Transfer,Bengaluru,Web,UPI QR,2026-01-26 03:00:00,87.0,75.24,45.06,71.24,1,Failed
user9307,TXN103122,170.81,Bill Payment,Jaipur,Android,UPI Lite,2026-01-26 06:00:00,84.27,38.74,37.71,43.91,0,Failed
user5956,TXN103123,116.43,Bank Transfer,Delhi,Android,UPI Lite,2026-01-26 09:00:00,72.74,66.33,94.72,63.91,0,Success
user1692,TXN103124,202.34,Bank Transfer,Bengaluru,Android,UPI Lite,2026-01-26 12:00:00,42.6,70.44,7.2,29.96,0,Success
user4162,TXN103125,706.03,Bank Transfer,Kolkata,Android,UPI AutoPay,2026-01-26 15:00:00,0.16,64.5,77.64,40.44,0,Success
user2105,TXN103126,71.49,Bill Payment,Pune,Android,UPI AutoPay,2026-01-26 18:00:00,73.48,59.61,38.54,66.86,0,Success
user4008,TXN103127,109.72,P2P,Chennai,Android,UPI QR,2026-01-26 21:00:00,87.9,80.57,82.96,74.13,1,Success
user3161,TXN103128,152.09,Recharge,Bengaluru,iOS,UPI QR,2026-01-27 00:00:00,33.53,65.71,49.49,56.42,0,Success
user9345,TXN103129,446.27,P2P,Mumbai,Android,UPI AutoPay,2026-01-27 03:00:00,71.8,83.42,82.05,60.35,0,Success
user4699,TXN103130,205.06,P2M,Chennai,Android,UPI QR,2026-01-27 06:00:00,6.2,63.67,46.68,30.18,0,Success
user4786,TXN103131,438.55,Bill Payment,Pune,Android,UPI QR,2026-01-27 09:00:00,70.95,15.9,40.19,34.07,0,Success
user5200,TXN103132,461.33,P2M,Delhi,Web,UPI,2026-01-27 12:00:00,6.83,30.94,96.37,39.77,0,Success
user2913,TXN103133,296.5,Recharge,Kolkata,iOS,UPI QR,2026-01-27 15:00:00,58.72,33.04,36.89,42.81,0,Success
user6520,TXN103134,56.6,Recharge,Lucknow,Android,UPI Lite,2026-01-27 18:00:00,59.76,9.39,80.53,32.36,0,Success
user2772,TXN103135,863.59,Shopping,Hyderabad,Android,UPI,2026-01-27 21:00:00,30.22,69.23,6.7,28.93,0,Success
user3780,TXN103136,673.43,P2M,Chennai,Android,UPI QR,2026-01-28 00:00:00,7.91,59.51,6.26,31.63,0,Pending
user8423,TXN103137,174.78,P2P,Chennai,iOS,UPI,2026-01-28 03:00:00,94.93,58.98,43.81,68.97,0,Success
user3871,TXN103138,41.19,P2M,Jaipur,Android,UPI Lite,2026-01-28 06:00:00,53.56,47.85,58.56,41.96,0,Success
user1660,TXN103139,34.45,Bill Payment,Delhi,Android,UPI QR,2026-01-28 09:00:00,57.98,54.31,60.85,46.66,0,Success
user7242,TXN103140,211.52,Recharge,Chennai,iOS,UPI,2026-01-28 12:00:00,61.5,0.81,3.64,22.26,0,Success
user2132,TXN103141,81.31,Recharge,Jaipur,Android,UPI QR,2026-01-28 15:00:00,89.1,9.62,69.67,45.51,0,Success
user1699,TXN103142,29.45,P2M,Pune,Android,UPI,2026-01-28 18:00:00,6.03,68.34,12.99,28.76,0,Success
user8470,TXN103143,33.81,P2M,Chennai,Android,UPI,2026-01-28 21:00:00,89.33,26.15,95.53,61.65,0,Success
user7297,TXN103144,102.52,Bank Transfer,Kolkata,Android,UPI Lite,2026-01-29 00:00:00,23.97,10.79,33.35,26.98,0,Success
user8812,TXN103145,199.32,P2M,Mumbai,Android,UPI Lite,2026-01-29 03:00:00,7.8,32.87,26.14,17.79,0,Success
user5557,TXN103146,668.95,Bank Transfer,Hyderabad,Android,UPI QR,2026-01-29 06:00:00,65.73,25.45,29.13,45.48,0,Pending
user3179,TXN103147,266.19,Bill Payment,Pune,Web,UPI AutoPay,2026-01-29 09:00:00,97.7,2.94,93.74,55.42,0,Success
user9275,TXN103148,112.01,Bill Payment,Lucknow,Android,UPI QR,2026-01-29 12:00:00,5.72,41.06,48.28,23.14,0,Success
user2422,TXN103149,239.83,P2P,Delhi,Android,UPI,2026-01-29 15:00:00,42.61,2.7,43.47,26.73,0,Success
user4180,TXN103150,219.33,P2M,Delhi,Android,UPI Lite,2026-01-29 18:00:00,52.98,0.04,56.59,22.28,0,Success
user5316,TXN103151,343.62,P2P,Delhi,Android,UPI Lite,2026-01-29 21:00:00,25.21,79.25,93.08,56.04,0,Success
user7696,TXN103152,157.6,Shopping,Kolkata,iOS,UPI,2026-01-30 00:00:00,98.29,31.5,30.83,59.55,0,Success
user1614,TXN103153,462.29,Bill Payment,Pune,iOS,UPI AutoPay,2026-01-30 03:00:00,64.1,56.76,18.08,36.89,0,Success
user5570,TXN103154,374.07,Recharge,Chennai,Web,UPI Lite,2026-01-30 06:00:00,84.44,29.78,59.55,61.09,0,Success
user1270,TXN103155,178.16,Bank Transfer,Kolkata,Android,UPI AutoPay,2026-01-30 09:00:00,41.58,93.0,49.17,55.63,0,Success
user3468,TXN103156,145.59,Shopping,Jaipur,Android,UPI Lite,2026-01-30 12:00:00,35.4,72.92,6.2,37.35,0,Success
user4607,TXN103157,411.48,Recharge,Delhi,Android,UPI,2026-01-30 15:00:00,55.32,36.92,52.19,47.16,0,Success
user4075,TXN103158,80.36,Shopping,Lucknow,Android,UPI QR,2026-01-30 18:00:00,43.53,21.06,56.24,33.72,0,Success
user1289,TXN103159,36.36,P2P,Jaipur,Android,UPI QR,2026-01-30 21:00:00,71.49,13.78,69.42,49.04,0,Success
user9120,TXN103160,36.15,P2P,Hyderabad,iOS,UPI AutoPay,2026-01-31 00:00:00,26.58,76.24,99.55,55.51,0,Success
user7614,TXN103161,73.97,Bank Transfer,Chennai,Android,UPI QR,2026-01-31 03:00:00,44.96,45.3,42.16,35.91,0,Success
user4252,TXN103162,317.24,Bill Payment,Chennai,Web,UPI,2026-01-31 06:00:00,89.51,23.2,51.02,59.92,0,Success
user8415,TXN103163,107.47,Bank Transfer,Bengaluru,Android,UPI QR,2026-01-31 09:00:00,75.61,91.96,7.5,47.44,0,Success
user7771,TXN103164,201.24,Recharge,Lucknow,Android,UPI AutoPay,2026-01-31 12:00:00,16.81,39.01,83.16,35.32,0,Success
user1278,TXN103165,99.95,Shopping,Kolkata,Android,UPI,2026-01-31 15:00:00,88.69,54.35,9.82,55.8,0,Success
user1580,TXN103166,100.75,Bank Transfer,Kolkata,Android,UPI,2026-01-31 18:00:00,58.9,85.78,93.38,63.48,0,Success
user5958,TXN103167,58.82,P2M,Ahmedabad,iOS,UPI Lite,2026-01-31 21:00:00,67.93,83.34,34.85,56.39,0,Success
user9445,TXN103168,149.62,P2M,Hyderabad,Android,UPI Lite,2026-02-01 00:00:00,29.43,63.8,33.76,28.57,0,Success
user5276,TXN103169,137.67,Bill Payment,Delhi,iOS,UPI QR,2026-02-01 03:00:00,44.15,88.86,32.86,47.66,0,Success
user8997,TXN103170,247.81,Bank Transfer,Bengaluru,Android,UPI AutoPay,2026-02-01 06:00:00,80.68,95.21,95.05,70.99,1,Failed
user5776,TXN103171,218.7,Recharge,Jaipur,iOS,UPI,2026-02-01 09:00:00,33.07,93.51,98.01,59.5,0,Success
user1824,TXN103172,134.67,P2M,Chennai,iOS,UPI QR,2026-02-01 12:00:00,16.51,34.9,97.32,42.01,0,Success
user4832,TXN103173,36.38,Bill Payment,Ahmedabad,Android,UPI QR,2026-02-01 15:00:00,37.83,39.72,70.48,42.45,0,Failed
user9891,TXN103174,478.46,Bank Transfer,Ahmedabad,Android,UPI Lite,2026-02-01 18:00:00,6.92,24.05,11.11,21.03,0,Success
user6445,TXN103175,150.65,Bill Payment,Hyderabad,Android,UPI QR,2026-02-01 21:00:00,71.79,83.68,38.64,65.23,0,Success
user2380,TXN103176,177.62,Recharge,Mumbai,Android,UPI QR,2026-02-02 00:00:00,14.77,12.18,28.93,13.85,0,Success
user7534,TXN103177,812.81,P2M,Chennai,Android,UPI Lite,2026-02-02 03:00:00,28.51,35.51,70.84,46.63,0,Success
user4156,TXN103178,406.76,P2M,Kolkata,Android,UPI QR,2026-02-02 06:00:00,88.11,0.97,49.27,43.28,0,Success
user5307,TXN103179,256.33,P2M,Jaipur,Android,UPI QR,2026-02-02 09:00:00,54.05,59.46,61.65,47.92,0,Failed
user6634,TXN103180,163.64,P2P,Delhi,Web,UPI,2026-02-02 12:00:00,32.13,65.84,0.87,22.89,0,Failed
user9575,TXN103181,162.12,P2M,Delhi,Android,UPI QR,2026-02-02 15:00:00,54.77,24.9,78.29,56.77,0,Success
user6810,TXN103182,208.54,Shopping,Lucknow,Web,UPI Lite,2026-02-02 18:00:00,21.83,73.67,95.21,62.89,0,Pending
user9533,TXN103183,246.39,P2P,Mumbai,Android,UPI Lite,2026-02-02 21:00:00,2.52,38.15,66.94,28.14,0,Success
user6934,TXN103184,908.14,Bank Transfer,Hyderabad,Android,UPI,2026-02-03 00:00:00,60.37,31.17,85.19,53.01,0,Success
user4109,TXN103185,1945.48,P2P,Delhi,Android,UPI Lite,2026-02-03 03:00:00,71.41,95.62,47.83,67.89,0,Success
user5082,TXN103186,219.26,P2P,Bengaluru,Android,UPI Lite,2026-02-03 06:00:00,87.98,58.87,2.02,36.06,0,Pending
user4240,TXN103187,19.04,P2P,Delhi,iOS,UPI Lite,2026-02-03 09:00:00,77.19,25.23,99.05,58.62,0,Success
user7028,TXN103188,63.32,Bill Payment,Pune,Web,UPI QR,2026-02-03 12:00:00,92.67,98.32,5.88,48.54,0,Failed
user2849,TXN103189,1003.75,Shopping,Bengaluru,Android,UPI,2026-02-03 15:00:00,98.6,38.75,19.28,44.7,0,Pending
user9497,TXN103190,336.52,Recharge,Jaipur,Web,UPI AutoPay,2026-02-03 18:00:00,74.49,64.78,5.24,47.4,0,Failed
user3749,TXN103191,251.15,P2M,Lucknow,iOS,UPI,2026-02-03 21:00:00,86.79,72.39,62.5,73.91,1,Success
user7680,TXN103192,138.82,P2P,Delhi,Web,UPI,2026-02-04 00:00:00,67.37,42.23,58.32,39.39,0,Success
user1205,TXN103193,49.95,Recharge,Kolkata,Android,UPI,2026-02-04 03:00:00,17.09,53.59,20.97,26.27,0,Success
user8352,TXN103194,878.13,Bill Payment,Bengaluru,Web,UPI AutoPay,2026-02-04 06:00:00,18.17,23.98,95.67,38.72,0,Success
user5591,TXN103195,72.01,Recharge,Lucknow,iOS,UPI AutoPay,2026-02-04 09:00:00,11.03,46.58,91.35,39.67,0,Pending
user4450,TXN103196,340.12,P2P,Ahmedabad,Android,UPI Lite,2026-02-04 12:00:00,94.3,31.08,27.98,52.31,0,Success
user8214,TXN103197,44.67,Bank Transfer,Pune,Android,UPI QR,2026-02-04 15:00:00,67.28,54.75,65.89,61.93,0,Success
user4811,TXN103198,132.24,Shopping,Pune,Android,UPI Lite,2026-02-04 18:00:00,78.99,66.99,85.52,69.7,0,Success
user6141,TXN103199,442.73,Recharge,Jaipur,Android,UPI Lite,2026-02-04 21:00:00,33.12,61.4,35.98,50.66,0,Success
user9501,TXN103200,127.78,P2P,Bengaluru,iOS,UPI AutoPay,2026-02-05 00:00:00,46.04,77.67,25.36,44.48,0,Success
user3708,TXN103201,113.47,P2P,Kolkata,iOS,UPI Lite,2026-02-05 03:00:00,3.98,4.15,25.62,2.15,0,Failed
user2991,TXN103202,165.78,P2M,Mumbai,iOS,UPI Lite,2026-02-05 06:00:00,88.9,7.86,82.05,67.0,0,Pending
user9463,TXN103203,43.12,Bank Transfer,Kolkata,Android,UPI AutoPay,2026-02-05 09:00:00,85.3,20.53,46.31,64.79,0,Success
user4273,TXN103204,35.73,P2M,Lucknow,Android,UPI,2026-02-05 12:00:00,78.48,98.58,71.53,79.19,1,Success
user5538,TXN103205,335.04,Bank Transfer,Delhi,Android,UPI,2026-02-05 15:00:00,5.83,80.03,65.03,27.01,0,Success
user9712,TXN103206,107.53,Shopping,Chennai,iOS,UPI AutoPay,2026-02-05 18:00:00,17.42,92.41,30.62,43.54,0,Success
user4722,TXN103207,332.45,P2M,Jaipur,Android,UPI QR,2026-02-05 21:00:00,33.42,27.21,20.81,20.87,0,Failed
user4551,TXN103208,501.79,Shopping,Chennai,Android,UPI Lite,2026-02-06 00:00:00,26.31,57.39,12.58,40.98,0,Success
user3832,TXN103209,543.83,Bill Payment,Bengaluru,Android,UPI,2026-02-06 03:00:00,83.85,55.49,2.39,47.6,0,Success
user6679,TXN103210,32.43,Bill Payment,Mumbai,Android,UPI AutoPay,2026-02-06 06:00:00,19.48,56.95,8.13,21.24,0,Success
user7579,TXN103211,81.63,Bank Transfer,Pune,Android,UPI QR,2026-02-06 09:00:00,53.21,71.76,25.62,49.1,0,Success
user1152,TXN103212,280.78,Bank Transfer,Pune,Android,UPI Lite,2026-02-06 12:00:00,57.14,39.4,71.36,59.25,0,Success
user6754,TXN103213,285.15,P2M,Ahmedabad,Web,UPI AutoPay,2026-02-06 15:00:00,42.5,67.72,15.49,33.93,0,Success
user3800,TXN103214,1555.32,Bill Payment,Lucknow,Android,UPI AutoPay,2026-02-06 18:00:00,24.07,78.84,52.34,53.7,0,Success
user6310,TXN103215,66.18,Recharge,Lucknow,iOS,UPI AutoPay,2026-02-06 21:00:00,96.03,28.91,24.51,35.32,0,Success
user3610,TXN103216,527.51,Recharge,Kolkata,Android,UPI Lite,2026-02-07 00:00:00,41.34,94.57,51.18,56.09,0,Success
user2104,TXN103217,238.0,Recharge,Lucknow,iOS,UPI,2026-02-07 03:00:00,72.73,51.8,75.0,50.57,0,Success
user8361,TXN103218,31.81,Bill Payment,Kolkata,Android,UPI Lite,2026-02-07 06:00:00,18.4,73.28,26.6,29.19,0,Success
user5199,TXN103219,94.84,Recharge,Kolkata,iOS,UPI Lite,2026-02-07 09:00:00,82.28,72.89,34.79,67.89,0,Success
user4854,TXN103220,213.26,Shopping,Delhi,iOS,UPI,2026-02-07 12:00:00,21.59,56.52,72.3,40.56,0,Success
user8263,TXN103221,29.83,P2P,Jaipur,Android,UPI AutoPay,2026-02-07 15:00:00,67.53,32.27,54.63,41.93,0,Success
user2914,TXN103222,20.62,Bank Transfer,Chennai,Web,UPI QR,2026-02-07 18:00:00,50.65,66.69,9.46,48.34,0,Success
user8365,TXN103223,28.18,P2M,Delhi,Android,UPI QR,2026-02-07 21:00:00,14.66,8.73,75.82,30.81,0,Success
user4072,TXN103224,212.54,Shopping,Mumbai,iOS,UPI,2026-02-08 00:00:00,2.49,98.14,27.74,24.55,0,Success
user1406,TXN103225,101.02,Recharge,Mumbai,Android,UPI,2026-02-08 03:00:00,93.07,18.4,38.51,47.43,0,Success
user1166,TXN103226,88.24,P2P,Mumbai,Web,UPI AutoPay,2026-02-08 06:00:00,12.57,27.54,24.52,19.41,0,Success
user1508,TXN103227,91.32,P2M,Pune,iOS,UPI QR,2026-02-08 09:00:00,70.5,95.44,54.34,72.54,1,Success
user2661,TXN103228,39.48,Shopping,Pune,Android,UPI QR,2026-02-08 12:00:00,65.27,18.65,70.78,44.23,0,Success
user4664,TXN103229,103.92,P2M,Jaipur,Android,UPI AutoPay,2026-02-08 15:00:00,34.17,17.01,80.32,50.95,0,Failed
user4489,TXN103230,26.57,Bank Transfer,Mumbai,iOS,UPI,2026-02-08 18:00:00,18.54,80.45,92.21,55.74,0,Success
user1680,TXN103231,537.88,Bill Payment,Bengaluru,iOS,UPI,2026-02-08 21:00:00,17.83,25.13,35.92,12.77,0,Success
user3524,TXN103232,890.99,Recharge,Bengaluru,Web,UPI AutoPay,2026-02-09 00:00:00,58.53,9.47,93.26,45.81,0,Success
user3120,TXN103233,16.02,Shopping,Ahmedabad,Android,UPI,2026-02-09 03:00:00,54.69,22.66,61.7,49.01,0,Success
user6260,TXN103234,102.6,Shopping,Delhi,Android,UPI Lite,2026-02-09 06:00:00,87.59,88.84,38.96,65.19,0,Success
user5357,TXN103235,109.51,P2P,Chennai,Android,UPI,2026-02-09 09:00:00,64.0,28.03,88.73,53.97,0,Success
user2363,TXN103236,137.76,P2P,Pune,Android,UPI Lite,2026-02-09 12:00:00,81.93,69.51,57.96,64.05,0,Success
user3292,TXN103237,446.54,P2P,Lucknow,Android,UPI QR,2026-02-09 15:00:00,3.24,39.51,45.43,8.2,0,Success
user2538,TXN103238,102.9,P2M,Chennai,Android,UPI QR,2026-02-09 18:00:00,67.1,26.21,1.15,28.99,0,Success
user4408,TXN103239,150.17,Recharge,Hyderabad,Android,UPI,2026-02-09 21:00:00,23.37,14.4,71.75,27.55,0,Success
user8742,TXN103240,3226.18,P2M,Jaipur,Android,UPI AutoPay,2026-02-10 00:00:00,25.28,97.22,7.73,57.95,0,Success
user9752,TXN103241,146.75,Recharge,Jaipur,Android,UPI,2026-02-10 03:00:00,72.06,52.11,28.94,57.67,0,Success
user2903,TXN103242,959.33,Shopping,Mumbai,iOS,UPI AutoPay,2026-02-10 06:00:00,79.34,11.48,96.17,48.89,0,Success
user1174,TXN103243,270.96,P2M,Bengaluru,Android,UPI QR,2026-02-10 09:00:00,37.17,19.88,15.52,12.97,0,Success
user3230,TXN103244,94.28,P2M,Mumbai,Android,UPI QR,2026-02-10 12:00:00,79.01,40.73,31.18,52.87,0,Success
user5287,TXN103245,79.78,P2M,Chennai,Android,UPI QR,2026-02-10 15:00:00,44.37,54.42,93.23,55.39,0,Success
user5160,TXN103246,162.83,Bill Payment,Bengaluru,Android,UPI AutoPay,2026-02-10 18:00:00,85.76,18.18,33.77,45.43,0,Failed
user8106,TXN103247,53.17,Bank Transfer,Mumbai,Web,UPI AutoPay,2026-02-10 21:00:00,2.49,27.77,32.87,9.39,0,Success
user4171,TXN103248,69.14,Recharge,Chennai,Android,UPI QR,2026-02-11 00:00:00,8.35,78.37,64.8,42.32,0,Success
user2567,TXN103249,107.44,Recharge,Hyderabad,iOS,UPI,2026-02-11 03:00:00,77.64,41.75,13.14,38.38,0,Success
user2151,TXN103250,219.94,P2M,Ahmedabad,Android,UPI AutoPay,2026-02-11 06:00:00,62.41,0.14,97.28,38.69,0,Success
user8619,TXN103251,1018.41,Bill Payment,Delhi,iOS,UPI Lite,2026-02-11 09:00:00,55.9,5.39,27.5,27.66,0,Success
user7033,TXN103252,100.99,P2M,Ahmedabad,Android,UPI QR,2026-02-11 12:00:00,61.4,43.93,78.57,53.23,0,Success
user9560,TXN103253,260.22,Recharge,Hyderabad,Android,UPI AutoPay,2026-02-11 15:00:00,93.02,6.01,28.76,33.46,0,Success
user5946,TXN103254,32.2,Bank Transfer,Ahmedabad,iOS,UPI QR,2026-02-11 18:00:00,65.55,17.39,27.54,32.41,0,Success
user9234,TXN103255,473.56,Bank Transfer,Lucknow,Android,UPI Lite,2026-02-11 21:00:00,64.75,72.79,5.75,41.98,0,Success
user2907,TXN103256,29.32,Shopping,Pune,iOS,UPI,2026-02-12 00:00:00,75.95,48.04,11.93,42.66,0,Success
user4490,TXN103257,364.45,Bill Payment,Pune,Android,UPI Lite,2026-02-12 03:00:00,86.66,48.25,52.2,55.68,0,Success
user3535,TXN103258,151.27,Bank Transfer,Lucknow,iOS,UPI,2026-02-12 06:00:00,26.19,59.82,57.68,53.51,0,Success
user5173,TXN103259,145.38,Bill Payment,Pune,Web,UPI,2026-02-12 09:00:00,61.67,78.85,81.58,67.54,0,Failed
user2293,TXN103260,121.48,P2M,Chennai,Web,UPI AutoPay,2026-02-12 12:00:00,58.4,15.86,6.02,23.53,0,Success
user5769,TXN103261,44.65,Shopping,Pune,Android,UPI,2026-02-12 15:00:00,13.48,17.3,35.62,25.86,0,Success
user5796,TXN103262,47.07,Recharge,Jaipur,Android,UPI,2026-02-12 18:00:00,52.03,12.14,20.02,12.27,0,Success
user7871,TXN103263,378.62,Bank Transfer,Jaipur,Web,UPI,2026-02-12 21:00:00,6.96,93.68,35.79,44.18,0,Failed
user3972,TXN103264,165.99,Bank Transfer,Bengaluru,iOS,UPI QR,2026-02-13 00:00:00,18.5,57.73,35.43,34.41,0,Success
user4922,TXN103265,120.6,P2P,Kolkata,Android,UPI AutoPay,2026-02-13 03:00:00,91.3,9.26,35.43,45.89,0,Success
user5997,TXN103266,255.54,Recharge,Hyderabad,Android,UPI AutoPay,2026-02-13 06:00:00,11.92,22.06,30.96,15.38,0,Success
user8032,TXN103267,181.51,Bank Transfer,Jaipur,Android,UPI,2026-02-13 09:00:00,57.89,72.56,76.4,67.35,0,Success
user1992,TXN103268,74.22,Bank Transfer,Delhi,Web,UPI QR,2026-02-13 12:00:00,32.35,2.9,68.97,32.01,0,Success
user9112,TXN103269,1921.76,Recharge,Bengaluru,Android,UPI,2026-02-13 15:00:00,55.53,72.57,34.15,59.64,0,Success
user6287,TXN103270,344.04,Shopping,Lucknow,Android,UPI AutoPay,2026-02-13 18:00:00,23.5,91.15,14.65,33.79,0,Success
user3240,TXN103271,186.25,Bill Payment,Hyderabad,iOS,UPI AutoPay,2026-02-13 21:00:00,44.44,5.64,51.83,38.36,0,Success
user2476,TXN103272,98.14,Recharge,Hyderabad,Web,UPI AutoPay,2026-02-14 00:00:00,86.73,18.64,91.88,55.4,0,Success
user7426,TXN103273,425.29,Bill Payment,Lucknow,iOS,UPI AutoPay,2026-02-14 03:00:00,37.62,0.24,12.36,6.87,0,Failed
user1389,TXN103274,74.62,Shopping,Kolkata,Android,UPI QR,2026-02-14 06:00:00,35.3,10.9,75.3,47.41,0,Success
user1999,TXN103275,68.6,Shopping,Ahmedabad,Android,UPI Lite,2026-02-14 09:00:00,44.61,61.7,59.94,55.05,0,Success
user2855,TXN103276,891.87,P2M,Ahmedabad,Web,UPI Lite,2026-02-14 12:00:00,10.05,4.48,58.86,34.8,0,Success
user9125,TXN103277,169.13,P2P,Mumbai,iOS,UPI QR,2026-02-14 15:00:00,38.73,42.58,93.47,49.9,0,Success
user9850,TXN103278,76.45,Shopping,Mumbai,iOS,UPI,2026-02-14 18:00:00,0.69,50.34,95.59,46.32,0,Success
user3763,TXN103279,164.96,Shopping,Bengaluru,iOS,UPI AutoPay,2026-02-14 21:00:00,50.34,90.66,24.38,59.93,0,Success
user4663,TXN103280,383.82,Bill Payment,Mumbai,Android,UPI AutoPay,2026-02-15 00:00:00,84.79,47.43,80.85,62.46,0,Success
user5986,TXN103281,305.29,Shopping,Mumbai,iOS,UPI AutoPay,2026-02-15 03:00:00,55.21,14.25,62.08,28.49,0,Success
user2481,TXN103282,434.53,Recharge,Lucknow,Android,UPI QR,2026-02-15 06:00:00,60.77,28.93,40.88,43.94,0,Success
user8256,TXN103283,47.01,P2M,Ahmedabad,Android,UPI QR,2026-02-15 09:00:00,3.06,67.22,66.56,39.96,0,Success
user4731,TXN103284,423.75,P2M,Mumbai,iOS,UPI AutoPay,2026-02-15 12:00:00,85.95,11.21,95.6,60.48,0,Success
user8262,TXN103285,137.13,Recharge,Jaipur,Android,UPI AutoPay,2026-02-15 15:00:00,38.5,23.17,51.69,33.63,0,Success
user1451,TXN103286,179.31,Bank Transfer,Delhi,Android,UPI,2026-02-15 18:00:00,97.49,99.58,94.01,84.24,1,Success
user4093,TXN103287,549.77,Shopping,Jaipur,Android,UPI Lite,2026-02-15 21:00:00,12.05,0.55,64.29,17.29,0,Success
user1882,TXN103288,331.2,P2P,Kolkata,Android,UPI QR,2026-02-16 00:00:00,94.47,15.22,48.29,55.2,0,Failed
user5408,TXN103289,233.0,Shopping,Jaipur,iOS,UPI Lite,2026-02-16 03:00:00,63.43,84.37,64.42,42.39,0,Success
user5068,TXN103290,22.56,P2M,Bengaluru,iOS,UPI AutoPay,2026-02-16 06:00:00,5.23,10.14,60.25,8.04,0,Success
user4277,TXN103291,156.73,P2P,Mumbai,Android,UPI Lite,2026-02-16 09:00:00,97.17,3.36,42.17,32.92,0,Success
user9566,TXN103292,74.84,Bank Transfer,Mumbai,Android,UPI Lite,2026-02-16 12:00:00,1.39,12.13,56.25,4.23,0,Success
user8951,TXN103293,333.97,Bill Payment,Lucknow,Android,UPI QR,2026-02-16 15:00:00,73.07,69.36,70.32,63.63,0,Failed
user5690,TXN103294,441.84,Bill Payment,Chennai,Android,UPI QR,2026-02-16 18:00:00,88.95,99.31,83.89,86.7,1,Failed
user5595,TXN103295,121.26,Shopping,Kolkata,iOS,UPI,2026-02-16 21:00:00,17.58,59.06,30.43,35.4,0,Success
user5559,TXN103296,84.18,Shopping,Jaipur,Android,UPI AutoPay,2026-02-17 00:00:00,34.34,12.43,1.46,7.75,0,Success
user8291,TXN103297,777.67,P2P,Chennai,iOS,UPI,2026-02-17 03:00:00,56.12,18.38,55.12,28.51,0,Success
user9160,TXN103298,89.73,P2P,Hyderabad,Android,UPI QR,2026-02-17 06:00:00,67.98,53.77,48.93,53.49,0,Success
user1112,TXN103299,49.67,Bank Transfer,Delhi,Android,UPI,2026-02-17 09:00:00,87.19,71.57,5.42,57.03,0,Success
user6131,TXN103300,71.33,Shopping,Delhi,Android,UPI Lite,2026-02-17 12:00:00,76.11,66.29,63.25,66.53,0,Success
user4197,TXN103301,94.16,P2M,Ahmedabad,Android,UPI Lite,2026-02-17 15:00:00,36.33,57.47,94.14,43.74,0,Success
user1139,TXN103302,69.31,Bill Payment,Mumbai,iOS,UPI QR,2026-02-17 18:00:00,82.17,98.63,40.22,74.34,1,Success
user2424,TXN103303,381.99,Bank Transfer,Ahmedabad,Android,UPI Lite,2026-02-17 21:00:00,96.61,19.8,89.44,64.14,0,Success
user3949,TXN103304,18.21,P2P,Lucknow,Android,UPI AutoPay,2026-02-18 00:00:00,22.7,17.29,81.31,26.52,0,Success
user4168,TXN103305,67.86,P2M,Kolkata,Web,UPI QR,2026-02-18 03:00:00,7.41,85.91,16.17,28.16,0,Success
user9708,TXN103306,156.41,Shopping,Kolkata,Android,UPI AutoPay,2026-02-18 06:00:00,42.66,29.08,78.73,37.41,0,Success
user7043,TXN103307,202.4,Recharge,Hyderabad,Android,UPI QR,2026-02-18 09:00:00,88.14,33.25,51.67,48.46,0,Success
user7989,TXN103308,890.55,P2P,Bengaluru,Web,UPI QR,2026-02-18 12:00:00,15.03,54.87,91.86,54.14,0,Failed
user8236,TXN103309,769.11,Bank Transfer,Kolkata,Android,UPI Lite,2026-02-18 15:00:00,88.58,38.13,18.94,52.36,0,Success
user7261,TXN103310,33.09,Recharge,Kolkata,iOS,UPI QR,2026-02-18 18:00:00,99.22,28.76,12.5,38.79,0,Success
user1887,TXN103311,24.34,P2M,Kolkata,Android,UPI QR,2026-02-18 21:00:00,5.4,91.72,24.13,32.32,0,Success
user4104,TXN103312,168.17,Bill Payment,Delhi,Android,UPI,2026-02-19 00:00:00,49.53,12.93,5.96,27.25,0,Success
user1049,TXN103313,83.66,P2M,Bengaluru,Android,UPI Lite,2026-02-19 03:00:00,32.89,40.43,32.01,17.63,0,Success
user4951,TXN103314,49.8,Bill Payment,Bengaluru,Android,UPI AutoPay,2026-02-19 06:00:00,39.37,0.3,28.3,25.24,0,Success
user4560,TXN103315,166.69,P2M,Pune,Android,UPI QR,2026-02-19 09:00:00,45.16,80.75,41.62,64.62,0,Success
user1018,TXN103316,206.58,P2P,Jaipur,Android,UPI AutoPay,2026-02-19 12:00:00,73.97,16.84,46.3,45.14,0,Success
user5821,TXN103317,70.88,P2P,Lucknow,iOS,UPI,2026-02-19 15:00:00,59.13,77.3,14.47,46.36,0,Success
user7340,TXN103318,87.87,Bank Transfer,Mumbai,iOS,UPI QR,2026-02-19 18:00:00,96.12,14.86,61.94,43.12,0,Success
user9058,TXN103319,76.55,Recharge,Kolkata,Android,UPI AutoPay,2026-02-19 21:00:00,33.28,41.67,22.36,13.77,0,Success
user3606,TXN103320,108.69,P2M,Kolkata,Android,UPI Lite,2026-02-20 00:00:00,54.15,72.82,12.19,40.49,0,Success
user8846,TXN103321,281.87,P2M,Pune,Android,UPI,2026-02-20 03:00:00,81.33,27.08,70.88,58.32,0,Success
user9643,TXN103322,55.82,Recharge,Mumbai,iOS,UPI,2026-02-20 06:00:00,37.3,31.39,2.27,22.02,0,Success
user7432,TXN103323,86.43,Shopping,Bengaluru,Android,UPI AutoPay,2026-02-20 09:00:00,46.53,66.73,36.84,54.27,0,Success
user4765,TXN103324,110.03,Bank Transfer,Hyderabad,Android,UPI QR,2026-02-20 12:00:00,68.5,18.77,14.44,36.02,0,Success
user3438,TXN103325,162.92,P2M,Delhi,Android,UPI QR,2026-02-20 15:00:00,86.07,95.18,88.28,75.49,1,Success
user7358,TXN103326,216.15,Bank Transfer,Kolkata,Web,UPI Lite,2026-02-20 18:00:00,41.57,18.88,82.45,50.07,0,Success
user9319,TXN103327,1264.28,P2M,Lucknow,Android,UPI Lite,2026-02-20 21:00:00,53.2,75.0,6.05,49.3,0,Success
user6941,TXN103328,290.65,P2M,Lucknow,Android,UPI QR,2026-02-21 00:00:00,97.51,80.26,55.05,61.5,0,Success
user8644,TXN103329,297.65,Shopping,Kolkata,Android,UPI,2026-02-21 03:00:00,4.25,37.44,29.54,13.75,0,Success
user5855,TXN103330,125.64,P2P,Lucknow,iOS,UPI Lite,2026-02-21 06:00:00,44.82,15.62,19.25,22.0,0,Success
user7547,TXN103331,61.57,Bank Transfer,Hyderabad,iOS,UPI Lite,2026-02-21 09:00:00,63.6,16.59,31.15,47.51,0,Success
user8196,TXN103332,96.72,Recharge,Lucknow,iOS,UPI,2026-02-21 12:00:00,0.84,98.55,81.59,55.63,0,Pending
user6911,TXN103333,80.61,Bank Transfer,Chennai,iOS,UPI QR,2026-02-21 15:00:00,59.68,72.54,5.79,37.04,0,Success
user7481,TXN103334,242.8,Shopping,Mumbai,Android,UPI AutoPay,2026-02-21 18:00:00,5.62,45.0,64.82,54.34,0,Success
user3761,TXN103335,31.46,Bill Payment,Pune,Android,UPI Lite,2026-02-21 21:00:00,85.76,25.73,91.34,66.14,0,Success
user5456,TXN103336,296.64,Bill Payment,Pune,iOS,UPI,2026-02-22 00:00:00,80.71,1.89,44.81,32.3,0,Success
user7361,TXN103337,145.88,Shopping,Ahmedabad,Android,UPI Lite,2026-02-22 03:00:00,3.23,67.05,90.15,41.99,0,Success
user6693,TXN103338,341.5,Shopping,Delhi,Android,UPI,2026-02-22 06:00:00,4.88,95.69,90.68,50.15,0,Success
user6788,TXN103339,79.53,P2P,Mumbai,iOS,UPI Lite,2026-02-22 09:00:00,75.36,10.68,60.96,39.1,0,Success
user1201,TXN103340,66.6,Bank Transfer,Kolkata,iOS,UPI QR,2026-02-22 12:00:00,36.95,75.45,45.58,56.22,0,Success
user7160,TXN103341,109.22,Bank Transfer,Chennai,Web,UPI,2026-02-22 15:00:00,57.5,15.32,73.77,42.49,0,Success
user1517,TXN103342,106.63,Bill Payment,Hyderabad,Web,UPI AutoPay,2026-02-22 18:00:00,27.03,79.21,91.62,62.85,0,Success
user8737,TXN103343,367.36,Recharge,Ahmedabad,Android,UPI AutoPay,2026-02-22 21:00:00,17.3,37.06,68.0,34.04,0,Success
user2988,TXN103344,363.87,Bank Transfer,Delhi,Web,UPI Lite,2026-02-23 00:00:00,29.61,71.21,20.96,35.18,0,Success
user4802,TXN103345,1102.16,P2M,Delhi,Android,UPI AutoPay,2026-02-23 03:00:00,24.67,92.63,82.01,54.95,0,Success
user6808,TXN103346,99.93,P2M,Jaipur,iOS,UPI Lite,2026-02-23 06:00:00,44.83,62.01,95.15,58.41,0,Success
user8162,TXN103347,5.77,P2P,Mumbai,Android,UPI,2026-02-23 09:00:00,74.67,92.07,41.03,58.57,0,Success
user7241,TXN103348,108.92,P2P,Chennai,Android,UPI,2026-02-23 12:00:00,55.41,23.5,69.76,43.89,0,Success
user9399,TXN103349,206.57,Bill Payment,Bengaluru,Web,UPI AutoPay,2026-02-23 15:00:00,60.92,97.81,51.82,60.04,0,Success
user6633,TXN103350,335.13,Recharge,Hyderabad,Android,UPI AutoPay,2026-02-23 18:00:00,47.01,87.28,11.2,36.7,0,Failed
user6755,TXN103351,222.21,Recharge,Ahmedabad,iOS,UPI QR,2026-02-23 21:00:00,32.47,10.76,34.98,21.27,0,Success
user7309,TXN103352,99.86,Shopping,Kolkata,Android,UPI,2026-02-24 00:00:00,14.35,41.35,16.38,9.28,0,Success
user5117,TXN103353,910.66,P2P,Pune,Android,UPI AutoPay,2026-02-24 03:00:00,35.46,92.7,67.36,68.37,0,Success
user9345,TXN103354,58.34,Bank Transfer,Ahmedabad,Android,UPI AutoPay,2026-02-24 06:00:00,66.52,7.81,58.21,43.81,0,Failed
user2518,TXN103355,124.63,P2M,Lucknow,Android,UPI AutoPay,2026-02-24 09:00:00,73.38,45.38,3.35,37.13,0,Success
user7163,TXN103356,55.71,Bank Transfer,Delhi,Android,UPI Lite,2026-02-24 12:00:00,46.92,72.36,6.16,27.4,0,Success
user3600,TXN103357,167.26,P2M,Kolkata,Android,UPI QR,2026-02-24 15:00:00,64.5,3.34,26.08,30.53,0,Success
user3195,TXN103358,803.52,Bill Payment,Hyderabad,iOS,UPI,2026-02-24 18:00:00,21.05,75.28,74.49,51.77,0,Success
user4554,TXN103359,142.46,P2M,Chennai,Android,UPI AutoPay,2026-02-24 21:00:00,86.01,36.12,12.68,47.32,0,Success
user3849,TXN103360,143.34,Bank Transfer,Bengaluru,Android,UPI AutoPay,2026-02-25 00:00:00,86.59,24.94,20.48,37.78,0,Success
user2742,TXN103361,30.09,Bank Transfer,Lucknow,Web,UPI AutoPay,2026-02-25 03:00:00,32.03,57.6,90.76,52.71,0,Success
user2306,TXN103362,123.1,Recharge,Kolkata,Android,UPI Lite,2026-02-25 06:00:00,54.77,54.43,54.61,62.77,0,Failed
user4849,TXN103363,518.27,Recharge,Kolkata,Android,UPI,2026-02-25 09:00:00,60.67,87.39,62.08,60.37,0,Success
user8519,TXN103364,127.71,P2P,Delhi,iOS,UPI AutoPay,2026-02-25 12:00:00,47.24,67.6,45.58,55.71,0,Success
user5195,TXN103365,119.37,Bank Transfer,Mumbai,iOS,UPI AutoPay,2026-02-25 15:00:00,91.11,42.19,29.98,52.18,0,Success
user6178,TXN103366,495.57,Bill Payment,Lucknow,iOS,UPI Lite,2026-02-25 18:00:00,73.97,65.01,24.91,51.62,0,Success
user3555,TXN103367,119.87,P2M,Delhi,Web,UPI Lite,2026-02-25 21:00:00,67.25,75.01,58.92,61.92,0,Success
user3305,TXN103368,597.08,P2P,Ahmedabad,Android,UPI QR,2026-02-26 00:00:00,52.01,93.73,47.1,55.54,0,Success
user8619,TXN103369,45.39,Shopping,Lucknow,Web,UPI QR,2026-02-26 03:00:00,8.48,70.43,40.3,35.25,0,Success
user3642,TXN103370,323.07,Shopping,Bengaluru,Web,UPI,2026-02-26 06:00:00,10.78,54.39,69.44,44.86,0,Success
user7409,TXN103371,850.93,P2M,Pune,iOS,UPI QR,2026-02-26 09:00:00,29.9,37.3,40.42,39.78,0,Success
user5757,TXN103372,449.37,P2M,Ahmedabad,Android,UPI,2026-02-26 12:00:00,21.15,89.15,3.67,44.01,0,Pending
user3994,TXN103373,25.35,P2M,Bengaluru,iOS,UPI QR,2026-02-26 15:00:00,95.25,79.25,83.97,73.79,1,Success
user9751,TXN103374,86.63,Recharge,Chennai,Android,UPI AutoPay,2026-02-26 18:00:00,40.98,7.72,31.84,25.2,0,Success
user2271,TXN103375,128.77,P2M,Delhi,iOS,UPI QR,2026-02-26 21:00:00,87.66,69.95,94.64,90.82,1,Success
user2813,TXN103376,450.32,Shopping,Bengaluru,Android,UPI AutoPay,2026-02-27 00:00:00,81.81,53.87,87.96,60.87,0,Success
user9801,TXN103377,43.31,P2M,Mumbai,iOS,UPI,2026-02-27 03:00:00,81.26,10.36,23.39,36.7,0,Success
user3461,TXN103378,59.21,Bank Transfer,Jaipur,Android,UPI QR,2026-02-27 06:00:00,21.57,56.5,96.55,40.27,0,Success
user5120,TXN103379,32.95,Bill Payment,Pune,Android,UPI QR,2026-02-27 09:00:00,44.73,19.25,85.36,43.6,0,Success
user7124,TXN103380,71.82,Shopping,Chennai,iOS,UPI QR,2026-02-27 12:00:00,31.8,70.81,98.5,64.43,0,Success
user9475,TXN103381,46.92,Bill Payment,Kolkata,Android,UPI AutoPay,2026-02-27 15:00:00,97.04,27.85,67.79,71.37,1,Success
user5396,TXN103382,810.71,Shopping,Delhi,iOS,UPI AutoPay,2026-02-27 18:00:00,87.67,15.03,93.07,53.09,0,Success
user1816,TXN103383,85.85,P2P,Ahmedabad,Android,UPI QR,2026-02-27 21:00:00,24.99,8.2,69.01,22.84,0,Success
user8304,TXN103384,327.32,Bank Transfer,Jaipur,iOS,UPI,2026-02-28 00:00:00,31.35,49.08,85.51,58.79,0,Success
user8331,TXN103385,167.0,Shopping,Lucknow,Android,UPI AutoPay,2026-02-28 03:00:00,52.89,19.96,61.04,18.89,0,Success
user1082,TXN103386,164.67,Bank Transfer,Delhi,Android,UPI Lite,2026-02-28 06:00:00,27.86,85.51,92.92,54.49,0,Success
user2920,TXN103387,90.79,Shopping,Hyderabad,Android,UPI,2026-02-28 09:00:00,82.45,0.3,51.81,48.88,0,Success
user8817,TXN103388,354.26,Bill Payment,Delhi,iOS,UPI,2026-02-28 12:00:00,81.92,84.36,73.66,61.19,0,Success
user3093,TXN103389,191.4,Bill Payment,Hyderabad,iOS,UPI,2026-02-28 15:00:00,72.43,52.11,91.7,56.95,0,Success
user8071,TXN103390,180.68,Shopping,Kolkata,Android,UPI AutoPay,2026-02-28 18:00:00,68.93,92.21,42.24,71.52,1,Failed
user8967,TXN103391,90.61,Shopping,Chennai,Android,UPI QR,2026-02-28 21:00:00,54.73,20.46,2.64,12.23,0,Success
user9367,TXN103392,106.72,Recharge,Pune,Android,UPI QR,2026-03-01 00:00:00,34.71,10.23,11.3,4.07,0,Success
user6285,TXN103393,295.57,Bank Transfer,Delhi,Web,UPI Lite,2026-03-01 03:00:00,83.69,62.5,97.19,78.81,1,Success
user5937,TXN103394,206.45,Bank Transfer,Kolkata,iOS,UPI QR,2026-03-01 06:00:00,85.88,70.67,87.32,84.87,1,Success
user1369,TXN103395,185.58,Bank Transfer,Lucknow,Android,UPI Lite,2026-03-01 09:00:00,4.95,37.26,48.34,35.4,0,Failed
user2818,TXN103396,77.17,Bank Transfer,Jaipur,Android,UPI Lite,2026-03-01 12:00:00,39.86,1.37,96.09,20.4,0,Success
user3101,TXN103397,1146.09,P2P,Mumbai,Android,UPI QR,2026-03-01 15:00:00,2.66,40.7,18.56,30.31,0,Success
user4490,TXN103398,101.52,P2P,Bengaluru,iOS,UPI Lite,2026-03-01 18:00:00,83.95,23.38,11.1,39.93,0,Success
user2779,TXN103399,159.13,P2M,Kolkata,Android,UPI,2026-03-01 21:00:00,17.71,34.75,60.14,26.32,0,Success
user8674,TXN103400,136.04,Shopping,Jaipur,iOS,UPI,2026-03-02 00:00:00,67.39,50.68,38.21,42.06,0,Success
user2364,TXN103401,1158.3,Shopping,Hyderabad,Android,UPI,2026-03-02 03:00:00,35.74,70.23,33.98,49.29,0,Failed
user8294,TXN103402,122.63,Shopping,Kolkata,Android,UPI AutoPay,2026-03-02 06:00:00,81.61,96.32,73.42,79.12,1,Pending
user4676,TXN103403,111.91,Shopping,Lucknow,Android,UPI Lite,2026-03-02 09:00:00,50.97,14.4,15.0,35.97,0,Success
user3426,TXN103404,184.62,Bank Transfer,Kolkata,iOS,UPI Lite,2026-03-02 12:00:00,32.44,67.99,77.84,47.2,0,Success
user9264,TXN103405,81.98,Bank Transfer,Pune,Web,UPI,2026-03-02 15:00:00,32.39,23.32,35.94,24.07,0,Success
user9089,TXN103406,183.39,P2P,Hyderabad,Android,UPI AutoPay,2026-03-02 18:00:00,32.69,22.07,98.67,48.74,0,Success
user3962,TXN103407,1757.42,Bill Payment,Delhi,Android,UPI QR,2026-03-02 21:00:00,78.86,63.36,80.87,64.79,0,Success
user1859,TXN103408,221.34,Recharge,Ahmedabad,Android,UPI,2026-03-03 00:00:00,71.11,77.6,64.62,70.5,1,Failed
user5138,TXN103409,213.42,Bank Transfer,Mumbai,iOS,UPI AutoPay,2026-03-03 03:00:00,31.92,97.78,22.94,38.85,0,Success
user3424,TXN103410,80.01,Bank Transfer,Delhi,iOS,UPI QR,2026-03-03 06:00:00,49.02,76.88,95.64,78.56,1,Success
user5017,TXN103411,906.15,Bank Transfer,Bengaluru,Android,UPI AutoPay,2026-03-03 09:00:00,7.62,15.73,3.29,23.98,0,Success
user9560,TXN103412,1140.28,Bill Payment,Kolkata,Android,UPI QR,2026-03-03 12:00:00,82.75,22.54,22.33,38.44,0,Pending
user9342,TXN103413,384.78,Bill Payment,Chennai,iOS,UPI Lite,2026-03-03 15:00:00,26.6,76.14,3.68,34.28,0,Success
user2134,TXN103414,315.4,P2P,Kolkata,iOS,UPI Lite,2026-03-03 18:00:00,88.92,52.7,96.65,72.58,1,Success
user6166,TXN103415,129.7,Bank Transfer,Hyderabad,Android,UPI AutoPay,2026-03-03 21:00:00,59.68,29.54,87.14,50.86,0,Success
user6119,TXN103416,242.58,Recharge,Pune,Android,UPI AutoPay,2026-03-04 00:00:00,56.78,47.18,95.21,51.31,0,Success
user6694,TXN103417,71.15,Shopping,Kolkata,iOS,UPI QR,2026-03-04 03:00:00,16.27,91.49,71.5,51.89,0,Success
user7136,TXN103418,53.19,Bank Transfer,Bengaluru,Android,UPI AutoPay,2026-03-04 06:00:00,6.95,75.56,2.74,15.53,0,Success
user6485,TXN103419,37.06,P2P,Lucknow,Android,UPI AutoPay,2026-03-04 09:00:00,55.26,45.07,93.15,66.98,0,Success
user5164,TXN103420,247.32,P2P,Kolkata,Android,UPI QR,2026-03-04 12:00:00,46.8,98.06,42.1,68.04,0,Success
user3346,TXN103421,41.33,Recharge,Delhi,Android,UPI QR,2026-03-04 15:00:00,11.97,79.49,36.82,46.76,0,Success
user6039,TXN103422,99.52,P2M,Ahmedabad,Android,UPI Lite,2026-03-04 18:00:00,83.56,0.59,28.41,46.65,0,Success
user5897,TXN103423,154.28,P2P,Chennai,Web,UPI,2026-03-04 21:00:00,41.72,11.24,28.68,30.65,0,Success
user9252,TXN103424,443.76,Bill Payment,Bengaluru,Android,UPI AutoPay,2026-03-05 00:00:00,26.05,55.4,80.06,40.28,0,Failed
user6041,TXN103425,92.0,Bill Payment,Bengaluru,Android,UPI QR,2026-03-05 03:00:00,78.83,35.0,25.64,35.49,0,Success
user4901,TXN103426,499.33,Shopping,Hyderabad,Android,UPI Lite,2026-03-05 06:00:00,91.31,81.26,22.22,55.37,0,Success
user2337,TXN103427,419.54,P2P,Bengaluru,Android,UPI,2026-03-05 09:00:00,30.6,89.57,69.8,59.03,0,Success
user2184,TXN103428,56.19,Shopping,Chennai,iOS,UPI AutoPay,2026-03-05 12:00:00,77.59,24.07,28.75,32.32,0,Success
user5426,TXN103429,504.13,P2P,Delhi,Web,UPI Lite,2026-03-05 15:00:00,65.25,76.33,1.31,48.29,0,Success
user2551,TXN103430,123.52,Recharge,Ahmedabad,Android,UPI,2026-03-05 18:00:00,98.97,53.54,93.18,78.14,1,Success
user2629,TXN103431,99.59,Bank Transfer,Jaipur,Web,UPI AutoPay,2026-03-05 21:00:00,20.4,39.2,31.36,25.65,0,Success
user2526,TXN103432,124.05,P2P,Kolkata,Android,UPI Lite,2026-03-06 00:00:00,96.07,78.68,76.44,76.85,1,Success
user2361,TXN103433,163.45,P2M,Bengaluru,Android,UPI AutoPay,2026-03-06 03:00:00,31.53,56.49,46.9,58.28,0,Success
user5370,TXN103434,108.31,Bill Payment,Lucknow,Android,UPI,2026-03-06 06:00:00,41.2,63.53,13.41,36.83,0,Success
user6283,TXN103435,70.83,Recharge,Pune,Android,UPI QR,2026-03-06 09:00:00,35.88,6.23,66.19,33.94,0,Success
user8610,TXN103436,77.38,Bank Transfer,Lucknow,Android,UPI Lite,2026-03-06 12:00:00,26.85,58.59,23.16,41.15,0,Failed
user2993,TXN103437,188.47,Bank Transfer,Delhi,Android,UPI,2026-03-06 15:00:00,69.32,30.07,28.79,47.19,0,Success
user1869,TXN103438,139.71,Bill Payment,Jaipur,Android,UPI AutoPay,2026-03-06 18:00:00,58.91,49.33,3.24,42.35,0,Success
user2014,TXN103439,277.91,Bank Transfer,Hyderabad,Android,UPI,2026-03-06 21:00:00,30.57,22.2,1.64,20.25,0,Success
user1602,TXN103440,172.84,Shopping,Delhi,Android,UPI,2026-03-07 00:00:00,13.22,61.45,51.36,38.19,0,Failed
user1690,TXN103441,177.15,Recharge,Lucknow,Android,UPI QR,2026-03-07 03:00:00,31.74,14.75,5.78,4.59,0,Success
user9685,TXN103442,296.73,P2M,Chennai,iOS,UPI Lite,2026-03-07 06:00:00,38.12,12.29,20.94,35.01,0,Success
user1489,TXN103443,677.84,Bill Payment,Kolkata,iOS,UPI,2026-03-07 09:00:00,38.07,18.84,92.38,39.28,0,Success
user7864,TXN103444,705.58,P2P,Delhi,Android,UPI QR,2026-03-07 12:00:00,35.73,81.75,8.29,46.66,0,Success
user8240,TXN103445,626.66,P2P,Mumbai,Android,UPI QR,2026-03-07 15:00:00,4.87,3.35,29.08,9.59,0,Pending
user8786,TXN103446,391.68,P2P,Kolkata,iOS,UPI QR,2026-03-07 18:00:00,46.4,72.96,72.65,78.88,1,Success
user9024,TXN103447,1320.03,Recharge,Mumbai,Android,UPI AutoPay,2026-03-07 21:00:00,83.62,5.65,88.43,49.91,0,Success
user1294,TXN103448,254.12,P2M,Bengaluru,iOS,UPI QR,2026-03-08 00:00:00,18.04,59.19,4.62,42.3,0,Success
user6488,TXN103449,227.14,Bank Transfer,Pune,Android,UPI QR,2026-03-08 03:00:00,14.57,77.36,18.54,32.5,0,Pending
user5027,TXN103450,1546.77,P2M,Delhi,Android,UPI QR,2026-03-08 06:00:00,47.19,23.11,38.79,41.35,0,Success
user3912,TXN103451,10.74,P2M,Kolkata,Android,UPI QR,2026-03-08 09:00:00,37.06,19.59,36.1,28.02,0,Success
user5744,TXN103452,132.44,Bill Payment,Hyderabad,Web,UPI Lite,2026-03-08 12:00:00,56.13,28.92,28.85,46.9,0,Success
user2873,TXN103453,573.92,Recharge,Mumbai,Web,UPI Lite,2026-03-08 15:00:00,94.71,69.96,24.23,62.26,0,Success
user4258,TXN103454,437.14,P2P,Ahmedabad,Web,UPI QR,2026-03-08 18:00:00,76.09,25.48,26.87,44.12,0,Pending
user3817,TXN103455,2133.78,Bill Payment,Lucknow,Android,UPI,2026-03-08 21:00:00,68.71,50.18,13.34,47.43,0,Success
user9636,TXN103456,182.63,Bank Transfer,Kolkata,iOS,UPI AutoPay,2026-03-09 00:00:00,41.59,13.45,16.33,27.0,0,Success
user4641,TXN103457,106.61,P2M,Pune,Android,UPI,2026-03-09 03:00:00,28.74,46.12,60.68,32.79,0,Failed
user5458,TXN103458,117.67,P2P,Delhi,iOS,UPI,2026-03-09 06:00:00,54.03,62.47,29.22,29.72,0,Failed
user6307,TXN103459,225.44,Recharge,Kolkata,Android,UPI QR,2026-03-09 09:00:00,88.54,7.18,39.97,46.81,0,Success
user9933,TXN103460,830.18,Shopping,Delhi,iOS,UPI,2026-03-09 12:00:00,87.67,81.54,41.2,82.03,1,Success
user3041,TXN103461,840.62,P2M,Chennai,Web,UPI Lite,2026-03-09 15:00:00,44.55,93.74,10.97,45.26,0,Success
user1679,TXN103462,155.09,P2M,Mumbai,Android,UPI Lite,2026-03-09 18:00:00,24.62,19.35,81.95,40.59,0,Success
user6738,TXN103463,211.24,P2M,Kolkata,Android,UPI AutoPay,2026-03-09 21:00:00,22.53,75.94,95.64,44.64,0,Success
user6668,TXN103464,88.98,P2M,Kolkata,Android,UPI Lite,2026-03-10 00:00:00,3.4,31.35,26.35,13.47,0,Success
user8697,TXN103465,98.77,P2P,Pune,Android,UPI Lite,2026-03-10 03:00:00,84.27,67.67,29.44,57.69,0,Success
user9033,TXN103466,466.97,Recharge,Pune,Android,UPI QR,2026-03-10 06:00:00,26.48,30.67,69.32,36.52,0,Failed
user1062,TXN103467,814.2,Bill Payment,Lucknow,iOS,UPI Lite,2026-03-10 09:00:00,35.9,86.23,8.06,49.9,0,Success
user8829,TXN103468,81.67,P2P,Hyderabad,Android,UPI,2026-03-10 12:00:00,80.92,34.71,90.73,48.86,0,Success
user8352,TXN103469,209.13,Recharge,Delhi,Android,UPI,2026-03-10 15:00:00,12.0,84.88,12.06,31.91,0,Success
user7915,TXN103470,128.63,Bill Payment,Jaipur,Android,UPI Lite,2026-03-10 18:00:00,46.12,76.61,73.21,53.3,0,Failed
user9326,TXN103471,389.11,P2M,Lucknow,Android,UPI AutoPay,2026-03-10 21:00:00,12.23,19.63,29.15,11.86,0,Success
user4644,TXN103472,111.22,Recharge,Pune,Android,UPI AutoPay,2026-03-11 00:00:00,44.18,15.7,32.33,23.36,0,Success
user5970,TXN103473,23.89,P2M,Jaipur,Android,UPI AutoPay,2026-03-11 03:00:00,4.71,77.97,14.08,30.52,0,Success
user9003,TXN103474,447.51,Recharge,Bengaluru,Android,UPI Lite,2026-03-11 06:00:00,51.76,39.03,64.63,47.9,0,Success
user4278,TXN103475,121.09,Bank Transfer,Jaipur,Android,UPI AutoPay,2026-03-11 09:00:00,79.57,94.94,79.5,75.07,1,Success
user8296,TXN103476,134.36,Shopping,Mumbai,iOS,UPI Lite,2026-03-11 12:00:00,67.63,94.29,95.02,66.52,0,Success
user4074,TXN103477,253.56,P2M,Kolkata,Android,UPI,2026-03-11 15:00:00,50.92,69.35,33.15,45.55,0,Success
user9312,TXN103478,233.42,P2M,Pune,Web,UPI AutoPay,2026-03-11 18:00:00,82.88,50.06,62.12,67.91,0,Success
user8552,TXN103479,258.82,P2M,Kolkata,iOS,UPI AutoPay,2026-03-11 21:00:00,22.78,19.5,41.5,13.22,0,Success
user2637,TXN103480,32.15,Bank Transfer,Lucknow,Android,UPI AutoPay,2026-03-12 00:00:00,83.08,88.24,55.78,64.56,0,Success
user6103,TXN103481,286.09,P2P,Chennai,Android,UPI,2026-03-12 03:00:00,27.64,8.2,16.29,8.75,0,Success
user1644,TXN103482,24.31,Bill Payment,Pune,Android,UPI Lite,2026-03-12 06:00:00,36.25,37.04,58.18,30.66,0,Success
user3032,TXN103483,354.09,P2M,Pune,iOS,UPI,2026-03-12 09:00:00,12.84,31.92,84.91,34.31,0,Success
user3761,TXN103484,501.89,P2M,Ahmedabad,Android,UPI,2026-03-12 12:00:00,10.18,95.84,86.37,50.43,0,Success
user3068,TXN103485,41.74,P2P,Kolkata,iOS,UPI QR,2026-03-12 15:00:00,93.21,11.81,48.34,42.34,0,Success
user1241,TXN103486,227.79,P2P,Pune,Android,UPI AutoPay,2026-03-12 18:00:00,19.0,89.01,23.57,39.84,0,Success
user3668,TXN103487,472.09,Shopping,Chennai,Android,UPI Lite,2026-03-12 21:00:00,33.33,45.64,83.67,36.25,0,Success
user1802,TXN103488,104.69,Recharge,Chennai,Android,UPI Lite,2026-03-13 00:00:00,52.92,4.75,99.94,59.11,0,Success
user6059,TXN103489,321.71,P2M,Mumbai,Android,UPI QR,2026-03-13 03:00:00,34.79,72.89,37.72,40.15,0,Success
user1195,TXN103490,10.12,Recharge,Delhi,Android,UPI QR,2026-03-13 06:00:00,87.01,10.09,92.44,53.98,0,Success
user3187,TXN103491,491.86,P2P,Pune,Android,UPI,2026-03-13 09:00:00,90.07,23.7,98.35,61.81,0,Failed
user3330,TXN103492,169.02,P2P,Chennai,iOS,UPI QR,2026-03-13 12:00:00,32.6,79.97,39.56,38.84,0,Success
user5841,TXN103493,126.74,Shopping,Chennai,iOS,UPI Lite,2026-03-13 15:00:00,9.2,15.47,71.63,34.78,0,Success
user4606,TXN103494,438.8,Bill Payment,Mumbai,Android,UPI Lite,2026-03-13 18:00:00,21.02,32.55,58.11,34.33,0,Success
user9468,TXN103495,924.53,Bank Transfer,Ahmedabad,Android,UPI Lite,2026-03-13 21:00:00,47.44,36.1,72.22,29.79,0,Success
user1060,TXN103496,266.59,Bank Transfer,Delhi,Android,UPI,2026-03-14 00:00:00,28.85,58.88,15.42,23.48,0,Success
user4927,TXN103497,819.52,Bank Transfer,Hyderabad,iOS,UPI AutoPay,2026-03-14 03:00:00,45.35,78.99,36.67,45.86,0,Success
user7296,TXN103498,34.7,P2P,Pune,Android,UPI AutoPay,2026-03-14 06:00:00,75.87,23.08,6.28,39.56,0,Success
user3591,TXN103499,319.24,P2M,Hyderabad,Android,UPI,2026-03-14 09:00:00,42.06,20.58,61.32,45.2,0,Failed
user9758,TXN103500,143.74,Shopping,Hyderabad,Android,UPI Lite,2026-03-14 12:00:00,19.7,22.19,92.67,36.05,0,Success
user7121,TXN103501,74.57,Bill Payment,Lucknow,Android,UPI Lite,2026-03-14 15:00:00,35.8,38.16,56.03,49.26,0,Success
user2200,TXN103502,23.84,Bank Transfer,Ahmedabad,Web,UPI,2026-03-14 18:00:00,74.3,53.51,7.03,49.28,0,Success
user3854,TXN103503,302.41,Shopping,Lucknow,iOS,UPI,2026-03-14 21:00:00,42.41,1.34,93.04,54.12,0,Success
user8024,TXN103504,393.58,P2P,Kolkata,Android,UPI QR,2026-03-15 00:00:00,24.95,78.03,13.3,32.34,0,Success
user7972,TXN103505,627.68,Bank Transfer,Jaipur,iOS,UPI,2026-03-15 03:00:00,42.74,92.67,88.29,63.26,0,Success
user1136,TXN103506,531.92,Bill Payment,Mumbai,Web,UPI AutoPay,2026-03-15 06:00:00,45.48,84.35,71.42,61.64,0,Success
user2029,TXN103507,75.81,Recharge,Chennai,Android,UPI,2026-03-15 09:00:00,29.64,3.72,63.64,22.38,0,Success
user3594,TXN103508,596.28,Bill Payment,Chennai,iOS,UPI Lite,2026-03-15 12:00:00,99.57,52.45,58.68,71.92,1,Success
user8206,TXN103509,662.72,P2M,Delhi,Android,UPI Lite,2026-03-15 15:00:00,76.76,81.4,13.11,47.24,0,Success
user1661,TXN103510,126.47,Bank Transfer,Ahmedabad,iOS,UPI Lite,2026-03-15 18:00:00,69.25,34.41,50.08,36.97,0,Success
user3472,TXN103511,168.75,Bank Transfer,Chennai,Android,UPI AutoPay,2026-03-15 21:00:00,85.49,89.7,19.67,61.7,0,Success
user1086,TXN103512,64.45,Recharge,Lucknow,Web,UPI AutoPay,2026-03-16 00:00:00,66.64,88.69,57.18,74.72,1,Success
user7219,TXN103513,721.18,Recharge,Jaipur,Android,UPI QR,2026-03-16 03:00:00,79.1,14.17,44.73,48.01,0,Success
user9143,TXN103514,36.17,Bank Transfer,Lucknow,iOS,UPI,2026-03-16 06:00:00,41.25,49.36,67.97,52.03,0,Success
user7968,TXN103515,280.05,P2M,Hyderabad,Android,UPI QR,2026-03-16 09:00:00,50.04,2.57,98.25,55.08,0,Success
user3773,TXN103516,90.3,Recharge,Kolkata,Android,UPI,2026-03-16 12:00:00,4.7,28.19,36.1,22.34,0,Success
user2700,TXN103517,54.17,P2P,Chennai,Web,UPI,2026-03-16 15:00:00,28.06,81.19,61.67,47.28,0,Failed
user3700,TXN103518,25.16,Bank Transfer,Hyderabad,iOS,UPI AutoPay,2026-03-16 18:00:00,36.8,97.51,86.44,73.99,1,Success
user7815,TXN103519,132.24,Bill Payment,Chennai,Android,UPI Lite,2026-03-16 21:00:00,62.55,91.33,9.29,58.64,0,Success
user2647,TXN103520,46.31,Bill Payment,Pune,Android,UPI,2026-03-17 00:00:00,46.42,4.26,80.02,32.49,0,Pending
user7038,TXN103521,173.54,P2M,Bengaluru,Android,UPI AutoPay,2026-03-17 03:00:00,60.78,92.67,23.94,49.46,0,Success
user6164,TXN103522,962.31,P2P,Mumbai,Android,UPI QR,2026-03-17 06:00:00,71.33,82.26,54.03,64.71,0,Success
user6520,TXN103523,200.24,Recharge,Mumbai,iOS,UPI Lite,2026-03-17 09:00:00,4.27,86.77,99.15,59.01,0,Success
user4687,TXN103524,1208.68,Bank Transfer,Chennai,Android,UPI QR,2026-03-17 12:00:00,25.83,91.48,98.41,56.7,0,Pending
user1596,TXN103525,61.42,Bill Payment,Jaipur,Android,UPI QR,2026-03-17 15:00:00,17.09,48.82,31.58,29.59,0,Success
user5545,TXN103526,45.56,Bill Payment,Ahmedabad,iOS,UPI AutoPay,2026-03-17 18:00:00,18.75,21.12,13.18,22.62,0,Success
user9676,TXN103527,58.73,Bill Payment,Delhi,Android,UPI Lite,2026-03-17 21:00:00,50.31,2.1,93.82,40.08,0,Success
user9837,TXN103528,153.68,Bill Payment,Jaipur,Android,UPI,2026-03-18 00:00:00,74.0,2.35,89.35,51.22,0,Success
user5757,TXN103529,2497.26,Shopping,Ahmedabad,Android,UPI QR,2026-03-18 03:00:00,27.28,64.25,61.6,52.65,0,Success
user5384,TXN103530,31.12,P2M,Jaipur,Web,UPI,2026-03-18 06:00:00,82.44,33.73,3.24,45.12,0,Success
user9912,TXN103531,304.8,Recharge,Pune,iOS,UPI Lite,2026-03-18 09:00:00,89.25,49.59,75.13,66.06,0,Success
user5733,TXN103532,81.45,Bank Transfer,Jaipur,Android,UPI AutoPay,2026-03-18 12:00:00,35.05,13.13,16.09,19.52,0,Success
user8081,TXN103533,131.13,Bank Transfer,Delhi,Android,UPI AutoPay,2026-03-18 15:00:00,68.14,97.55,94.3,84.07,1,Success
user9690,TXN103534,46.62,Bank Transfer,Mumbai,Android,UPI AutoPay,2026-03-18 18:00:00,11.7,12.99,43.51,1.0,0,Success
user8117,TXN103535,395.1,Recharge,Jaipur,iOS,UPI,2026-03-18 21:00:00,74.4,44.48,61.51,61.58,0,Success
user5729,TXN103536,156.97,P2M,Lucknow,Android,UPI,2026-03-19 00:00:00,16.5,44.34,28.11,30.5,0,Success
user2673,TXN103537,486.61,P2P,Ahmedabad,Android,UPI Lite,2026-03-19 03:00:00,68.74,0.86,47.51,47.83,0,Success
user9306,TXN103538,195.44,P2M,Kolkata,Web,UPI,2026-03-19 06:00:00,42.19,66.78,75.46,58.08,0,Success
user8178,TXN103539,23.77,Bill Payment,Ahmedabad,Android,UPI AutoPay,2026-03-19 09:00:00,92.85,53.82,49.2,53.73,0,Success
user3294,TXN103540,491.05,Bill Payment,Mumbai,Android,UPI QR,2026-03-19 12:00:00,46.45,49.75,84.72,54.06,0,Success
user4630,TXN103541,21.91,P2M,Jaipur,Android,UPI QR,2026-03-19 15:00:00,3.09,81.81,71.3,36.64,0,Success
user1146,TXN103542,25.28,P2M,Lucknow,Android,UPI QR,2026-03-19 18:00:00,48.07,24.11,7.74,34.07,0,Success
user4453,TXN103543,65.55,Recharge,Jaipur,Android,UPI AutoPay,2026-03-19 21:00:00,79.55,86.11,60.68,51.75,0,Success
user5507,TXN103544,66.43,Recharge,Jaipur,Web,UPI,2026-03-20 00:00:00,64.71,86.48,61.26,52.83,0,Success
user6783,TXN103545,662.5,Shopping,Chennai,Android,UPI QR,2026-03-20 03:00:00,96.63,82.69,38.09,61.07,0,Success
user8751,TXN103546,138.22,Bank Transfer,Pune,Android,UPI,2026-03-20 06:00:00,84.33,34.14,32.27,36.71,0,Success
user6628,TXN103547,571.0,Shopping,Delhi,Android,UPI,2026-03-20 09:00:00,52.66,16.26,6.29,23.75,0,Success
user9328,TXN103548,92.95,Bank Transfer,Pune,iOS,UPI AutoPay,2026-03-20 12:00:00,20.65,47.52,44.62,29.89,0,Success
user4360,TXN103549,225.35,Bill Payment,Kolkata,iOS,UPI,2026-03-20 15:00:00,0.38,25.98,33.66,22.6,0,Success
user4005,TXN103550,263.5,Shopping,Mumbai,Android,UPI,2026-03-20 18:00:00,98.05,5.22,95.11,46.82,0,Success
user4552,TXN103551,329.0,Shopping,Jaipur,iOS,UPI AutoPay,2026-03-20 21:00:00,93.83,27.95,67.42,54.99,0,Success
user1018,TXN103552,103.04,P2P,Bengaluru,Android,UPI Lite,2026-03-21 00:00:00,27.41,46.91,46.01,37.2,0,Success
user3242,TXN103553,112.41,P2M,Pune,Android,UPI QR,2026-03-21 03:00:00,63.82,11.27,75.46,38.29,0,Success
user7318,TXN103554,121.74,Recharge,Hyderabad,iOS,UPI QR,2026-03-21 06:00:00,72.92,94.43,77.88,62.0,0,Success
user6097,TXN103555,31.42,Shopping,Bengaluru,Android,UPI,2026-03-21 09:00:00,57.8,65.61,48.05,56.93,0,Success
user9640,TXN103556,150.82,Recharge,Pune,Web,UPI Lite,2026-03-21 12:00:00,84.3,13.63,7.58,39.78,0,Success
user2948,TXN103557,111.76,Bank Transfer,Hyderabad,Android,UPI AutoPay,2026-03-21 15:00:00,7.78,81.21,78.06,31.97,0,Success
user6618,TXN103558,292.97,Shopping,Mumbai,Android,UPI,2026-03-21 18:00:00,89.65,92.81,9.03,59.06,0,Success
user5236,TXN103559,179.7,Bank Transfer,Jaipur,Android,UPI AutoPay,2026-03-21 21:00:00,39.2,26.28,84.75,38.85,0,Success
user7901,TXN103560,624.14,Shopping,Lucknow,Android,UPI QR,2026-03-22 00:00:00,48.07,14.33,33.42,43.44,0,Success
user2920,TXN103561,175.93,Bill Payment,Lucknow,Android,UPI AutoPay,2026-03-22 03:00:00,44.47,32.25,63.82,28.32,0,Failed
user5188,TXN103562,93.48,P2P,Pune,Android,UPI QR,2026-03-22 06:00:00,53.13,83.22,74.04,59.11,0,Success
user1238,TXN103563,173.76,Bank Transfer,Jaipur,Android,UPI AutoPay,2026-03-22 09:00:00,59.82,17.51,3.52,32.74,0,Success
user1204,TXN103564,338.38,P2M,Pune,iOS,UPI AutoPay,2026-03-22 12:00:00,71.03,77.93,38.46,57.69,0,Success
user6552,TXN103565,27.85,P2M,Mumbai,iOS,UPI Lite,2026-03-22 15:00:00,52.49,71.63,60.41,62.51,0,Success
user5927,TXN103566,80.22,Bill Payment,Hyderabad,Android,UPI AutoPay,2026-03-22 18:00:00,68.48,65.14,84.81,50.99,0,Success
user5390,TXN103567,81.93,Bill Payment,Jaipur,Android,UPI,2026-03-22 21:00:00,33.83,43.33,71.78,33.93,0,Success
user3687,TXN103568,247.4,P2M,Bengaluru,Android,UPI Lite,2026-03-23 00:00:00,93.67,36.68,89.61,64.48,0,Success
user5951,TXN103569,277.91,Bank Transfer,Hyderabad,Android,UPI,2026-03-23 03:00:00,6.45,8.53,8.27,10.86,0,Success
user7160,TXN103570,181.49,P2M,Bengaluru,Android,UPI AutoPay,2026-03-23 06:00:00,54.55,35.74,7.18,32.0,0,Success
user6388,TXN103571,13.75,P2P,Bengaluru,iOS,UPI AutoPay,2026-03-23 09:00:00,8.74,60.18,71.35,43.26,0,Success
user6126,TXN103572,31.44,Shopping,Mumbai,Android,UPI Lite,2026-03-23 12:00:00,44.28,89.82,39.85,50.11,0,Success
user1816,TXN103573,129.16,P2P,Delhi,Web,UPI QR,2026-03-23 15:00:00,25.76,83.31,48.16,37.14,0,Success
user1192,TXN103574,99.34,P2M,Delhi,Android,UPI Lite,2026-03-23 18:00:00,93.69,3.22,60.43,52.93,0,Success
user2776,TXN103575,164.91,Shopping,Jaipur,iOS,UPI QR,2026-03-23 21:00:00,1.31,13.89,98.59,18.89,0,Success
user4645,TXN103576,102.58,P2M,Kolkata,Android,UPI QR,2026-03-24 00:00:00,39.12,84.85,6.72,34.25,0,Success
user7314,TXN103577,758.73,P2P,Ahmedabad,iOS,UPI AutoPay,2026-03-24 03:00:00,78.2,93.93,10.89,50.21,0,Success
user9442,TXN103578,16.54,P2P,Delhi,Android,UPI,2026-03-24 06:00:00,18.85,5.58,82.93,30.32,0,Success
user2788,TXN103579,221.99,Bank Transfer,Jaipur,iOS,UPI Lite,2026-03-24 09:00:00,81.56,70.13,2.05,49.98,0,Success
user8374,TXN103580,375.41,Bank Transfer,Bengaluru,Android,UPI Lite,2026-03-24 12:00:00,85.97,36.57,45.05,45.11,0,Success
user4700,TXN103581,330.81,P2P,Lucknow,Android,UPI AutoPay,2026-03-24 15:00:00,70.8,36.43,77.41,50.17,0,Success
user4893,TXN103582,360.42,Shopping,Delhi,Android,UPI AutoPay,2026-03-24 18:00:00,20.91,64.27,19.53,29.74,0,Success
user7811,TXN103583,416.18,Bank Transfer,Mumbai,Android,UPI Lite,2026-03-24 21:00:00,27.2,81.02,18.7,43.77,0,Success
user3679,TXN103584,89.66,Bank Transfer,Jaipur,iOS,UPI Lite,2026-03-25 00:00:00,16.69,27.48,31.03,22.22,0,Success
user4904,TXN103585,54.52,Recharge,Ahmedabad,Android,UPI,2026-03-25 03:00:00,18.41,70.54,15.0,33.46,0,Success
user8260,TXN103586,21.44,Recharge,Pune,Android,UPI AutoPay,2026-03-25 06:00:00,3.65,63.59,67.86,40.39,0,Success
user1504,TXN103587,114.14,Bank Transfer,Kolkata,Android,UPI,2026-03-25 09:00:00,85.73,51.73,20.01,50.61,0,Success
user7773,TXN103588,75.37,P2M,Bengaluru,Android,UPI AutoPay,2026-03-25 12:00:00,52.85,60.24,22.69,43.89,0,Success
user4816,TXN103589,524.06,Shopping,Bengaluru,iOS,UPI AutoPay,2026-03-25 15:00:00,32.78,1.81,57.49,26.44,0,Failed
user1717,TXN103590,123.03,Bill Payment,Pune,iOS,UPI,2026-03-25 18:00:00,28.96,0.41,96.73,45.0,0,Success
user5434,TXN103591,58.53,Bank Transfer,Delhi,Android,UPI QR,2026-03-25 21:00:00,54.47,55.04,91.39,62.24,0,Success
user1658,TXN103592,49.97,Recharge,Lucknow,Android,UPI QR,2026-03-26 00:00:00,32.67,52.41,86.45,61.71,0,Success
user6057,TXN103593,1198.49,Shopping,Pune,iOS,UPI QR,2026-03-26 03:00:00,86.37,7.13,53.09,56.92,0,Success
user5008,TXN103594,160.44,Shopping,Lucknow,iOS,UPI AutoPay,2026-03-26 06:00:00,21.1,49.2,29.78,28.52,0,Success
user5994,TXN103595,75.08,Recharge,Bengaluru,Android,UPI,2026-03-26 09:00:00,88.23,75.75,70.58,70.02,1,Success
user5234,TXN103596,185.68,Shopping,Ahmedabad,iOS,UPI QR,2026-03-26 12:00:00,66.41,54.12,38.96,37.99,0,Success
user4764,TXN103597,1093.23,Shopping,Delhi,Android,UPI Lite,2026-03-26 15:00:00,95.66,51.76,77.79,62.87,0,Success
user5637,TXN103598,111.09,Recharge,Jaipur,iOS,UPI QR,2026-03-26 18:00:00,1.51,71.79,1.62,29.76,0,Success
user3104,TXN103599,326.04,P2P,Bengaluru,Android,UPI,2026-03-26 21:00:00,5.91,17.18,52.95,27.84,0,Success
user7801,TXN103600,537.25,Bank Transfer,Pune,Android,UPI AutoPay,2026-03-27 00:00:00,50.09,45.75,33.74,26.62,0,Success
user9575,TXN103601,24.74,P2M,Lucknow,Android,UPI,2026-03-27 03:00:00,91.24,14.8,24.9,51.86,0,Failed
user3607,TXN103602,86.62,Bill Payment,Lucknow,Android,UPI AutoPay,2026-03-27 06:00:00,73.08,52.38,66.18,66.3,0,Success
user9385,TXN103603,473.94,P2M,Bengaluru,Android,UPI,2026-03-27 09:00:00,62.21,59.19,65.84,64.76,0,Success
user4719,TXN103604,81.51,P2P,Bengaluru,iOS,UPI,2026-03-27 12:00:00,3.16,12.17,3.71,9.43,0,Success
user3581,TXN103605,248.3,P2P,Ahmedabad,Android,UPI Lite,2026-03-27 15:00:00,35.42,7.55,94.77,42.41,0,Success
user3565,TXN103606,76.82,Shopping,Ahmedabad,Android,UPI QR,2026-03-27 18:00:00,34.59,16.67,36.19,25.01,0,Success
user3763,TXN103607,105.05,P2M,Chennai,Android,UPI QR,2026-03-27 21:00:00,54.21,58.63,91.74,55.28,0,Success
user7328,TXN103608,93.0,P2P,Pune,iOS,UPI,2026-03-28 00:00:00,25.78,18.96,58.37,37.44,0,Success
user6991,TXN103609,310.03,P2M,Mumbai,iOS,UPI QR,2026-03-28 03:00:00,26.72,27.52,65.26,32.71,0,Success
user4406,TXN103610,200.65,P2P,Pune,iOS,UPI Lite,2026-03-28 06:00:00,62.09,70.25,96.05,40.33,0,Success
user9923,TXN103611,181.07,Bill Payment,Ahmedabad,Android,UPI,2026-03-28 09:00:00,94.46,24.83,82.22,65.77,0,Success
user5780,TXN103612,2013.23,P2P,Chennai,Android,UPI QR,2026-03-28 12:00:00,66.02,39.75,14.0,35.18,0,Success
user5177,TXN103613,934.21,P2M,Delhi,Android,UPI QR,2026-03-28 15:00:00,66.81,92.88,0.52,54.31,0,Success
user7476,TXN103614,22.62,Shopping,Bengaluru,Web,UPI AutoPay,2026-03-28 18:00:00,98.62,82.5,30.86,78.64,1,Failed
user3604,TXN103615,105.28,P2M,Kolkata,Android,UPI QR,2026-03-28 21:00:00,15.35,25.55,48.85,40.18,0,Failed
user9181,TXN103616,1856.53,Recharge,Pune,Android,UPI QR,2026-03-29 00:00:00,3.38,59.76,73.21,45.98,0,Success
user3382,TXN103617,92.33,P2M,Pune,iOS,UPI AutoPay,2026-03-29 03:00:00,74.55,66.58,66.1,71.98,1,Success
user1531,TXN103618,1323.12,Bill Payment,Hyderabad,iOS,UPI,2026-03-29 06:00:00,43.88,90.02,31.29,58.05,0,Success
user7079,TXN103619,107.09,Bank Transfer,Ahmedabad,Android,UPI,2026-03-29 09:00:00,42.88,54.75,54.2,50.83,0,Success
user1634,TXN103620,129.8,Bill Payment,Kolkata,Android,UPI Lite,2026-03-29 12:00:00,22.53,56.13,65.09,47.69,0,Success
user1002,TXN103621,389.0,Bill Payment,Jaipur,Android,UPI AutoPay,2026-03-29 15:00:00,50.69,88.84,51.38,50.54,0,Success
user9397,TXN103622,149.87,P2P,Hyderabad,Android,UPI,2026-03-29 18:00:00,44.22,5.44,68.9,25.67,0,Success
user6951,TXN103623,268.98,Bill Payment,Mumbai,Android,UPI QR,2026-03-29 21:00:00,34.55,62.81,48.52,50.7,0,Success
user6626,TXN103624,792.31,P2M,Pune,iOS,UPI QR,2026-03-30 00:00:00,44.27,41.66,52.97,44.96,0,Success
user8739,TXN103625,350.3,Bank Transfer,Chennai,Android,UPI QR,2026-03-30 03:00:00,38.38,90.98,94.08,66.06,0,Success
user7003,TXN103626,188.96,Shopping,Chennai,iOS,UPI Lite,2026-03-30 06:00:00,93.99,96.05,38.92,68.5,0,Success
user3890,TXN103627,874.39,Bill Payment,Jaipur,Android,UPI,2026-03-30 09:00:00,98.03,17.02,75.57,57.55,0,Success
user7239,TXN103628,394.13,P2M,Lucknow,Android,UPI AutoPay,2026-03-30 12:00:00,83.99,28.15,33.47,55.79,0,Pending
user9026,TXN103629,78.76,P2P,Hyderabad,iOS,UPI,2026-03-30 15:00:00,99.04,27.35,33.19,45.38,0,Success
user4306,TXN103630,1188.06,P2P,Hyderabad,iOS,UPI AutoPay,2026-03-30 18:00:00,26.57,10.06,92.67,37.95,0,Success
user1897,TXN103631,311.8,Shopping,Chennai,iOS,UPI AutoPay,2026-03-30 21:00:00,84.29,48.29,69.87,56.56,0,Success
user1670,TXN103632,132.47,Shopping,Chennai,iOS,UPI,2026-03-31 00:00:00,40.66,51.31,92.9,42.24,0,Success
user8291,TXN103633,21.74,P2M,Bengaluru,Android,UPI QR,2026-03-31 03:00:00,74.61,57.3,99.46,68.96,0,Success
user2505,TXN103634,41.36,Shopping,Chennai,Android,UPI QR,2026-03-31 06:00:00,20.14,66.3,0.02,32.21,0,Success
user7460,TXN103635,897.97,Shopping,Ahmedabad,Android,UPI AutoPay,2026-03-31 09:00:00,81.2,6.29,98.32,49.25,0,Success
user6167,TXN103636,934.18,P2P,Chennai,Web,UPI QR,2026-03-31 12:00:00,8.35,62.25,10.09,21.02,0,Success
user6255,TXN103637,178.62,P2M,Hyderabad,Android,UPI Lite,2026-03-31 15:00:00,27.06,91.38,7.04,30.72,0,Pending
user1249,TXN103638,27.93,Bank Transfer,Bengaluru,Android,UPI Lite,2026-03-31 18:00:00,82.2,45.5,76.78,62.6,0,Success
user7457,TXN103639,55.31,Shopping,Mumbai,Android,UPI AutoPay,2026-03-31 21:00:00,74.72,10.67,35.02,34.82,0,Success
user2892,TXN103640,32.34,P2M,Hyderabad,iOS,UPI QR,2026-04-01 00:00:00,50.12,8.59,91.78,28.27,0,Success
user4439,TXN103641,31.18,Bill Payment,Chennai,iOS,UPI AutoPay,2026-04-01 03:00:00,67.28,28.18,54.45,43.2,0,Success
user3854,TXN103642,1244.89,P2P,Chennai,Web,UPI Lite,2026-04-01 06:00:00,18.56,75.25,38.61,48.5,0,Success
user4792,TXN103643,1286.81,Bank Transfer,Chennai,Android,UPI Lite,2026-04-01 09:00:00,66.78,26.1,7.34,43.72,0,Success
user6330,TXN103644,53.47,P2P,Bengaluru,Android,UPI Lite,2026-04-01 12:00:00,0.8,81.43,46.46,44.89,0,Success
user8871,TXN103645,162.6,P2P,Pune,Android,UPI,2026-04-01 15:00:00,83.32,81.97,27.79,54.07,0,Success
user9235,TXN103646,45.39,Recharge,Bengaluru,Android,UPI Lite,2026-04-01 18:00:00,51.63,45.71,7.66,25.49,0,Success
user4612,TXN103647,161.54,P2M,Delhi,Android,UPI QR,2026-04-01 21:00:00,94.39,30.08,67.04,54.61,0,Failed
user3618,TXN103648,844.97,Bill Payment,Ahmedabad,Android,UPI,2026-04-02 00:00:00,47.82,59.77,97.73,67.6,0,Success
user5678,TXN103649,482.37,Shopping,Kolkata,Android,UPI Lite,2026-04-02 03:00:00,43.31,81.05,37.89,56.48,0,Success
user4163,TXN103650,368.21,Bill Payment,Ahmedabad,Web,UPI QR,2026-04-02 06:00:00,45.01,6.46,29.73,25.88,0,Success
user3942,TXN103651,135.07,P2M,Chennai,Android,UPI Lite,2026-04-02 09:00:00,35.97,95.34,9.0,51.54,0,Success
user9411,TXN103652,579.38,P2P,Kolkata,Web,UPI QR,2026-04-02 12:00:00,16.67,64.59,22.31,36.2,0,Success
user2925,TXN103653,313.15,Recharge,Mumbai,Android,UPI QR,2026-04-02 15:00:00,84.21,39.81,28.5,45.79,0,Success
user3972,TXN103654,245.65,P2M,Lucknow,Android,UPI Lite,2026-04-02 18:00:00,38.91,50.6,34.42,35.48,0,Success
user1990,TXN103655,146.14,Bank Transfer,Hyderabad,Android,UPI Lite,2026-04-02 21:00:00,52.91,38.56,63.4,37.35,0,Success
user2812,TXN103656,225.51,Bank Transfer,Pune,Android,UPI,2026-04-03 00:00:00,1.99,41.26,11.49,15.53,0,Success
user9995,TXN103657,218.82,P2M,Lucknow,Android,UPI Lite,2026-04-03 03:00:00,6.03,59.56,5.84,17.61,0,Success
user1489,TXN103658,95.45,Shopping,Bengaluru,iOS,UPI QR,2026-04-03 06:00:00,59.72,6.02,93.06,39.14,0,Failed
user6876,TXN103659,75.57,Bill Payment,Delhi,iOS,UPI AutoPay,2026-04-03 09:00:00,87.92,17.54,79.92,51.01,0,Success
user4645,TXN103660,60.53,Bill Payment,Jaipur,iOS,UPI,2026-04-03 12:00:00,49.34,22.7,27.82,41.62,0,Success
user8081,TXN103661,64.53,Shopping,Ahmedabad,Android,UPI QR,2026-04-03 15:00:00,16.5,40.75,63.88,30.86,0,Success
user3891,TXN103662,135.9,Recharge,Lucknow,iOS,UPI QR,2026-04-03 18:00:00,11.61,37.11,59.25,41.32,0,Success
user4516,TXN103663,115.27,P2P,Delhi,Android,UPI AutoPay,2026-04-03 21:00:00,89.98,72.22,74.3,72.37,1,Success
user4340,TXN103664,88.17,P2P,Chennai,Web,UPI Lite,2026-04-04 00:00:00,70.16,25.92,85.93,52.39,0,Success
user7410,TXN103665,81.88,Bank Transfer,Bengaluru,Android,UPI QR,2026-04-04 03:00:00,96.62,5.71,35.78,48.29,0,Success
user1053,TXN103666,219.62,Recharge,Bengaluru,Web,UPI AutoPay,2026-04-04 06:00:00,8.23,5.54,66.08,4.81,0,Success
user3575,TXN103667,650.41,Shopping,Hyderabad,iOS,UPI AutoPay,2026-04-04 09:00:00,90.26,1.13,80.2,67.85,0,Success
user1615,TXN103668,162.24,P2M,Kolkata,iOS,UPI Lite,2026-04-04 12:00:00,84.56,3.8,69.93,55.23,0,Pending
user6944,TXN103669,151.97,Bill Payment,Kolkata,Android,UPI AutoPay,2026-04-04 15:00:00,89.32,85.87,92.21,81.82,1,Success
user8404,TXN103670,64.4,P2M,Lucknow,Android,UPI AutoPay,2026-04-04 18:00:00,0.58,69.72,49.47,39.31,0,Success
user1954,TXN103671,131.23,Bill Payment,Mumbai,Android,UPI AutoPay,2026-04-04 21:00:00,74.19,99.59,80.26,76.55,1,Success
user2629,TXN103672,539.33,P2M,Kolkata,Android,UPI AutoPay,2026-04-05 00:00:00,54.89,2.03,90.97,39.39,0,Success
user7859,TXN103673,462.88,Shopping,Kolkata,Android,UPI AutoPay,2026-04-05 03:00:00,57.32,84.9,55.71,60.22,0,Success
user9841,TXN103674,431.8,Shopping,Chennai,Web,UPI AutoPay,2026-04-05 06:00:00,46.92,69.61,1.73,35.65,0,Success
user4278,TXN103675,418.16,Recharge,Chennai,Android,UPI QR,2026-04-05 09:00:00,74.27,64.03,81.8,60.2,0,Success
user6455,TXN103676,253.85,P2M,Delhi,Android,UPI,2026-04-05 12:00:00,99.98,35.65,84.6,64.58,0,Success
user4801,TXN103677,244.99,P2M,Bengaluru,Android,UPI Lite,2026-04-05 15:00:00,71.05,37.67,39.99,48.14,0,Success
user3561,TXN103678,209.51,Recharge,Bengaluru,Android,UPI,2026-04-05 18:00:00,67.81,84.56,22.91,57.74,0,Success
user7539,TXN103679,108.11,Recharge,Bengaluru,Android,UPI Lite,2026-04-05 21:00:00,65.44,71.35,97.81,78.85,1,Success
user1370,TXN103680,178.34,Shopping,Delhi,Android,UPI,2026-04-06 00:00:00,69.52,67.03,55.16,56.42,0,Success
user1857,TXN103681,203.49,Shopping,Jaipur,Android,UPI Lite,2026-04-06 03:00:00,34.21,3.06,51.62,21.26,0,Success
user5886,TXN103682,308.95,Bank Transfer,Chennai,iOS,UPI AutoPay,2026-04-06 06:00:00,32.02,18.43,94.61,32.2,0,Failed
user8485,TXN103683,181.32,P2M,Delhi,Android,UPI,2026-04-06 09:00:00,78.43,96.26,40.81,69.99,0,Pending
user1383,TXN103684,1346.36,Shopping,Bengaluru,iOS,UPI,2026-04-06 12:00:00,5.31,45.44,84.81,49.59,0,Pending
user5334,TXN103685,48.92,Shopping,Lucknow,Web,UPI Lite,2026-04-06 15:00:00,75.92,78.14,70.07,64.89,0,Pending
user5290,TXN103686,348.79,P2M,Chennai,Android,UPI Lite,2026-04-06 18:00:00,81.38,38.93,96.77,61.11,0,Success
user3725,TXN103687,157.39,Recharge,Pune,iOS,UPI QR,2026-04-06 21:00:00,52.16,76.43,42.87,58.27,0,Success
user7204,TXN103688,164.37,P2M,Kolkata,Android,UPI AutoPay,2026-04-07 00:00:00,91.01,11.92,90.76,51.0,0,Success
user7111,TXN103689,72.78,P2P,Chennai,Android,UPI AutoPay,2026-04-07 03:00:00,47.31,4.21,56.89,43.53,0,Success
user5251,TXN103690,454.57,P2M,Chennai,Android,UPI QR,2026-04-07 06:00:00,17.81,46.62,47.59,32.5,0,Success
user1922,TXN103691,315.08,P2P,Bengaluru,Android,UPI Lite,2026-04-07 09:00:00,36.14,59.16,30.57,41.3,0,Success
user3915,TXN103692,377.53,P2M,Ahmedabad,Web,UPI AutoPay,2026-04-07 12:00:00,90.59,32.37,55.27,56.25,0,Success
user8957,TXN103693,194.27,P2P,Jaipur,Android,UPI Lite,2026-04-07 15:00:00,99.37,71.6,57.26,53.43,0,Success
user4046,TXN103694,118.52,P2P,Chennai,Android,UPI AutoPay,2026-04-07 18:00:00,42.19,49.58,89.84,51.87,0,Success
user2230,TXN103695,153.46,P2M,Delhi,Android,UPI,2026-04-07 21:00:00,16.68,92.83,70.41,48.92,0,Success
user8647,TXN103696,253.02,Bank Transfer,Mumbai,Android,UPI,2026-04-08 00:00:00,28.63,8.5,82.65,36.47,0,Success
user5933,TXN103697,22.07,Shopping,Bengaluru,Web,UPI AutoPay,2026-04-08 03:00:00,55.33,6.66,76.91,48.63,0,Success
user4940,TXN103698,392.66,Bill Payment,Bengaluru,Android,UPI AutoPay,2026-04-08 06:00:00,57.21,90.51,27.66,58.33,0,Success
user7483,TXN103699,1856.03,Shopping,Ahmedabad,Android,UPI AutoPay,2026-04-08 09:00:00,63.01,66.91,20.58,46.32,0,Success
user1203,TXN103700,265.16,P2P,Hyderabad,Android,UPI QR,2026-04-08 12:00:00,83.54,67.11,25.85,67.89,0,Success
user1160,TXN103701,123.85,P2M,Mumbai,Android,UPI AutoPay,2026-04-08 15:00:00,71.12,2.76,14.66,29.95,0,Success
user9960,TXN103702,139.6,P2M,Pune,Android,UPI QR,2026-04-08 18:00:00,26.08,93.77,38.6,56.15,0,Success
user4748,TXN103703,332.8,P2M,Kolkata,Android,UPI QR,2026-04-08 21:00:00,39.5,77.18,65.39,60.17,0,Success
user7718,TXN103704,126.69,P2M,Hyderabad,Android,UPI,2026-04-09 00:00:00,83.98,76.43,53.7,59.03,0,Success
user3581,TXN103705,390.99,Bank Transfer,Lucknow,iOS,UPI AutoPay,2026-04-09 03:00:00,63.34,91.19,67.92,74.71,1,Success
user2093,TXN103706,137.81,Bill Payment,Chennai,Android,UPI,2026-04-09 06:00:00,16.64,57.82,35.61,38.42,0,Success
user5500,TXN103707,910.67,Recharge,Lucknow,iOS,UPI,2026-04-09 09:00:00,32.55,39.47,20.53,30.73,0,Success
user9799,TXN103708,885.89,P2P,Pune,Web,UPI QR,2026-04-09 12:00:00,79.11,48.07,20.28,45.82,0,Success
user6710,TXN103709,117.9,Bill Payment,Delhi,Web,UPI Lite,2026-04-09 15:00:00,17.21,77.72,60.09,50.3,0,Success
user3875,TXN103710,151.26,Shopping,Jaipur,Android,UPI QR,2026-04-09 18:00:00,69.11,76.87,16.43,58.61,0,Success
user4191,TXN103711,160.39,Recharge,Delhi,Web,UPI,2026-04-09 21:00:00,56.35,60.96,39.72,45.39,0,Success
user2837,TXN103712,162.56,Recharge,Delhi,iOS,UPI QR,2026-04-10 00:00:00,14.75,21.81,21.28,21.59,0,Success
user1689,TXN103713,63.6,P2M,Delhi,iOS,UPI QR,2026-04-10 03:00:00,68.89,81.89,66.28,63.02,0,Success
user4759,TXN103714,55.3,Bill Payment,Mumbai,Android,UPI QR,2026-04-10 06:00:00,14.23,64.72,61.54,36.05,0,Success
user3103,TXN103715,572.35,Shopping,Bengaluru,Android,UPI AutoPay,2026-04-10 09:00:00,39.84,22.13,38.11,34.28,0,Pending
user1365,TXN103716,487.74,P2M,Chennai,Web,UPI QR,2026-04-10 12:00:00,30.86,48.06,12.87,34.94,0,Success
user9092,TXN103717,479.39,P2M,Kolkata,Android,UPI,2026-04-10 15:00:00,69.0,99.72,21.18,63.95,0,Success
user5172,TXN103718,153.03,Bank Transfer,Mumbai,Android,UPI QR,2026-04-10 18:00:00,78.24,32.84,47.22,48.38,0,Success
user7033,TXN103719,1087.91,P2P,Hyderabad,Android,UPI AutoPay,2026-04-10 21:00:00,16.83,11.66,97.21,27.84,0,Success
user3378,TXN103720,160.38,Recharge,Hyderabad,Web,UPI,2026-04-11 00:00:00,81.2,2.17,27.08,33.99,0,Success
user2205,TXN103721,388.73,Shopping,Mumbai,Android,UPI QR,2026-04-11 03:00:00,0.72,18.46,19.12,13.96,0,Success
user5988,TXN103722,40.91,Recharge,Pune,Web,UPI,2026-04-11 06:00:00,53.01,18.7,22.07,44.84,0,Success
user6669,TXN103723,130.36,Bill Payment,Lucknow,Android,UPI AutoPay,2026-04-11 09:00:00,51.68,85.81,70.81,54.99,0,Success
user3735,TXN103724,140.36,P2P,Mumbai,Android,UPI Lite,2026-04-11 12:00:00,62.38,15.62,91.47,48.86,0,Success
user9490,TXN103725,153.62,P2M,Mumbai,Android,UPI AutoPay,2026-04-11 15:00:00,23.97,86.27,7.52,35.33,0,Success
user1956,TXN103726,43.58,P2P,Kolkata,Android,UPI AutoPay,2026-04-11 18:00:00,0.99,8.67,74.93,6.08,0,Success
user7623,TXN103727,331.58,P2M,Kolkata,Android,UPI,2026-04-11 21:00:00,45.48,90.66,49.46,52.01,0,Success
user2474,TXN103728,458.8,P2P,Bengaluru,Android,UPI,2026-04-12 00:00:00,7.14,25.64,82.52,23.38,0,Success
user5460,TXN103729,77.96,P2M,Kolkata,Android,UPI Lite,2026-04-12 03:00:00,89.22,61.15,42.15,57.45,0,Success
user8002,TXN103730,52.07,Recharge,Bengaluru,Android,UPI Lite,2026-04-12 06:00:00,17.37,15.97,0.52,21.63,0,Success
user7396,TXN103731,76.02,Recharge,Delhi,iOS,UPI Lite,2026-04-12 09:00:00,42.52,39.01,68.28,48.4,0,Success
user3828,TXN103732,269.21,Recharge,Lucknow,Android,UPI AutoPay,2026-04-12 12:00:00,43.4,8.58,80.8,39.72,0,Success
user3850,TXN103733,90.32,Recharge,Pune,Android,UPI AutoPay,2026-04-12 15:00:00,55.29,57.95,90.2,73.12,1,Success
user3964,TXN103734,143.44,P2P,Lucknow,Android,UPI Lite,2026-04-12 18:00:00,78.25,34.59,56.91,62.15,0,Success
user5594,TXN103735,56.07,P2M,Bengaluru,Android,UPI Lite,2026-04-12 21:00:00,47.21,85.22,12.2,39.63,0,Success
user7644,TXN103736,1187.12,Recharge,Kolkata,Web,UPI Lite,2026-04-13 00:00:00,2.58,18.18,36.98,5.19,0,Success
user3850,TXN103737,176.48,P2P,Mumbai,Android,UPI QR,2026-04-13 03:00:00,77.11,28.0,78.43,39.1,0,Success
user1165,TXN103738,517.87,P2M,Chennai,Android,UPI QR,2026-04-13 06:00:00,8.22,17.73,49.44,15.43,0,Success
user1919,TXN103739,268.59,P2P,Delhi,Android,UPI Lite,2026-04-13 09:00:00,64.16,56.38,69.92,53.42,0,Success
user9305,TXN103740,157.29,Bank Transfer,Ahmedabad,iOS,UPI AutoPay,2026-04-13 12:00:00,80.34,11.17,0.47,42.73,0,Success
user4504,TXN103741,149.36,Recharge,Hyderabad,Android,UPI,2026-04-13 15:00:00,28.27,18.94,7.3,26.11,0,Success
user1991,TXN103742,79.42,Bill Payment,Bengaluru,Android,UPI AutoPay,2026-04-13 18:00:00,44.91,67.85,68.12,59.7,0,Success
user7047,TXN103743,104.54,P2P,Lucknow,iOS,UPI,2026-04-13 21:00:00,1.43,7.44,29.02,6.67,0,Success
user4839,TXN103744,59.87,Recharge,Kolkata,Android,UPI Lite,2026-04-14 00:00:00,80.39,74.32,38.82,58.94,0,Success
user2258,TXN103745,53.69,Shopping,Delhi,Android,UPI QR,2026-04-14 03:00:00,70.33,10.43,64.21,41.05,0,Success
user8609,TXN103746,1321.31,P2M,Hyderabad,Android,UPI QR,2026-04-14 06:00:00,23.14,58.55,11.2,46.54,0,Success
user9706,TXN103747,216.79,Bank Transfer,Ahmedabad,Android,UPI,2026-04-14 09:00:00,39.02,99.78,83.27,60.46,0,Success
user5804,TXN103748,710.32,Recharge,Mumbai,iOS,UPI Lite,2026-04-14 12:00:00,69.53,17.39,14.44,29.03,0,Success
user1067,TXN103749,74.14,Shopping,Mumbai,Web,UPI QR,2026-04-14 15:00:00,35.82,26.11,73.33,42.81,0,Success
user6660,TXN103750,46.92,P2P,Bengaluru,Android,UPI Lite,2026-04-14 18:00:00,16.24,89.84,29.28,33.31,0,Failed
user5478,TXN103751,61.7,P2P,Bengaluru,iOS,UPI Lite,2026-04-14 21:00:00,51.85,62.63,26.0,47.46,0,Pending
user9210,TXN103752,107.55,Shopping,Kolkata,Android,UPI,2026-04-15 00:00:00,72.36,49.25,82.13,62.87,0,Success
user4521,TXN103753,170.12,Bank Transfer,Chennai,iOS,UPI Lite,2026-04-15 03:00:00,32.08,56.27,55.22,37.06,0,Success
user1572,TXN103754,141.04,Shopping,Kolkata,Android,UPI Lite,2026-04-15 06:00:00,12.18,29.55,20.55,16.14,0,Failed
user8082,TXN103755,75.7,P2M,Pune,Android,UPI,2026-04-15 09:00:00,82.95,85.53,0.25,48.99,0,Success
user8832,TXN103756,179.06,P2P,Delhi,Android,UPI QR,2026-04-15 12:00:00,25.28,74.53,97.3,62.99,0,Success
user6395,TXN103757,195.47,Shopping,Delhi,Android,UPI AutoPay,2026-04-15 15:00:00,51.28,64.25,43.14,47.37,0,Success
user3258,TXN103758,331.05,Bill Payment,Lucknow,iOS,UPI Lite,2026-04-15 18:00:00,69.13,93.17,39.74,61.25,0,Success
user7039,TXN103759,713.68,Bill Payment,Mumbai,Android,UPI,2026-04-15 21:00:00,31.71,57.81,5.03,36.79,0,Success
user1650,TXN103760,113.99,Shopping,Jaipur,Android,UPI QR,2026-04-16 00:00:00,64.86,51.19,89.44,65.37,0,Success
user6741,TXN103761,553.07,P2M,Kolkata,Android,UPI Lite,2026-04-16 03:00:00,45.97,97.57,14.06,51.62,0,Success
user7838,TXN103762,175.2,P2P,Lucknow,Android,UPI AutoPay,2026-04-16 06:00:00,57.04,20.6,33.55,42.19,0,Success
user3587,TXN103763,35.61,Bill Payment,Bengaluru,Android,UPI QR,2026-04-16 09:00:00,59.06,14.2,42.11,34.44,0,Success
user8876,TXN103764,975.81,Shopping,Delhi,Android,UPI,2026-04-16 12:00:00,82.42,16.23,81.01,49.67,0,Success
user4262,TXN103765,1591.67,Shopping,Bengaluru,Android,UPI Lite,2026-04-16 15:00:00,65.63,98.94,35.95,65.86,0,Success
user2338,TXN103766,304.63,Recharge,Kolkata,Android,UPI,2026-04-16 18:00:00,26.43,65.23,53.15,42.47,0,Success
user5996,TXN103767,179.43,Shopping,Hyderabad,iOS,UPI AutoPay,2026-04-16 21:00:00,5.96,30.59,42.87,32.39,0,Success
user6780,TXN103768,125.04,P2M,Bengaluru,Web,UPI AutoPay,2026-04-17 00:00:00,0.2,24.9,31.18,13.74,0,Success
user3827,TXN103769,103.14,Bill Payment,Jaipur,Android,UPI,2026-04-17 03:00:00,90.44,5.66,94.63,68.35,0,Success
user6232,TXN103770,550.43,Recharge,Delhi,Android,UPI Lite,2026-04-17 06:00:00,94.21,13.19,79.69,49.45,0,Success
user3217,TXN103771,161.21,Bill Payment,Kolkata,Android,UPI,2026-04-17 09:00:00,9.41,90.82,17.44,33.57,0,Success
user4539,TXN103772,874.75,Bill Payment,Lucknow,Android,UPI QR,2026-04-17 12:00:00,48.71,74.73,55.47,52.88,0,Success
user8845,TXN103773,169.84,P2M,Chennai,iOS,UPI,2026-04-17 15:00:00,15.16,94.16,79.66,51.56,0,Success
user5383,TXN103774,108.6,Shopping,Chennai,Android,UPI AutoPay,2026-04-17 18:00:00,94.87,42.37,57.98,68.59,0,Success
user3961,TXN103775,89.9,P2M,Kolkata,Android,UPI Lite,2026-04-17 21:00:00,24.68,60.12,49.38,35.95,0,Success
user4226,TXN103776,77.97,Shopping,Chennai,Android,UPI Lite,2026-04-18 00:00:00,50.16,48.37,7.21,40.97,0,Success
user7837,TXN103777,274.28,Recharge,Delhi,Web,UPI AutoPay,2026-04-18 03:00:00,16.56,88.14,10.61,34.84,0,Success
user8031,TXN103778,44.95,P2M,Hyderabad,iOS,UPI AutoPay,2026-04-18 06:00:00,33.28,99.14,24.52,46.93,0,Success
user4716,TXN103779,72.36,P2M,Bengaluru,iOS,UPI QR,2026-04-18 09:00:00,26.68,93.28,51.34,40.93,0,Success
user4414,TXN103780,616.76,Bank Transfer,Jaipur,Android,UPI AutoPay,2026-04-18 12:00:00,47.54,59.81,98.73,69.28,0,Success
user2448,TXN103781,63.15,P2P,Ahmedabad,Android,UPI AutoPay,2026-04-18 15:00:00,41.98,6.18,80.23,47.47,0,Success
user1570,TXN103782,388.66,P2M,Lucknow,iOS,UPI AutoPay,2026-04-18 18:00:00,33.08,61.75,11.01,24.88,0,Success
user3904,TXN103783,20.84,Bank Transfer,Delhi,Android,UPI Lite,2026-04-18 21:00:00,10.59,9.7,71.73,35.9,0,Success
user3505,TXN103784,699.31,P2P,Mumbai,Android,UPI AutoPay,2026-04-19 00:00:00,48.45,13.88,81.05,32.68,0,Success
user1917,TXN103785,46.05,Shopping,Pune,Android,UPI,2026-04-19 03:00:00,85.02,19.13,41.43,44.77,0,Success
user7982,TXN103786,68.28,Shopping,Pune,Android,UPI,2026-04-19 06:00:00,73.02,36.35,33.01,44.14,0,Success
user8427,TXN103787,323.87,Shopping,Lucknow,Android,UPI Lite,2026-04-19 09:00:00,72.06,59.18,58.46,56.12,0,Success
user7336,TXN103788,214.95,Bank Transfer,Delhi,iOS,UPI QR,2026-04-19 12:00:00,36.61,33.36,51.92,43.85,0,Success
user2678,TXN103789,401.41,Bank Transfer,Kolkata,Android,UPI QR,2026-04-19 15:00:00,70.84,45.23,26.52,51.03,0,Success
user1615,TXN103790,45.68,P2P,Bengaluru,iOS,UPI Lite,2026-04-19 18:00:00,46.55,4.73,39.74,15.84,0,Success
user8086,TXN103791,123.12,Shopping,Kolkata,iOS,UPI,2026-04-19 21:00:00,15.03,61.98,54.44,48.02,0,Success
user5749,TXN103792,88.49,Bill Payment,Kolkata,Web,UPI Lite,2026-04-20 00:00:00,41.9,65.7,57.99,60.77,0,Success
user4505,TXN103793,54.04,P2M,Mumbai,Android,UPI AutoPay,2026-04-20 03:00:00,13.27,9.94,53.17,25.78,0,Success
user5529,TXN103794,297.64,Bank Transfer,Chennai,Android,UPI Lite,2026-04-20 06:00:00,11.45,78.51,84.61,46.86,0,Success
user2135,TXN103795,421.18,Bank Transfer,Pune,Web,UPI QR,2026-04-20 09:00:00,2.31,64.75,3.17,23.41,0,Success
user9566,TXN103796,117.11,Bank Transfer,Ahmedabad,Android,UPI,2026-04-20 12:00:00,28.29,48.97,33.3,31.16,0,Success
user8226,TXN103797,751.98,P2P,Ahmedabad,Android,UPI QR,2026-04-20 15:00:00,33.09,55.29,74.98,55.26,0,Success
user6162,TXN103798,74.76,Shopping,Bengaluru,Android,UPI QR,2026-04-20 18:00:00,69.94,50.3,65.18,43.47,0,Success
user1206,TXN103799,733.97,Bill Payment,Pune,Android,UPI,2026-04-20 21:00:00,53.8,5.38,91.83,47.67,0,Success
user5875,TXN103800,287.79,P2M,Mumbai,Android,UPI AutoPay,2026-04-21 00:00:00,85.84,73.51,58.8,75.46,1,Success
user2319,TXN103801,48.25,P2M,Lucknow,iOS,UPI,2026-04-21 03:00:00,17.65,51.18,63.82,35.87,0,Success
user2141,TXN103802,1189.78,Shopping,Delhi,iOS,UPI,2026-04-21 06:00:00,26.6,17.28,70.49,38.36,0,Pending
user5627,TXN103803,105.16,Bill Payment,Kolkata,Android,UPI Lite,2026-04-21 09:00:00,94.11,68.07,18.62,45.93,0,Success
user8389,TXN103804,547.37,P2P,Kolkata,iOS,UPI,2026-04-21 12:00:00,44.4,69.51,75.32,49.64,0,Success
user3690,TXN103805,189.74,Bank Transfer,Jaipur,Android,UPI Lite,2026-04-21 15:00:00,78.91,21.35,29.99,44.68,0,Success
user8323,TXN103806,238.52,Bank Transfer,Lucknow,Android,UPI QR,2026-04-21 18:00:00,49.22,79.65,42.45,55.37,0,Success
user4255,TXN103807,403.92,Shopping,Jaipur,Web,UPI,2026-04-21 21:00:00,47.11,45.65,1.4,27.27,0,Success
user9281,TXN103808,382.16,P2M,Jaipur,Android,UPI AutoPay,2026-04-22 00:00:00,14.81,18.06,84.36,34.59,0,Success
user6213,TXN103809,116.5,Bank Transfer,Chennai,iOS,UPI Lite,2026-04-22 03:00:00,85.12,65.76,95.35,73.19,1,Success
user5108,TXN103810,279.13,P2M,Ahmedabad,Android,UPI Lite,2026-04-22 06:00:00,7.84,59.67,6.02,9.85,0,Success
user4020,TXN103811,258.94,P2M,Jaipur,iOS,UPI AutoPay,2026-04-22 09:00:00,31.03,17.04,63.52,30.74,0,Success
user2857,TXN103812,203.07,Shopping,Kolkata,Android,UPI Lite,2026-04-22 12:00:00,67.35,87.23,96.08,79.24,1,Success
user9996,TXN103813,133.85,Recharge,Pune,Android,UPI Lite,2026-04-22 15:00:00,50.73,85.45,60.69,68.12,0,Success
user3789,TXN103814,202.67,Recharge,Pune,Android,UPI AutoPay,2026-04-22 18:00:00,88.14,83.62,79.8,74.61,1,Success
user4875,TXN103815,1173.26,Recharge,Chennai,Android,UPI QR,2026-04-22 21:00:00,3.93,39.92,11.81,21.35,0,Success
user8605,TXN103816,122.12,Bill Payment,Pune,Android,UPI,2026-04-23 00:00:00,64.94,82.46,24.48,55.04,0,Success
user9135,TXN103817,548.17,Shopping,Kolkata,iOS,UPI,2026-04-23 03:00:00,47.75,84.48,34.57,55.54,0,Failed
user7055,TXN103818,88.27,P2M,Ahmedabad,Android,UPI,2026-04-23 06:00:00,15.43,99.65,98.12,55.47,0,Success
user4882,TXN103819,67.94,Bank Transfer,Ahmedabad,iOS,UPI,2026-04-23 09:00:00,74.33,95.76,78.18,73.92,1,Success
user8175,TXN103820,4343.34,Bill Payment,Ahmedabad,Android,UPI,2026-04-23 12:00:00,41.13,38.28,88.57,60.52,0,Success
user8129,TXN103821,281.47,Recharge,Delhi,Android,UPI,2026-04-23 15:00:00,53.16,19.82,48.71,40.11,0,Success
user6021,TXN103822,289.31,P2P,Lucknow,Web,UPI Lite,2026-04-23 18:00:00,96.73,29.25,71.68,65.38,0,Failed
user5735,TXN103823,297.44,Bill Payment,Delhi,Web,UPI,2026-04-23 21:00:00,48.62,49.48,73.16,56.32,0,Success
user3387,TXN103824,670.01,Bill Payment,Delhi,Android,UPI Lite,2026-04-24 00:00:00,82.34,80.55,56.89,69.67,0,Success
user7582,TXN103825,246.61,Shopping,Delhi,iOS,UPI AutoPay,2026-04-24 03:00:00,76.96,72.3,87.8,73.15,1,Success
user6866,TXN103826,371.01,Bank Transfer,Pune,Android,UPI QR,2026-04-24 06:00:00,66.28,78.77,15.83,47.56,0,Success
user3566,TXN103827,56.91,Bill Payment,Hyderabad,Android,UPI Lite,2026-04-24 09:00:00,89.68,37.99,5.75,50.36,0,Success
user1975,TXN103828,438.75,Bank Transfer,Pune,Android,UPI QR,2026-04-24 12:00:00,25.16,24.69,30.41,17.14,0,Success
user8212,TXN103829,129.44,Shopping,Hyderabad,Web,UPI AutoPay,2026-04-24 15:00:00,82.08,2.41,8.83,36.25,0,Success
user2262,TXN103830,321.1,P2P,Pune,Web,UPI,2026-04-24 18:00:00,37.78,62.62,6.03,35.08,0,Success
user6047,TXN103831,29.51,P2M,Kolkata,Android,UPI QR,2026-04-24 21:00:00,81.25,79.5,41.91,57.81,0,Success
user8382,TXN103832,308.02,P2M,Lucknow,iOS,UPI QR,2026-04-25 00:00:00,49.38,88.91,20.05,44.87,0,Success
user7231,TXN103833,17.43,Recharge,Mumbai,iOS,UPI AutoPay,2026-04-25 03:00:00,85.77,47.62,79.01,65.6,0,Success
user4327,TXN103834,124.47,Recharge,Mumbai,Android,UPI AutoPay,2026-04-25 06:00:00,89.48,92.76,57.98,72.15,1,Success
user6630,TXN103835,29.8,P2P,Delhi,iOS,UPI AutoPay,2026-04-25 09:00:00,59.76,20.24,36.06,33.06,0,Failed
user3259,TXN103836,308.91,P2M,Mumbai,Android,UPI Lite,2026-04-25 12:00:00,50.76,51.44,28.65,43.92,0,Success
user2257,TXN103837,175.79,Recharge,Lucknow,Android,UPI Lite,2026-04-25 15:00:00,78.33,21.38,56.31,36.52,0,Success
user1464,TXN103838,75.88,Bank Transfer,Lucknow,iOS,UPI QR,2026-04-25 18:00:00,26.7,18.81,43.4,26.63,0,Success
user4294,TXN103839,688.43,Bill Payment,Bengaluru,Android,UPI AutoPay,2026-04-25 21:00:00,1.53,95.34,5.57,29.29,0,Success
user7774,TXN103840,66.91,Shopping,Chennai,Android,UPI QR,2026-04-26 00:00:00,40.71,81.77,66.52,46.94,0,Success
user8431,TXN103841,7.92,Recharge,Lucknow,Android,UPI,2026-04-26 03:00:00,50.78,1.18,49.98,28.27,0,Success
user2230,TXN103842,274.14,P2P,Chennai,iOS,UPI AutoPay,2026-04-26 06:00:00,29.73,26.85,27.69,16.74,0,Failed
user4805,TXN103843,28.03,P2M,Mumbai,Android,UPI Lite,2026-04-26 09:00:00,38.34,20.51,29.04,35.16,0,Success
user7419,TXN103844,69.06,P2P,Chennai,Android,UPI AutoPay,2026-04-26 12:00:00,13.31,14.71,45.28,25.57,0,Success
user6750,TXN103845,97.77,Shopping,Hyderabad,Android,UPI QR,2026-04-26 15:00:00,27.73,69.74,82.76,57.31,0,Success
user4856,TXN103846,39.49,Shopping,Kolkata,Android,UPI Lite,2026-04-26 18:00:00,24.01,56.68,42.31,39.64,0,Success
user4135,TXN103847,100.11,P2P,Chennai,iOS,UPI,2026-04-26 21:00:00,30.1,45.39,83.96,30.36,0,Success
user7953,TXN103848,40.23,Recharge,Kolkata,Android,UPI,2026-04-27 00:00:00,29.91,18.95,42.49,18.61,0,Success
user7034,TXN103849,192.94,Recharge,Delhi,Android,UPI QR,2026-04-27 03:00:00,55.9,27.76,82.99,55.28,0,Success
user5589,TXN103850,48.0,P2M,Mumbai,Android,UPI AutoPay,2026-04-27 06:00:00,25.06,35.61,93.15,56.64,0,Failed
user2546,TXN103851,169.04,Bank Transfer,Kolkata,Android,UPI,2026-04-27 09:00:00,94.1,78.55,2.06,59.98,0,Success
user7065,TXN103852,524.27,P2M,Jaipur,Web,UPI QR,2026-04-27 12:00:00,51.13,98.92,6.23,59.91,0,Success
user2094,TXN103853,358.66,Bill Payment,Delhi,Android,UPI Lite,2026-04-27 15:00:00,12.9,18.4,13.4,8.41,0,Success
user3411,TXN103854,151.15,Bank Transfer,Kolkata,iOS,UPI Lite,2026-04-27 18:00:00,27.96,34.15,12.21,19.02,0,Pending
user3617,TXN103855,61.02,Bill Payment,Bengaluru,Android,UPI QR,2026-04-27 21:00:00,72.98,28.02,45.45,50.12,0,Success
user9954,TXN103856,192.32,P2M,Chennai,Android,UPI AutoPay,2026-04-28 00:00:00,1.37,4.41,76.4,15.68,0,Success
user5145,TXN103857,81.8,Bank Transfer,Bengaluru,Web,UPI AutoPay,2026-04-28 03:00:00,93.78,21.92,96.13,52.28,0,Success
user3775,TXN103858,200.56,Bank Transfer,Lucknow,Android,UPI AutoPay,2026-04-28 06:00:00,44.52,90.16,41.78,58.72,0,Success
user7628,TXN103859,29.51,Bill Payment,Hyderabad,Android,UPI AutoPay,2026-04-28 09:00:00,52.11,84.29,68.85,55.77,0,Success
user4155,TXN103860,367.7,P2P,Delhi,Web,UPI QR,2026-04-28 12:00:00,98.84,16.76,63.55,42.69,0,Success
user4970,TXN103861,169.56,Recharge,Ahmedabad,iOS,UPI QR,2026-04-28 15:00:00,50.34,36.62,39.32,46.9,0,Success
user8972,TXN103862,1492.96,Bank Transfer,Ahmedabad,Android,UPI Lite,2026-04-28 18:00:00,94.77,31.08,72.11,67.04,0,Success
user9775,TXN103863,605.5,Bank Transfer,Kolkata,Android,UPI Lite,2026-04-28 21:00:00,91.52,14.77,59.2,57.36,0,Failed
user6415,TXN103864,288.93,Bill Payment,Chennai,Android,UPI AutoPay,2026-04-29 00:00:00,94.13,62.22,75.99,76.5,1,Success
user5331,TXN103865,144.89,Bank Transfer,Mumbai,iOS,UPI,2026-04-29 03:00:00,81.24,55.73,19.36,57.08,0,Success
user2942,TXN103866,79.07,Bill Payment,Ahmedabad,Android,UPI,2026-04-29 06:00:00,29.64,42.7,36.03,35.87,0,Success
user7026,TXN103867,420.91,P2P,Mumbai,Web,UPI Lite,2026-04-29 09:00:00,34.64,85.55,67.12,44.99,0,Success
user9301,TXN103868,130.39,Bank Transfer,Ahmedabad,Android,UPI Lite,2026-04-29 12:00:00,36.5,61.97,12.48,27.14,0,Success
user1191,TXN103869,527.61,Shopping,Delhi,Android,UPI QR,2026-04-29 15:00:00,97.92,25.93,77.04,69.41,0,Success
user1861,TXN103870,244.89,P2M,Ahmedabad,Android,UPI Lite,2026-04-29 18:00:00,36.08,37.37,13.34,31.68,0,Success
user7711,TXN103871,246.66,P2P,Lucknow,Android,UPI Lite,2026-04-29 21:00:00,10.87,15.02,32.45,16.0,0,Success
user1649,TXN103872,297.24,Shopping,Pune,Android,UPI AutoPay,2026-04-30 00:00:00,77.83,59.14,23.75,39.73,0,Success
user5134,TXN103873,65.39,P2P,Kolkata,Android,UPI,2026-04-30 03:00:00,36.61,58.66,6.1,26.19,0,Success
user8587,TXN103874,59.02,Recharge,Hyderabad,iOS,UPI,2026-04-30 06:00:00,62.09,87.02,27.07,52.59,0,Success
user9828,TXN103875,57.01,P2P,Ahmedabad,Android,UPI QR,2026-04-30 09:00:00,92.44,85.58,91.15,75.64,1,Success
user2036,TXN103876,467.55,P2P,Chennai,Android,UPI,2026-04-30 12:00:00,57.55,83.69,2.69,39.53,0,Success
user5131,TXN103877,63.71,Recharge,Hyderabad,Web,UPI AutoPay,2026-04-30 15:00:00,63.77,54.9,1.68,41.67,0,Success
user3148,TXN103878,72.16,Bank Transfer,Mumbai,Web,UPI AutoPay,2026-04-30 18:00:00,64.29,65.2,70.43,70.09,1,Success
user6457,TXN103879,280.76,P2M,Bengaluru,Android,UPI QR,2026-04-30 21:00:00,61.24,77.55,36.69,58.92,0,Success
user7079,TXN103880,127.48,Shopping,Lucknow,Web,UPI Lite,2026-05-01 00:00:00,15.98,9.17,22.97,11.02,0,Success
user3430,TXN103881,112.19,Bill Payment,Jaipur,Android,UPI Lite,2026-05-01 03:00:00,45.64,30.06,50.89,37.47,0,Success
user2879,TXN103882,102.87,P2M,Jaipur,Android,UPI AutoPay,2026-05-01 06:00:00,0.77,16.91,26.67,16.52,0,Success
user8542,TXN103883,16.03,P2P,Hyderabad,iOS,UPI QR,2026-05-01 09:00:00,62.63,51.15,39.2,42.92,0,Success
user3011,TXN103884,62.37,Bill Payment,Bengaluru,iOS,UPI AutoPay,2026-05-01 12:00:00,57.54,83.77,71.53,64.77,0,Success
user4373,TXN103885,534.62,Recharge,Chennai,iOS,UPI,2026-05-01 15:00:00,31.81,23.07,11.69,19.55,0,Success
user8357,TXN103886,95.64,P2M,Hyderabad,iOS,UPI,2026-05-01 18:00:00,52.39,73.09,95.97,61.8,0,Success
user2289,TXN103887,24.52,Bank Transfer,Mumbai,Android,UPI AutoPay,2026-05-01 21:00:00,49.31,40.58,4.25,19.43,0,Success
user2447,TXN103888,59.86,Shopping,Delhi,Android,UPI Lite,2026-05-02 00:00:00,25.09,90.31,80.65,56.47,0,Success
user4199,TXN103889,235.06,P2M,Hyderabad,Android,UPI,2026-05-02 03:00:00,29.33,62.68,72.46,50.52,0,Success
user7381,TXN103890,230.45,P2M,Jaipur,Android,UPI QR,2026-05-02 06:00:00,76.25,97.66,28.21,69.4,0,Success
user8522,TXN103891,122.21,Bank Transfer,Pune,Android,UPI Lite,2026-05-02 09:00:00,75.57,24.57,11.83,24.82,0,Failed
user7059,TXN103892,82.33,Bill Payment,Jaipur,Android,UPI,2026-05-02 12:00:00,46.98,92.4,85.24,72.31,1,Success
user4183,TXN103893,40.36,Recharge,Bengaluru,iOS,UPI AutoPay,2026-05-02 15:00:00,71.75,35.71,67.96,57.99,0,Failed
user6462,TXN103894,237.03,Bank Transfer,Mumbai,iOS,UPI Lite,2026-05-02 18:00:00,45.08,62.2,29.09,52.49,0,Success
user4216,TXN103895,379.13,Recharge,Chennai,Android,UPI Lite,2026-05-02 21:00:00,85.14,17.45,1.69,33.67,0,Success
user4136,TXN103896,595.19,Bank Transfer,Lucknow,Android,UPI,2026-05-03 00:00:00,33.28,75.98,93.85,59.58,0,Success
user4318,TXN103897,54.02,P2M,Kolkata,iOS,UPI QR,2026-05-03 03:00:00,92.73,97.83,40.43,64.84,0,Success
user3782,TXN103898,642.6,Recharge,Pune,Android,UPI,2026-05-03 06:00:00,54.23,78.74,17.63,47.86,0,Success
user8657,TXN103899,154.99,Bill Payment,Lucknow,Web,UPI,2026-05-03 09:00:00,53.57,61.58,91.18,58.12,0,Success
user5920,TXN103900,168.44,Bill Payment,Hyderabad,Android,UPI,2026-05-03 12:00:00,67.08,44.82,35.9,47.3,0,Success
user7324,TXN103901,400.85,Shopping,Pune,Android,UPI,2026-05-03 15:00:00,34.09,34.52,46.33,34.37,0,Success
user7327,TXN103902,95.49,Recharge,Bengaluru,Web,UPI,2026-05-03 18:00:00,72.43,41.9,69.86,61.26,0,Failed
user9417,TXN103903,18.84,Shopping,Mumbai,Web,UPI AutoPay,2026-05-03 21:00:00,32.04,32.83,81.94,40.16,0,Success
user1776,TXN103904,331.91,Bank Transfer,Chennai,Android,UPI,2026-05-04 00:00:00,39.75,83.27,10.02,50.97,0,Success
user6208,TXN103905,232.43,P2P,Lucknow,Android,UPI QR,2026-05-04 03:00:00,67.47,89.31,89.87,56.07,0,Success
user1687,TXN103906,114.4,Bill Payment,Hyderabad,iOS,UPI Lite,2026-05-04 06:00:00,37.84,94.97,93.25,74.33,1,Success
user1529,TXN103907,305.68,P2M,Mumbai,Android,UPI AutoPay,2026-05-04 09:00:00,20.0,41.84,25.93,17.0,0,Failed
user6067,TXN103908,375.01,Bill Payment,Hyderabad,iOS,UPI QR,2026-05-04 12:00:00,87.19,54.62,49.74,65.84,0,Pending
user9080,TXN103909,36.16,P2P,Chennai,Android,UPI,2026-05-04 15:00:00,92.22,57.69,85.79,75.83,1,Success
user6518,TXN103910,167.76,P2M,Lucknow,Android,UPI QR,2026-05-04 18:00:00,62.67,65.11,48.73,46.48,0,Success
user3153,TXN103911,16.82,Recharge,Hyderabad,Android,UPI Lite,2026-05-04 21:00:00,81.12,0.25,48.2,49.11,0,Success
user7094,TXN103912,144.94,Recharge,Mumbai,Android,UPI QR,2026-05-05 00:00:00,98.67,84.27,61.85,67.27,0,Success
user7974,TXN103913,112.99,Bill Payment,Hyderabad,Android,UPI,2026-05-05 03:00:00,61.48,26.81,76.74,39.73,0,Failed
user5774,TXN103914,268.25,P2M,Lucknow,Android,UPI Lite,2026-05-05 06:00:00,90.88,47.22,66.56,60.01,0,Success
user8692,TXN103915,56.09,Bank Transfer,Mumbai,Android,UPI,2026-05-05 09:00:00,35.93,84.16,62.66,50.8,0,Success
user4103,TXN103916,107.61,P2M,Bengaluru,Android,UPI,2026-05-05 12:00:00,70.05,99.69,37.17,59.69,0,Success
user3440,TXN103917,6.58,Shopping,Delhi,Android,UPI AutoPay,2026-05-05 15:00:00,5.58,79.49,63.01,42.06,0,Success
user5135,TXN103918,286.43,P2P,Mumbai,Android,UPI Lite,2026-05-05 18:00:00,78.9,2.48,10.33,34.11,0,Success
user8124,TXN103919,150.14,Recharge,Pune,Web,UPI Lite,2026-05-05 21:00:00,82.98,36.88,40.96,50.09,0,Success
user6201,TXN103920,178.97,Bill Payment,Delhi,Android,UPI,2026-05-06 00:00:00,40.12,24.72,18.84,18.38,0,Success
user1844,TXN103921,36.84,P2M,Hyderabad,Android,UPI QR,2026-05-06 03:00:00,63.9,96.41,53.76,58.83,0,Success
user1446,TXN103922,244.22,Recharge,Lucknow,Android,UPI Lite,2026-05-06 06:00:00,85.84,26.42,26.2,59.76,0,Pending
user4915,TXN103923,856.41,Bill Payment,Mumbai,iOS,UPI QR,2026-05-06 09:00:00,88.36,94.34,50.59,66.24,0,Success
user4109,TXN103924,136.33,Recharge,Lucknow,Android,UPI QR,2026-05-06 12:00:00,10.65,93.75,77.73,44.47,0,Success
user2234,TXN103925,314.22,Bill Payment,Mumbai,Android,UPI Lite,2026-05-06 15:00:00,82.75,83.94,43.4,54.76,0,Success
user7587,TXN103926,68.67,Recharge,Lucknow,Android,UPI QR,2026-05-06 18:00:00,27.42,9.81,21.87,24.94,0,Success
user1226,TXN103927,151.89,Bank Transfer,Pune,iOS,UPI Lite,2026-05-06 21:00:00,72.73,0.2,22.3,38.12,0,Success
user5143,TXN103928,35.47,Shopping,Kolkata,iOS,UPI AutoPay,2026-05-07 00:00:00,32.52,79.39,90.63,60.71,0,Success
user8185,TXN103929,360.73,P2P,Delhi,Android,UPI Lite,2026-05-07 03:00:00,5.63,84.33,78.09,56.52,0,Success
user6558,TXN103930,192.45,Recharge,Delhi,Android,UPI Lite,2026-05-07 06:00:00,20.99,96.22,3.66,32.45,0,Success
user1186,TXN103931,48.46,P2P,Mumbai,Android,UPI Lite,2026-05-07 09:00:00,40.87,21.84,94.27,36.44,0,Success
user3535,TXN103932,73.56,Recharge,Hyderabad,Android,UPI AutoPay,2026-05-07 12:00:00,74.12,73.31,11.26,52.83,0,Success
user2932,TXN103933,174.35,P2M,Chennai,iOS,UPI QR,2026-05-07 15:00:00,10.07,51.91,65.29,39.08,0,Success
user3032,TXN103934,413.17,Shopping,Chennai,Android,UPI AutoPay,2026-05-07 18:00:00,81.29,32.85,55.15,54.25,0,Success
user2252,TXN103935,720.2,Bank Transfer,Delhi,Android,UPI QR,2026-05-07 21:00:00,99.7,60.63,4.67,53.53,0,Success
user6509,TXN103936,143.43,Shopping,Kolkata,Android,UPI Lite,2026-05-08 00:00:00,78.83,54.82,29.52,58.9,0,Success
user6074,TXN103937,41.9,P2P,Chennai,Android,UPI Lite,2026-05-08 03:00:00,47.37,29.23,77.59,44.52,0,Success
user2881,TXN103938,208.19,P2M,Ahmedabad,Android,UPI AutoPay,2026-05-08 06:00:00,56.82,26.85,30.69,37.8,0,Failed
user1269,TXN103939,977.39,Bill Payment,Chennai,Web,UPI AutoPay,2026-05-08 09:00:00,0.62,48.66,48.03,28.58,0,Success
user2630,TXN103940,32.37,Shopping,Jaipur,Android,UPI AutoPay,2026-05-08 12:00:00,20.93,47.4,69.8,35.61,0,Success
user5405,TXN103941,63.14,Bank Transfer,Lucknow,Android,UPI AutoPay,2026-05-08 15:00:00,89.9,30.21,7.16,35.0,0,Success
user7139,TXN103942,302.16,P2M,Delhi,Android,UPI Lite,2026-05-08 18:00:00,2.17,26.37,83.26,33.04,0,Success
user2574,TXN103943,191.25,P2M,Kolkata,Android,UPI Lite,2026-05-08 21:00:00,90.48,95.43,4.16,46.58,0,Success
user2695,TXN103944,95.1,P2P,Hyderabad,Android,UPI,2026-05-09 00:00:00,11.33,86.24,26.24,32.15,0,Success
user4258,TXN103945,204.41,Bank Transfer,Mumbai,Android,UPI AutoPay,2026-05-09 03:00:00,13.31,81.68,76.31,45.15,0,Success
user4262,TXN103946,435.96,P2M,Bengaluru,Android,UPI AutoPay,2026-05-09 06:00:00,17.53,21.43,91.19,27.74,0,Success
user2445,TXN103947,148.66,P2M,Pune,Web,UPI QR,2026-05-09 09:00:00,79.94,18.93,76.03,50.92,0,Success
user7263,TXN103948,136.18,Bill Payment,Delhi,Android,UPI QR,2026-05-09 12:00:00,47.82,80.93,22.7,50.09,0,Success
user9411,TXN103949,295.61,P2P,Kolkata,Android,UPI Lite,2026-05-09 15:00:00,14.52,18.47,98.57,36.76,0,Pending
user1052,TXN103950,125.15,P2P,Mumbai,Android,UPI,2026-05-09 18:00:00,68.68,50.35,41.33,45.7,0,Success
user6570,TXN103951,514.15,Bank Transfer,Bengaluru,Android,UPI AutoPay,2026-05-09 21:00:00,94.07,22.14,37.65,54.34,0,Success
user8579,TXN103952,1244.81,P2M,Jaipur,Android,UPI,2026-05-10 00:00:00,57.25,37.81,86.52,57.35,0,Success
user2666,TXN103953,67.16,Bill Payment,Delhi,Android,UPI,2026-05-10 03:00:00,9.87,85.35,6.62,22.83,0,Success
user7901,TXN103954,46.99,Recharge,Hyderabad,Android,UPI Lite,2026-05-10 06:00:00,5.48,89.14,55.61,37.22,0,Failed
user3785,TXN103955,237.87,Shopping,Pune,Web,UPI,2026-05-10 09:00:00,79.59,99.67,96.56,72.49,1,Success
user1719,TXN103956,45.35,P2P,Bengaluru,Android,UPI AutoPay,2026-05-10 12:00:00,62.61,94.39,10.01,50.38,0,Success
user9597,TXN103957,44.59,Bill Payment,Hyderabad,Android,UPI Lite,2026-05-10 15:00:00,92.27,67.13,54.08,61.36,0,Success
user7855,TXN103958,21.13,Bank Transfer,Chennai,iOS,UPI,2026-05-10 18:00:00,54.73,43.17,13.25,33.86,0,Success
user3294,TXN103959,111.92,Bill Payment,Mumbai,Android,UPI Lite,2026-05-10 21:00:00,6.24,5.77,89.0,39.93,0,Success
user9263,TXN103960,158.7,P2M,Delhi,Android,UPI Lite,2026-05-11 00:00:00,40.37,60.82,58.77,35.94,0,Success
user5482,TXN103961,97.77,Shopping,Mumbai,Android,UPI QR,2026-05-11 03:00:00,65.8,21.07,23.46,22.13,0,Success
user1698,TXN103962,658.74,P2P,Bengaluru,iOS,UPI Lite,2026-05-11 06:00:00,38.49,85.01,30.7,58.43,0,Success
user8243,TXN103963,611.48,Recharge,Ahmedabad,Android,UPI,2026-05-11 09:00:00,99.96,54.89,51.66,69.28,0,Success
user6918,TXN103964,1128.73,P2M,Ahmedabad,Android,UPI QR,2026-05-11 12:00:00,40.54,73.35,72.53,63.42,0,Success
user1348,TXN103965,171.83,P2P,Pune,Web,UPI AutoPay,2026-05-11 15:00:00,54.62,67.35,48.75,49.44,0,Failed
user6374,TXN103966,535.83,Bank Transfer,Chennai,Android,UPI AutoPay,2026-05-11 18:00:00,22.54,34.73,18.93,28.93,0,Success
user8869,TXN103967,223.38,P2P,Jaipur,iOS,UPI AutoPay,2026-05-11 21:00:00,15.21,75.91,70.81,45.36,0,Success
user1307,TXN103968,202.02,Bill Payment,Kolkata,iOS,UPI AutoPay,2026-05-12 00:00:00,64.53,84.34,11.84,57.32,0,Failed
user4416,TXN103969,102.78,Shopping,Delhi,Android,UPI AutoPay,2026-05-12 03:00:00,58.86,74.41,80.94,70.49,1,Success
user5820,TXN103970,17.06,Recharge,Delhi,iOS,UPI,2026-05-12 06:00:00,0.43,77.68,39.56,39.84,0,Success
user4558,TXN103971,310.22,Shopping,Bengaluru,iOS,UPI Lite,2026-05-12 09:00:00,28.48,36.0,65.27,33.12,0,Success
user5478,TXN103972,520.16,Bill Payment,Ahmedabad,Web,UPI QR,2026-05-12 12:00:00,64.36,94.37,34.47,61.14,0,Success
user7531,TXN103973,35.67,Recharge,Lucknow,Android,UPI Lite,2026-05-12 15:00:00,81.22,42.46,66.91,51.25,0,Failed
user5620,TXN103974,162.44,Recharge,Jaipur,Web,UPI Lite,2026-05-12 18:00:00,31.24,89.71,88.92,64.27,0,Success
user3985,TXN103975,442.15,P2M,Bengaluru,Android,UPI,2026-05-12 21:00:00,64.74,85.78,70.14,69.19,0,Success
user9112,TXN103976,114.49,Recharge,Jaipur,iOS,UPI,2026-05-13 00:00:00,26.53,12.43,67.14,18.88,0,Success
user9467,TXN103977,540.83,P2P,Lucknow,Android,UPI,2026-05-13 03:00:00,69.04,96.63,75.74,76.38,1,Success
user3547,TXN103978,142.55,Shopping,Ahmedabad,Android,UPI QR,2026-05-13 06:00:00,69.79,99.63,50.02,70.16,1,Success
user1336,TXN103979,97.01,Bank Transfer,Hyderabad,Android,UPI,2026-05-13 09:00:00,13.02,60.61,22.03,32.41,0,Success
user3979,TXN103980,572.66,Bank Transfer,Lucknow,Android,UPI Lite,2026-05-13 12:00:00,66.51,78.31,81.55,68.63,0,Success
user4968,TXN103981,64.47,Shopping,Bengaluru,Android,UPI QR,2026-05-13 15:00:00,33.36,93.37,64.85,59.98,0,Failed
user1910,TXN103982,79.45,P2M,Kolkata,Android,UPI,2026-05-13 18:00:00,17.26,2.0,31.38,16.85,0,Success
user2996,TXN103983,66.98,Recharge,Jaipur,Android,UPI,2026-05-13 21:00:00,50.04,93.0,27.59,46.21,0,Success
user4129,TXN103984,52.32,Bill Payment,Chennai,Android,UPI,2026-05-14 00:00:00,45.23,62.74,49.99,51.67,0,Success
user6447,TXN103985,191.15,P2P,Bengaluru,Android,UPI Lite,2026-05-14 03:00:00,77.39,82.85,20.73,50.84,0,Success
user7129,TXN103986,98.21,P2M,Hyderabad,Android,UPI,2026-05-14 06:00:00,8.45,54.07,87.82,33.85,0,Success
user6850,TXN103987,267.36,Recharge,Kolkata,iOS,UPI Lite,2026-05-14 09:00:00,78.98,53.05,78.86,65.29,0,Success
user5204,TXN103988,28.94,Bank Transfer,Ahmedabad,Android,UPI QR,2026-05-14 12:00:00,10.61,89.75,30.83,19.74,0,Pending
user8446,TXN103989,53.38,Bill Payment,Pune,Android,UPI,2026-05-14 15:00:00,20.75,50.75,4.94,19.16,0,Success
user9519,TXN103990,172.7,Recharge,Delhi,Android,UPI AutoPay,2026-05-14 18:00:00,51.59,47.18,5.19,31.66,0,Success
user1314,TXN103991,713.14,P2M,Lucknow,iOS,UPI AutoPay,2026-05-14 21:00:00,46.32,60.82,29.71,52.58,0,Success
user2134,TXN103992,239.49,Bill Payment,Delhi,Android,UPI Lite,2026-05-15 00:00:00,98.89,51.86,14.75,52.83,0,Success
user5876,TXN103993,90.98,Bill Payment,Bengaluru,Android,UPI,2026-05-15 03:00:00,58.95,44.63,87.33,69.52,0,Success
user9102,TXN103994,36.98,Bill Payment,Ahmedabad,Android,UPI,2026-05-15 06:00:00,32.74,18.05,42.08,17.04,0,Success
user9347,TXN103995,85.81,Bill Payment,Mumbai,Web,UPI AutoPay,2026-05-15 09:00:00,90.01,39.74,34.8,55.6,0,Success
user6592,TXN103996,157.2,Recharge,Kolkata,Android,UPI QR,2026-05-15 12:00:00,31.22,28.2,21.79,29.69,0,Success
user2724,TXN103997,15.52,Bill Payment,Chennai,iOS,UPI QR,2026-05-15 15:00:00,27.38,40.05,84.12,36.22,0,Success
user4343,TXN103998,48.75,Recharge,Delhi,Android,UPI Lite,2026-05-15 18:00:00,49.44,59.32,79.25,54.38,0,Success
user1886,TXN103999,78.45,Bill Payment,Jaipur,iOS,UPI AutoPay,2026-05-15 21:00:00,91.32,60.89,38.43,59.26,0,Success
user1721,TXN104000,126.8,Bill Payment,Hyderabad,Android,UPI Lite,2026-05-16 00:00:00,70.85,23.87,16.94,44.06,0,Success
user8678,TXN104001,155.35,P2M,Delhi,Android,UPI Lite,2026-05-16 03:00:00,67.75,8.45,95.2,40.26,0,Success
user4357,TXN104002,89.04,Recharge,Bengaluru,Android,UPI QR,2026-05-16 06:00:00,72.61,74.44,31.59,68.98,0,Success
user1870,TXN104003,272.02,Bank Transfer,Kolkata,Web,UPI AutoPay,2026-05-16 09:00:00,65.96,52.86,77.11,45.47,0,Success
user7751,TXN104004,185.81,Recharge,Kolkata,Android,UPI Lite,2026-05-16 12:00:00,75.98,44.21,46.3,54.77,0,Success
user1497,TXN104005,113.29,Shopping,Lucknow,Android,UPI QR,2026-05-16 15:00:00,19.28,12.96,78.16,24.29,0,Success
user2756,TXN104006,312.24,Bank Transfer,Mumbai,iOS,UPI QR,2026-05-16 18:00:00,17.73,41.47,48.16,34.65,0,Success
user2117,TXN104007,287.71,P2M,Lucknow,Android,UPI,2026-05-16 21:00:00,36.22,81.82,92.56,56.31,0,Success
user3828,TXN104008,38.33,Recharge,Pune,Android,UPI AutoPay,2026-05-17 00:00:00,85.1,58.14,80.04,76.74,1,Failed
user2647,TXN104009,158.85,P2M,Chennai,Android,UPI AutoPay,2026-05-17 03:00:00,71.45,9.1,26.03,35.27,0,Success
user7992,TXN104010,399.52,Bank Transfer,Ahmedabad,Android,UPI,2026-05-17 06:00:00,56.65,33.23,43.04,38.42,0,Success
user7771,TXN104011,472.24,P2M,Bengaluru,Android,UPI Lite,2026-05-17 09:00:00,1.94,97.98,10.06,25.69,0,Success
user1142,TXN104012,237.68,P2M,Bengaluru,iOS,UPI QR,2026-05-17 12:00:00,23.58,54.45,90.35,50.37,0,Success
user3761,TXN104013,129.89,P2P,Ahmedabad,Android,UPI QR,2026-05-17 15:00:00,80.35,28.64,6.93,41.86,0,Success
user4435,TXN104014,249.96,Recharge,Ahmedabad,iOS,UPI QR,2026-05-17 18:00:00,24.25,91.34,1.82,34.3,0,Success
user7622,TXN104015,367.89,P2M,Ahmedabad,Android,UPI,2026-05-17 21:00:00,73.03,33.6,49.64,48.99,0,Success
user8069,TXN104016,184.16,P2P,Mumbai,Android,UPI QR,2026-05-18 00:00:00,18.46,72.99,60.31,45.78,0,Success
user5512,TXN104017,206.15,P2P,Ahmedabad,Android,UPI Lite,2026-05-18 03:00:00,60.64,14.72,22.32,36.12,0,Success
user2848,TXN104018,127.77,Bill Payment,Ahmedabad,iOS,UPI Lite,2026-05-18 06:00:00,62.82,15.65,57.05,34.21,0,Success
user3696,TXN104019,43.09,Bill Payment,Delhi,Android,UPI,2026-05-18 09:00:00,75.2,56.13,89.56,62.41,0,Success
user2717,TXN104020,137.78,Bank Transfer,Jaipur,iOS,UPI Lite,2026-05-18 12:00:00,43.83,23.98,62.61,42.74,0,Success
user4072,TXN104021,83.34,Recharge,Kolkata,iOS,UPI AutoPay,2026-05-18 15:00:00,63.27,4.93,45.57,34.44,0,Success
user3786,TXN104022,83.6,Bill Payment,Ahmedabad,Android,UPI AutoPay,2026-05-18 18:00:00,48.7,92.65,14.44,35.48,0,Success
user4791,TXN104023,688.03,Bank Transfer,Delhi,Android,UPI QR,2026-05-18 21:00:00,94.73,5.6,16.89,51.58,0,Success
user4871,TXN104024,424.77,Recharge,Pune,Android,UPI QR,2026-05-19 00:00:00,52.19,71.74,48.44,58.67,0,Success
user2806,TXN104025,30.16,Bank Transfer,Kolkata,iOS,UPI AutoPay,2026-05-19 03:00:00,20.96,33.3,46.31,16.72,0,Failed
user2504,TXN104026,55.43,P2P,Chennai,Android,UPI Lite,2026-05-19 06:00:00,66.79,93.35,52.24,59.96,0,Success
user4308,TXN104027,114.03,P2P,Kolkata,iOS,UPI,2026-05-19 09:00:00,54.85,98.61,50.79,72.71,1,Success
user8117,TXN104028,86.43,Recharge,Mumbai,Android,UPI QR,2026-05-19 12:00:00,80.38,33.54,34.13,50.09,0,Success
user6048,TXN104029,225.3,Bank Transfer,Ahmedabad,iOS,UPI QR,2026-05-19 15:00:00,17.69,59.11,69.59,31.68,0,Success
user9263,TXN104030,47.3,Bank Transfer,Kolkata,Android,UPI AutoPay,2026-05-19 18:00:00,26.09,77.3,21.22,24.01,0,Failed
user2690,TXN104031,427.75,Bill Payment,Pune,Android,UPI AutoPay,2026-05-19 21:00:00,92.16,12.34,85.23,45.78,0,Success
user4303,TXN104032,156.96,Bill Payment,Mumbai,Web,UPI,2026-05-20 00:00:00,93.0,70.95,19.44,55.57,0,Success
user4113,TXN104033,116.69,Recharge,Ahmedabad,iOS,UPI QR,2026-05-20 03:00:00,44.23,90.62,41.59,57.98,0,Success
user8850,TXN104034,161.69,Shopping,Lucknow,Android,UPI Lite,2026-05-20 06:00:00,4.78,17.85,21.07,1.88,0,Success
user7416,TXN104035,108.04,Bill Payment,Kolkata,Android,UPI Lite,2026-05-20 09:00:00,30.66,83.87,61.85,55.56,0,Success
user2504,TXN104036,21.53,P2M,Ahmedabad,Android,UPI AutoPay,2026-05-20 12:00:00,24.71,11.56,47.76,17.95,0,Success
user9924,TXN104037,165.99,Bill Payment,Lucknow,Android,UPI,2026-05-20 15:00:00,41.47,56.83,37.43,28.25,0,Success
user4924,TXN104038,119.02,Shopping,Mumbai,Android,UPI AutoPay,2026-05-20 18:00:00,31.78,33.94,47.51,30.98,0,Failed
user9615,TXN104039,63.15,Bank Transfer,Hyderabad,Android,UPI,2026-05-20 21:00:00,82.9,47.17,42.12,67.64,0,Success
user5485,TXN104040,491.48,P2P,Jaipur,Web,UPI Lite,2026-05-21 00:00:00,0.3,30.06,85.52,40.89,0,Success
user9100,TXN104041,320.36,P2P,Hyderabad,Android,UPI,2026-05-21 03:00:00,64.46,26.05,12.43,30.63,0,Success
user9684,TXN104042,1879.68,Bank Transfer,Lucknow,Android,UPI Lite,2026-05-21 06:00:00,66.43,74.31,79.32,70.58,1,Failed
user1191,TXN104043,377.98,P2P,Bengaluru,Android,UPI,2026-05-21 09:00:00,66.06,22.31,65.53,42.88,0,Success
user9690,TXN104044,86.19,Bill Payment,Jaipur,Android,UPI AutoPay,2026-05-21 12:00:00,52.06,40.84,34.83,25.57,0,Success
user5917,TXN104045,66.3,P2P,Jaipur,Android,UPI Lite,2026-05-21 15:00:00,61.11,27.46,91.91,48.47,0,Success
user6831,TXN104046,100.05,Shopping,Pune,Android,UPI QR,2026-05-21 18:00:00,81.05,23.86,17.69,44.62,0,Success
user5322,TXN104047,84.21,Shopping,Pune,Android,UPI QR,2026-05-21 21:00:00,78.42,62.71,31.03,45.95,0,Success
user7999,TXN104048,182.87,Bill Payment,Ahmedabad,Web,UPI Lite,2026-05-22 00:00:00,3.46,4.54,37.48,19.8,0,Success
user8282,TXN104049,35.21,Bank Transfer,Kolkata,Web,UPI QR,2026-05-22 03:00:00,3.04,78.89,64.78,48.8,0,Success
user2874,TXN104050,313.34,P2M,Hyderabad,Android,UPI Lite,2026-05-22 06:00:00,83.89,54.62,94.64,66.88,0,Success
user5763,TXN104051,179.68,Bill Payment,Chennai,Android,UPI AutoPay,2026-05-22 09:00:00,57.47,82.84,59.34,60.94,0,Success
user9464,TXN104052,279.35,P2P,Bengaluru,iOS,UPI AutoPay,2026-05-22 12:00:00,95.74,21.3,85.63,70.98,1,Success
user2051,TXN104053,52.24,Bill Payment,Chennai,Android,UPI,2026-05-22 15:00:00,43.16,70.94,90.5,61.66,0,Success
user8538,TXN104054,209.91,Shopping,Ahmedabad,iOS,UPI QR,2026-05-22 18:00:00,17.67,42.06,46.65,41.1,0,Success
user8411,TXN104055,601.35,Bill Payment,Lucknow,iOS,UPI QR,2026-05-22 21:00:00,47.32,7.68,47.24,19.6,0,Success
user7320,TXN104056,69.37,Bill Payment,Jaipur,iOS,UPI QR,2026-05-23 00:00:00,43.65,75.25,25.0,40.17,0,Success
user3105,TXN104057,67.5,P2M,Bengaluru,Android,UPI Lite,2026-05-23 03:00:00,51.72,76.22,60.16,53.85,0,Success
user1307,TXN104058,334.27,Shopping,Ahmedabad,Web,UPI AutoPay,2026-05-23 06:00:00,80.79,27.09,12.0,48.78,0,Success
user8737,TXN104059,62.24,Recharge,Bengaluru,iOS,UPI QR,2026-05-23 09:00:00,65.56,91.6,63.43,66.41,0,Success
user4359,TXN104060,129.89,Recharge,Delhi,iOS,UPI,2026-05-23 12:00:00,18.53,76.4,89.29,46.82,0,Success
user4176,TXN104061,717.47,Shopping,Hyderabad,Android,UPI QR,2026-05-23 15:00:00,73.45,30.68,76.08,54.59,0,Success
user2251,TXN104062,68.47,Recharge,Pune,iOS,UPI,2026-05-23 18:00:00,59.19,23.91,64.92,47.9,0,Failed
user6366,TXN104063,768.5,P2P,Hyderabad,Android,UPI QR,2026-05-23 21:00:00,57.83,44.01,83.84,53.73,0,Success
user2517,TXN104064,117.24,Recharge,Chennai,Android,UPI QR,2026-05-24 00:00:00,67.83,29.28,72.98,56.87,0,Success
user7226,TXN104065,53.45,P2P,Bengaluru,Android,UPI AutoPay,2026-05-24 03:00:00,56.4,21.7,52.97,40.41,0,Success
user6305,TXN104066,299.98,Shopping,Mumbai,Web,UPI,2026-05-24 06:00:00,45.75,39.91,52.11,39.5,0,Success
user6869,TXN104067,182.68,Recharge,Pune,iOS,UPI QR,2026-05-24 09:00:00,64.04,2.57,10.7,34.48,0,Success
user9039,TXN104068,166.2,Recharge,Chennai,iOS,UPI,2026-05-24 12:00:00,72.37,40.14,43.44,58.64,0,Success
user5891,TXN104069,76.04,Bank Transfer,Delhi,Android,UPI,2026-05-24 15:00:00,22.58,22.17,52.24,35.95,0,Success
user5992,TXN104070,181.35,P2P,Delhi,Android,UPI AutoPay,2026-05-24 18:00:00,49.7,26.43,46.99,31.79,0,Success
user2961,TXN104071,20.75,P2P,Mumbai,iOS,UPI AutoPay,2026-05-24 21:00:00,45.82,8.26,77.6,46.3,0,Success
user3863,TXN104072,204.13,Bill Payment,Jaipur,Android,UPI,2026-05-25 00:00:00,3.99,58.89,16.1,30.51,0,Success
user7603,TXN104073,600.19,P2M,Bengaluru,iOS,UPI AutoPay,2026-05-25 03:00:00,83.44,47.2,79.49,56.42,0,Success
user5567,TXN104074,28.07,Recharge,Delhi,Android,UPI QR,2026-05-25 06:00:00,37.74,75.06,74.17,51.98,0,Failed
user7513,TXN104075,109.2,Bank Transfer,Pune,iOS,UPI QR,2026-05-25 09:00:00,7.27,98.71,90.08,63.61,0,Success
user5005,TXN104076,68.4,P2M,Chennai,iOS,UPI AutoPay,2026-05-25 12:00:00,45.79,11.95,37.35,35.77,0,Success
user1183,TXN104077,36.2,Bank Transfer,Mumbai,Android,UPI,2026-05-25 15:00:00,16.15,27.24,17.65,14.63,0,Success
user8755,TXN104078,21.05,P2M,Jaipur,Android,UPI QR,2026-05-25 18:00:00,70.44,68.25,75.86,56.52,0,Success
user4358,TXN104079,50.36,Recharge,Jaipur,Android,UPI Lite,2026-05-25 21:00:00,57.18,23.73,58.84,51.04,0,Success
user7615,TXN104080,128.72,Bank Transfer,Ahmedabad,Web,UPI,2026-05-26 00:00:00,27.01,3.01,71.25,32.36,0,Success
user7797,TXN104081,517.57,P2P,Chennai,iOS,UPI,2026-05-26 03:00:00,95.05,10.98,99.67,62.77,0,Success
user9728,TXN104082,35.78,Bill Payment,Pune,iOS,UPI Lite,2026-05-26 06:00:00,29.17,43.36,19.45,22.54,0,Success
user8678,TXN104083,220.17,Bank Transfer,Delhi,Android,UPI Lite,2026-05-26 09:00:00,55.5,43.08,41.11,48.11,0,Success
user6698,TXN104084,204.31,Shopping,Ahmedabad,iOS,UPI,2026-05-26 12:00:00,80.16,97.23,19.27,55.2,0,Failed
user2273,TXN104085,873.02,Recharge,Kolkata,Android,UPI Lite,2026-05-26 15:00:00,51.39,46.6,86.06,48.9,0,Success
user7653,TXN104086,290.33,Recharge,Pune,Android,UPI AutoPay,2026-05-26 18:00:00,96.09,67.81,1.7,57.79,0,Success
user2096,TXN104087,307.54,Shopping,Bengaluru,Web,UPI AutoPay,2026-05-26 21:00:00,84.39,49.22,13.52,55.22,0,Success
user9002,TXN104088,330.07,P2M,Chennai,Android,UPI,2026-05-27 00:00:00,92.1,26.99,24.79,48.19,0,Success
user5247,TXN104089,65.09,Bill Payment,Mumbai,Android,UPI AutoPay,2026-05-27 03:00:00,37.27,10.55,77.13,33.09,0,Success
user6314,TXN104090,92.5,P2M,Delhi,Android,UPI QR,2026-05-27 06:00:00,54.84,85.91,62.85,67.07,0,Success
user4354,TXN104091,501.13,Shopping,Kolkata,Android,UPI AutoPay,2026-05-27 09:00:00,84.02,15.27,38.86,36.62,0,Success
user1270,TXN104092,21.1,Shopping,Bengaluru,Android,UPI AutoPay,2026-05-27 12:00:00,90.35,9.69,15.87,31.88,0,Success
user2186,TXN104093,82.9,Bill Payment,Mumbai,Android,UPI Lite,2026-05-27 15:00:00,94.44,21.38,32.16,55.28,0,Success
user7305,TXN104094,43.34,Shopping,Delhi,iOS,UPI AutoPay,2026-05-27 18:00:00,87.92,0.25,74.34,41.24,0,Success
user3398,TXN104095,207.32,Shopping,Lucknow,Android,UPI,2026-05-27 21:00:00,73.08,7.2,38.2,25.21,0,Success
user7995,TXN104096,107.6,Bank Transfer,Lucknow,Android,UPI AutoPay,2026-05-28 00:00:00,2.42,63.52,46.26,24.77,0,Success
user8299,TXN104097,306.73,Bill Payment,Jaipur,Android,UPI AutoPay,2026-05-28 03:00:00,31.5,24.35,60.86,41.77,0,Pending
user5182,TXN104098,147.08,Recharge,Kolkata,iOS,UPI,2026-05-28 06:00:00,12.89,33.85,91.29,44.04,0,Success
user3230,TXN104099,34.95,P2M,Kolkata,Android,UPI,2026-05-28 09:00:00,15.48,83.53,25.01,26.55,0,Success
user7511,TXN104100,36.6,Recharge,Lucknow,Web,UPI Lite,2026-05-28 12:00:00,29.09,77.29,44.8,38.9,0,Success
user1128,TXN104101,163.03,Recharge,Ahmedabad,Android,UPI QR,2026-05-28 15:00:00,7.47,49.22,31.03,15.05,0,Success
user4672,TXN104102,75.86,Bank Transfer,Ahmedabad,Android,UPI AutoPay,2026-05-28 18:00:00,24.3,61.3,46.62,43.16,0,Success
user5765,TXN104103,96.29,P2M,Jaipur,Android,UPI QR,2026-05-28 21:00:00,95.7,8.58,69.65,45.11,0,Success
user4970,TXN104104,419.23,Recharge,Delhi,Android,UPI Lite,2026-05-29 00:00:00,31.19,76.16,48.21,49.81,0,Success
user8545,TXN104105,350.39,Bill Payment,Ahmedabad,iOS,UPI,2026-05-29 03:00:00,15.97,51.62,83.45,41.19,0,Success
user6552,TXN104106,990.03,P2M,Ahmedabad,Android,UPI,2026-05-29 06:00:00,71.83,57.09,55.33,58.74,0,Success
user1627,TXN104107,119.54,P2P,Hyderabad,Android,UPI,2026-05-29 09:00:00,82.85,66.55,38.58,47.1,0,Failed
user7589,TXN104108,86.39,Bank Transfer,Hyderabad,Android,UPI Lite,2026-05-29 12:00:00,31.4,50.02,78.23,51.97,0,Failed
user3044,TXN104109,249.18,Recharge,Pune,Android,UPI AutoPay,2026-05-29 15:00:00,27.85,52.17,43.13,47.5,0,Success
user3341,TXN104110,93.62,Shopping,Hyderabad,iOS,UPI Lite,2026-05-29 18:00:00,24.18,49.96,51.56,46.89,0,Failed
user6884,TXN104111,96.73,P2M,Delhi,Android,UPI,2026-05-29 21:00:00,39.33,49.68,99.47,54.18,0,Success
user9185,TXN104112,134.01,P2P,Delhi,Android,UPI AutoPay,2026-05-30 00:00:00,8.72,75.02,78.64,31.14,0,Success
user1249,TXN104113,856.41,Shopping,Hyderabad,Android,UPI,2026-05-30 03:00:00,66.91,42.72,85.51,56.79,0,Success
user3925,TXN104114,331.61,P2P,Bengaluru,Android,UPI,2026-05-30 06:00:00,82.22,0.29,59.29,46.23,0,Success
user6043,TXN104115,368.27,Recharge,Mumbai,iOS,UPI Lite,2026-05-30 09:00:00,66.37,61.21,34.82,51.97,0,Success
user1974,TXN104116,818.81,Shopping,Jaipur,iOS,UPI Lite,2026-05-30 12:00:00,42.12,95.27,99.13,58.92,0,Success
user8192,TXN104117,404.45,Recharge,Delhi,Android,UPI QR,2026-05-30 15:00:00,28.9,25.7,24.4,29.71,0,Success
user3672,TXN104118,52.91,Shopping,Lucknow,Android,UPI,2026-05-30 18:00:00,40.94,81.62,87.28,66.14,0,Success
user8279,TXN104119,398.37,P2M,Delhi,Android,UPI AutoPay,2026-05-30 21:00:00,42.38,45.55,91.13,57.49,0,Success
user8531,TXN104120,452.26,Bill Payment,Pune,Web,UPI,2026-05-31 00:00:00,66.6,64.3,81.76,58.93,0,Success
user9662,TXN104121,314.78,Bill Payment,Delhi,Android,UPI AutoPay,2026-05-31 03:00:00,92.81,89.09,11.41,52.55,0,Success
user2987,TXN104122,134.9,P2P,Kolkata,Android,UPI QR,2026-05-31 06:00:00,7.06,77.1,85.41,43.8,0,Success
user1090,TXN104123,283.25,Bank Transfer,Lucknow,Android,UPI,2026-05-31 09:00:00,95.34,88.46,66.38,85.32,1,Success
user9721,TXN104124,160.74,Shopping,Mumbai,Android,UPI AutoPay,2026-05-31 12:00:00,91.02,0.95,68.08,42.71,0,Success
user5059,TXN104125,61.68,Recharge,Delhi,iOS,UPI AutoPay,2026-05-31 15:00:00,11.77,18.73,78.65,23.45,0,Pending
user3773,TXN104126,79.07,Bank Transfer,Hyderabad,Android,UPI QR,2026-05-31 18:00:00,18.36,42.35,49.05,24.13,0,Success
user9383,TXN104127,331.53,P2M,Delhi,Android,UPI Lite,2026-05-31 21:00:00,31.16,84.78,26.72,40.74,0,Success
user8409,TXN104128,66.3,P2M,Jaipur,Android,UPI QR,2026-06-01 00:00:00,55.97,83.84,57.49,62.15,0,Success
user5440,TXN104129,72.85,P2M,Pune,Android,UPI AutoPay,2026-06-01 03:00:00,13.45,18.51,10.87,17.86,0,Success
user8347,TXN104130,348.41,Bill Payment,Jaipur,Android,UPI QR,2026-06-01 06:00:00,20.03,14.22,67.48,20.01,0,Success
user2008,TXN104131,187.5,Recharge,Mumbai,Android,UPI Lite,2026-06-01 09:00:00,90.27,83.47,48.29,76.17,1,Success
user4783,TXN104132,292.13,P2M,Mumbai,iOS,UPI,2026-06-01 12:00:00,10.93,54.14,50.23,41.28,0,Success
user7646,TXN104133,47.99,P2M,Mumbai,Android,UPI QR,2026-06-01 15:00:00,39.89,62.68,18.58,35.51,0,Success
user5298,TXN104134,284.13,P2P,Pune,Web,UPI QR,2026-06-01 18:00:00,76.3,80.92,4.13,42.88,0,Success
user5668,TXN104135,84.77,Shopping,Jaipur,Android,UPI,2026-06-01 21:00:00,88.86,21.17,61.13,61.7,0,Success
user5287,TXN104136,59.33,Shopping,Ahmedabad,Android,UPI QR,2026-06-02 00:00:00,33.6,13.65,65.88,35.07,0,Success
user3052,TXN104137,98.95,Shopping,Kolkata,iOS,UPI Lite,2026-06-02 03:00:00,16.44,85.9,49.83,57.51,0,Success
user7009,TXN104138,640.38,Bank Transfer,Mumbai,iOS,UPI AutoPay,2026-06-02 06:00:00,73.7,11.18,76.57,39.5,0,Success
user2716,TXN104139,113.93,P2P,Bengaluru,Android,UPI QR,2026-06-02 09:00:00,77.26,8.82,56.37,46.05,0,Success
user1310,TXN104140,1482.36,Bill Payment,Jaipur,Web,UPI,2026-06-02 12:00:00,98.0,27.71,84.82,77.06,1,Success
user5538,TXN104141,20.86,Bank Transfer,Jaipur,Android,UPI,2026-06-02 15:00:00,13.95,31.68,28.81,24.89,0,Success
user2260,TXN104142,34.94,P2P,Hyderabad,Android,UPI QR,2026-06-02 18:00:00,70.94,24.11,24.31,22.91,0,Success
user4932,TXN104143,616.58,P2M,Chennai,Android,UPI,2026-06-02 21:00:00,41.73,74.16,26.11,30.0,0,Success
user1584,TXN104144,792.83,Recharge,Chennai,Android,UPI AutoPay,2026-06-03 00:00:00,91.46,97.34,3.05,76.14,1,Success
user8616,TXN104145,69.17,Bank Transfer,Lucknow,Android,UPI AutoPay,2026-06-03 03:00:00,40.78,19.96,90.06,38.61,0,Success
user9551,TXN104146,175.72,Bank Transfer,Pune,Android,UPI,2026-06-03 06:00:00,44.6,78.19,99.92,67.74,0,Success
user3866,TXN104147,334.35,P2M,Mumbai,Android,UPI QR,2026-06-03 09:00:00,12.68,4.42,81.65,17.74,0,Success
user6898,TXN104148,130.4,P2M,Hyderabad,Android,UPI QR,2026-06-03 12:00:00,32.09,11.89,41.26,21.39,0,Success
user3011,TXN104149,190.54,Recharge,Mumbai,Web,UPI,2026-06-03 15:00:00,40.08,51.51,35.39,45.39,0,Success
user7251,TXN104150,165.82,Shopping,Mumbai,Android,UPI AutoPay,2026-06-03 18:00:00,1.75,99.96,77.47,52.28,0,Success
user5939,TXN104151,37.28,Bank Transfer,Hyderabad,Android,UPI AutoPay,2026-06-03 21:00:00,43.76,94.94,50.99,53.47,0,Success
user5006,TXN104152,116.2,P2P,Hyderabad,iOS,UPI QR,2026-06-04 00:00:00,33.63,11.19,93.95,44.44,0,Success
user2625,TXN104153,166.06,Bill Payment,Kolkata,Android,UPI AutoPay,2026-06-04 03:00:00,80.38,23.97,27.96,42.25,0,Success
user1890,TXN104154,181.84,P2M,Delhi,Android,UPI Lite,2026-06-04 06:00:00,10.71,94.58,32.38,47.59,0,Success
user7078,TXN104155,29.06,P2M,Chennai,Android,UPI AutoPay,2026-06-04 09:00:00,76.02,15.07,99.88,53.15,0,Success
user8036,TXN104156,348.52,Bill Payment,Delhi,Android,UPI QR,2026-06-04 12:00:00,71.4,74.28,97.82,74.49,1,Success
user9923,TXN104157,186.7,P2P,Lucknow,Web,UPI AutoPay,2026-06-04 15:00:00,24.18,0.11,88.52,44.99,0,Success
user4961,TXN104158,57.09,P2M,Hyderabad,Android,UPI AutoPay,2026-06-04 18:00:00,8.33,63.17,40.46,33.2,0,Success
user3504,TXN104159,991.35,Bill Payment,Pune,Android,UPI,2026-06-04 21:00:00,84.18,49.46,83.76,72.08,1,Success
user9806,TXN104160,115.98,P2M,Lucknow,Android,UPI Lite,2026-06-05 00:00:00,24.94,47.1,28.34,17.95,0,Success
user4806,TXN104161,123.76,Shopping,Hyderabad,Android,UPI,2026-06-05 03:00:00,14.56,82.92,25.48,37.62,0,Success
user7100,TXN104162,311.6,Shopping,Delhi,Android,UPI AutoPay,2026-06-05 06:00:00,35.9,8.07,54.64,30.7,0,Success
user2719,TXN104163,1079.23,P2M,Ahmedabad,iOS,UPI AutoPay,2026-06-05 09:00:00,40.09,37.73,86.03,40.53,0,Success
user7686,TXN104164,324.1,P2M,Ahmedabad,iOS,UPI,2026-06-05 12:00:00,32.61,44.6,9.75,25.98,0,Success
user2587,TXN104165,374.69,Shopping,Chennai,iOS,UPI Lite,2026-06-05 15:00:00,97.65,12.39,56.53,50.74,0,Success
user8000,TXN104166,60.24,P2M,Bengaluru,Android,UPI QR,2026-06-05 18:00:00,88.08,8.57,60.97,40.99,0,Success
user1896,TXN104167,178.92,P2P,Pune,Android,UPI,2026-06-05 21:00:00,87.3,17.96,57.98,47.24,0,Success
user6558,TXN104168,96.33,P2P,Mumbai,Web,UPI AutoPay,2026-06-06 00:00:00,39.88,24.1,21.85,41.63,0,Success
user9469,TXN104169,331.67,Recharge,Jaipur,Android,UPI AutoPay,2026-06-06 03:00:00,96.29,96.61,6.41,65.11,0,Success
user5647,TXN104170,363.93,P2P,Lucknow,Web,UPI QR,2026-06-06 06:00:00,68.4,47.56,89.5,63.5,0,Success
user3432,TXN104171,839.86,Bank Transfer,Hyderabad,iOS,UPI AutoPay,2026-06-06 09:00:00,83.2,51.03,57.45,73.67,1,Success
user4904,TXN104172,18.95,Bank Transfer,Ahmedabad,Web,UPI AutoPay,2026-06-06 12:00:00,50.09,70.7,76.79,40.55,0,Success
user7837,TXN104173,87.31,Bank Transfer,Bengaluru,Android,UPI QR,2026-06-06 15:00:00,16.06,68.43,36.44,50.51,0,Success
user2449,TXN104174,601.99,P2M,Pune,Android,UPI AutoPay,2026-06-06 18:00:00,88.69,50.28,4.25,53.61,0,Pending
user5500,TXN104175,40.39,P2M,Pune,Android,UPI AutoPay,2026-06-06 21:00:00,48.64,33.98,25.96,25.17,0,Success
user6454,TXN104176,367.11,Bill Payment,Ahmedabad,iOS,UPI Lite,2026-06-07 00:00:00,96.86,33.11,7.34,37.72,0,Success
user5117,TXN104177,509.79,Bank Transfer,Jaipur,Android,UPI,2026-06-07 03:00:00,25.49,5.77,7.82,19.21,0,Failed
user9869,TXN104178,159.44,Bank Transfer,Bengaluru,iOS,UPI Lite,2026-06-07 06:00:00,99.24,89.96,21.45,72.83,1,Success
user3028,TXN104179,39.59,P2P,Kolkata,Android,UPI Lite,2026-06-07 09:00:00,22.24,76.94,63.36,49.83,0,Success
user7845,TXN104180,145.25,Shopping,Jaipur,Android,UPI AutoPay,2026-06-07 12:00:00,36.82,62.33,81.78,45.69,0,Success
user4758,TXN104181,705.34,Shopping,Delhi,iOS,UPI,2026-06-07 15:00:00,59.4,39.61,82.14,56.26,0,Success
user6904,TXN104182,764.34,Recharge,Pune,Android,UPI,2026-06-07 18:00:00,69.33,58.25,93.78,62.2,0,Success
user5624,TXN104183,201.92,Bill Payment,Bengaluru,Android,UPI AutoPay,2026-06-07 21:00:00,72.03,48.51,65.64,54.66,0,Success
user9848,TXN104184,61.73,Shopping,Ahmedabad,Android,UPI Lite,2026-06-08 00:00:00,47.63,27.39,1.99,18.6,0,Success
user1165,TXN104185,932.99,Recharge,Pune,Android,UPI Lite,2026-06-08 03:00:00,7.68,29.86,37.74,18.2,0,Success
user5591,TXN104186,372.76,P2P,Jaipur,Android,UPI Lite,2026-06-08 06:00:00,49.6,87.45,11.15,32.4,0,Success
user1589,TXN104187,65.92,Bill Payment,Mumbai,Android,UPI,2026-06-08 09:00:00,33.47,63.49,77.75,60.85,0,Failed
user5524,TXN104188,231.02,Bill Payment,Mumbai,Android,UPI AutoPay,2026-06-08 12:00:00,65.77,0.14,11.97,20.61,0,Success
user3821,TXN104189,220.69,Bank Transfer,Pune,iOS,UPI,2026-06-08 15:00:00,18.23,32.69,10.59,28.88,0,Success
user7509,TXN104190,86.77,P2M,Bengaluru,Web,UPI Lite,2026-06-08 18:00:00,39.39,33.99,2.82,21.68,0,Success
user8693,TXN104191,232.32,Bank Transfer,Bengaluru,Android,UPI,2026-06-08 21:00:00,96.61,70.63,95.55,75.19,1,Pending
user1071,TXN104192,495.81,P2P,Lucknow,Android,UPI,2026-06-09 00:00:00,8.89,70.05,78.57,30.15,0,Success
user4580,TXN104193,121.97,Bank Transfer,Delhi,Android,UPI AutoPay,2026-06-09 03:00:00,60.23,46.42,33.33,56.92,0,Success
user8962,TXN104194,549.09,Bill Payment,Lucknow,iOS,UPI AutoPay,2026-06-09 06:00:00,9.06,95.1,37.64,49.55,0,Success
user1268,TXN104195,28.35,Bank Transfer,Lucknow,iOS,UPI,2026-06-09 09:00:00,15.7,87.22,5.94,26.58,0,Success
user3462,TXN104196,1507.59,Recharge,Delhi,Web,UPI QR,2026-06-09 12:00:00,60.49,86.62,15.79,60.56,0,Success
user2015,TXN104197,173.7,Bank Transfer,Ahmedabad,Android,UPI AutoPay,2026-06-09 15:00:00,44.4,34.83,31.15,41.62,0,Success
user8984,TXN104198,479.63,Shopping,Mumbai,iOS,UPI QR,2026-06-09 18:00:00,54.85,43.1,38.79,44.21,0,Success
user1406,TXN104199,204.1,P2P,Ahmedabad,Android,UPI AutoPay,2026-06-09 21:00:00,87.99,41.9,62.0,60.49,0,Success
user8384,TXN104200,71.99,P2P,Lucknow,Web,UPI Lite,2026-06-10 00:00:00,81.72,44.03,35.03,50.62,0,Failed
user7049,TXN104201,158.16,Bill Payment,Bengaluru,Android,UPI QR,2026-06-10 03:00:00,88.8,88.92,95.46,76.46,1,Success
user7169,TXN104202,24.3,Bank Transfer,Delhi,Android,UPI Lite,2026-06-10 06:00:00,61.63,24.91,34.28,34.85,0,Success
user8982,TXN104203,326.49,Bill Payment,Jaipur,iOS,UPI Lite,2026-06-10 09:00:00,48.96,80.22,94.16,58.63,0,Success
user1985,TXN104204,199.09,Bill Payment,Hyderabad,iOS,UPI,2026-06-10 12:00:00,45.92,51.4,72.99,57.37,0,Success
user5485,TXN104205,135.43,Recharge,Hyderabad,Android,UPI Lite,2026-06-10 15:00:00,73.98,24.91,89.99,67.75,0,Success
user9901,TXN104206,348.17,P2M,Chennai,Android,UPI Lite,2026-06-10 18:00:00,52.13,52.73,70.32,54.88,0,Success
user3618,TXN104207,170.29,Bill Payment,Pune,Android,UPI Lite,2026-06-10 21:00:00,10.58,19.54,56.86,20.45,0,Success
user7289,TXN104208,300.92,P2M,Kolkata,Android,UPI Lite,2026-06-11 00:00:00,14.19,10.82,50.91,18.42,0,Success
user7928,TXN104209,429.37,P2M,Kolkata,Android,UPI,2026-06-11 03:00:00,35.71,83.82,29.13,48.27,0,Success
user6368,TXN104210,94.71,P2P,Jaipur,Web,UPI,2026-06-11 06:00:00,6.78,69.93,29.82,34.91,0,Success
user5621,TXN104211,71.14,Shopping,Chennai,Android,UPI Lite,2026-06-11 09:00:00,23.92,20.5,22.32,21.26,0,Success
user8566,TXN104212,29.3,Shopping,Mumbai,iOS,UPI QR,2026-06-11 12:00:00,65.64,94.23,38.55,55.9,0,Success
user5670,TXN104213,185.41,Bank Transfer,Jaipur,iOS,UPI AutoPay,2026-06-11 15:00:00,1.24,2.44,12.7,12.92,0,Success
user8658,TXN104214,257.78,Recharge,Lucknow,iOS,UPI QR,2026-06-11 18:00:00,60.41,33.33,38.76,42.23,0,Success
user2003,TXN104215,43.66,Recharge,Jaipur,Web,UPI Lite,2026-06-11 21:00:00,77.24,2.17,83.37,51.84,0,Success
user8504,TXN104216,678.84,Shopping,Hyderabad,iOS,UPI,2026-06-12 00:00:00,17.02,14.23,87.03,18.61,0,Success
user3466,TXN104217,72.07,Bank Transfer,Kolkata,Android,UPI Lite,2026-06-12 03:00:00,18.1,18.01,64.28,26.43,0,Success
user2939,TXN104218,20.02,Shopping,Mumbai,Android,UPI Lite,2026-06-12 06:00:00,2.89,81.03,25.68,36.75,0,Success
user2635,TXN104219,731.3,Bank Transfer,Pune,Android,UPI,2026-06-12 09:00:00,51.25,99.3,24.03,46.55,0,Success
user9095,TXN104220,22.81,Bank Transfer,Lucknow,Android,UPI QR,2026-06-12 12:00:00,65.46,86.73,27.79,43.69,0,Success
user7265,TXN104221,430.17,Bank Transfer,Pune,Android,UPI AutoPay,2026-06-12 15:00:00,45.69,63.51,50.0,56.33,0,Success
user2895,TXN104222,337.35,Bank Transfer,Hyderabad,iOS,UPI Lite,2026-06-12 18:00:00,38.94,72.29,97.64,61.28,0,Success
user7524,TXN104223,225.78,P2P,Chennai,Android,UPI,2026-06-12 21:00:00,45.44,52.28,10.92,36.18,0,Success
user2073,TXN104224,97.24,P2P,Pune,Android,UPI AutoPay,2026-06-13 00:00:00,78.15,42.25,50.05,55.55,0,Success
user6184,TXN104225,271.18,Shopping,Chennai,Web,UPI AutoPay,2026-06-13 03:00:00,3.35,69.22,68.22,41.35,0,Success
user3402,TXN104226,468.01,Bank Transfer,Lucknow,Android,UPI AutoPay,2026-06-13 06:00:00,78.38,97.31,24.57,42.87,0,Success
user5895,TXN104227,61.2,Bill Payment,Kolkata,Android,UPI,2026-06-13 09:00:00,66.63,2.89,96.91,45.69,0,Success
user8331,TXN104228,435.45,Bank Transfer,Bengaluru,iOS,UPI Lite,2026-06-13 12:00:00,24.14,31.41,34.9,26.47,0,Success
user2956,TXN104229,416.08,Bill Payment,Jaipur,Android,UPI,2026-06-13 15:00:00,52.47,33.01,93.24,53.54,0,Failed
user8023,TXN104230,219.87,P2P,Ahmedabad,Android,UPI Lite,2026-06-13 18:00:00,4.93,41.43,59.74,29.71,0,Success
user4907,TXN104231,95.78,Bank Transfer,Mumbai,iOS,UPI QR,2026-06-13 21:00:00,37.96,62.69,0.41,29.38,0,Success
user1807,TXN104232,417.99,P2M,Delhi,Android,UPI AutoPay,2026-06-14 00:00:00,17.4,51.38,31.11,36.28,0,Success
user9378,TXN104233,272.68,Shopping,Delhi,Android,UPI Lite,2026-06-14 03:00:00,2.23,1.87,2.15,0.43,0,Success
user5827,TXN104234,59.38,Bank Transfer,Lucknow,Android,UPI QR,2026-06-14 06:00:00,35.71,41.16,38.15,35.8,0,Success
user5524,TXN104235,113.6,Recharge,Jaipur,Android,UPI,2026-06-14 09:00:00,72.61,61.94,93.25,78.7,1,Success
user3284,TXN104236,372.06,Bill Payment,Jaipur,Android,UPI AutoPay,2026-06-14 12:00:00,92.1,50.48,77.9,57.53,0,Success
user6313,TXN104237,183.93,Bank Transfer,Jaipur,iOS,UPI Lite,2026-06-14 15:00:00,66.23,87.21,62.01,49.35,0,Success
user1757,TXN104238,485.89,P2M,Mumbai,Android,UPI AutoPay,2026-06-14 18:00:00,40.2,39.86,53.86,42.86,0,Success
user5887,TXN104239,116.55,Bill Payment,Kolkata,iOS,UPI AutoPay,2026-06-14 21:00:00,99.95,1.26,37.26,49.02,0,Success
user4854,TXN104240,60.35,P2M,Bengaluru,iOS,UPI AutoPay,2026-06-15 00:00:00,28.29,28.49,21.15,39.1,0,Success
user4558,TXN104241,1470.86,Shopping,Jaipur,Android,UPI,2026-06-15 03:00:00,18.71,13.57,6.25,15.35,0,Success
user1961,TXN104242,30.54,Shopping,Ahmedabad,Android,UPI AutoPay,2026-06-15 06:00:00,46.37,25.02,19.01,27.32,0,Failed
user4847,TXN104243,99.5,Shopping,Bengaluru,iOS,UPI Lite,2026-06-15 09:00:00,50.49,36.21,35.15,33.84,0,Success
user7726,TXN104244,216.97,P2P,Mumbai,Android,UPI,2026-06-15 12:00:00,35.48,67.67,52.0,53.75,0,Success
user4575,TXN104245,439.7,P2M,Jaipur,Android,UPI QR,2026-06-15 15:00:00,69.55,32.42,20.44,43.62,0,Success
user3418,TXN104246,313.08,Bank Transfer,Lucknow,Android,UPI Lite,2026-06-15 18:00:00,18.39,88.41,97.43,63.69,0,Success
user5198,TXN104247,1654.51,Recharge,Mumbai,Android,UPI,2026-06-15 21:00:00,51.03,29.96,7.69,34.02,0,Success
user2001,TXN104248,145.82,Recharge,Bengaluru,Android,UPI Lite,2026-06-16 00:00:00,50.01,13.69,9.48,30.27,0,Success
user6244,TXN104249,68.51,Shopping,Chennai,Android,UPI Lite,2026-06-16 03:00:00,82.38,16.89,68.26,60.93,0,Success
user8119,TXN104250,131.67,Recharge,Chennai,Android,UPI QR,2026-06-16 06:00:00,92.7,93.46,75.51,83.79,1,Success
user5066,TXN104251,119.11,Bill Payment,Lucknow,Android,UPI,2026-06-16 09:00:00,66.33,45.48,97.25,57.63,0,Success
user3845,TXN104252,153.19,P2M,Pune,Android,UPI AutoPay,2026-06-16 12:00:00,30.54,40.31,53.04,29.59,0,Success
user9849,TXN104253,61.41,P2M,Delhi,Web,UPI Lite,2026-06-16 15:00:00,68.96,6.89,16.59,31.56,0,Success
user6316,TXN104254,359.26,P2M,Lucknow,iOS,UPI Lite,2026-06-16 18:00:00,25.14,73.33,93.79,65.56,0,Success
user1422,TXN104255,237.66,Bill Payment,Chennai,Android,UPI Lite,2026-06-16 21:00:00,96.65,69.47,98.02,81.09,1,Success
user7715,TXN104256,46.35,Bank Transfer,Lucknow,Android,UPI Lite,2026-06-17 00:00:00,82.24,37.57,92.35,51.62,0,Success
user5266,TXN104257,431.83,P2P,Hyderabad,Android,UPI Lite,2026-06-17 03:00:00,43.12,69.18,87.17,70.94,1,Success
user8549,TXN104258,72.86,Bill Payment,Chennai,Android,UPI,2026-06-17 06:00:00,78.43,36.75,7.76,43.79,0,Success
user7316,TXN104259,50.26,P2M,Kolkata,Web,UPI Lite,2026-06-17 09:00:00,40.87,7.32,85.49,37.34,0,Success
user3710,TXN104260,178.99,P2M,Jaipur,iOS,UPI Lite,2026-06-17 12:00:00,7.46,73.81,95.32,47.77,0,Success
user9644,TXN104261,28.28,P2M,Kolkata,Web,UPI Lite,2026-06-17 15:00:00,70.68,96.52,55.23,51.42,0,Success
user9069,TXN104262,295.75,Bank Transfer,Pune,iOS,UPI AutoPay,2026-06-17 18:00:00,40.46,64.83,77.26,47.72,0,Success
user2657,TXN104263,9.59,Recharge,Lucknow,Android,UPI AutoPay,2026-06-17 21:00:00,93.03,27.65,66.09,51.48,0,Success
user3541,TXN104264,58.59,P2P,Hyderabad,iOS,UPI,2026-06-18 00:00:00,30.66,26.99,28.81,30.52,0,Success
user7763,TXN104265,792.46,Bill Payment,Chennai,iOS,UPI Lite,2026-06-18 03:00:00,84.33,92.9,58.75,72.18,1,Success
user4075,TXN104266,82.54,P2M,Jaipur,Android,UPI Lite,2026-06-18 06:00:00,68.04,30.33,88.94,62.95,0,Success
user4164,TXN104267,98.34,Shopping,Hyderabad,Android,UPI QR,2026-06-18 09:00:00,85.33,76.82,49.64,50.41,0,Success
user3053,TXN104268,586.2,P2P,Hyderabad,Android,UPI AutoPay,2026-06-18 12:00:00,29.19,64.29,59.01,61.24,0,Success
user9479,TXN104269,74.23,Shopping,Kolkata,Android,UPI QR,2026-06-18 15:00:00,46.13,59.26,53.15,56.06,0,Success
user6737,TXN104270,351.93,P2P,Delhi,iOS,UPI Lite,2026-06-18 18:00:00,82.31,18.11,28.24,45.01,0,Success
user4217,TXN104271,530.7,P2M,Bengaluru,iOS,UPI Lite,2026-06-18 21:00:00,64.38,3.44,64.37,38.29,0,Success
user2447,TXN104272,264.68,P2P,Delhi,Web,UPI QR,2026-06-19 00:00:00,35.99,48.87,50.95,46.05,0,Success
user7009,TXN104273,38.67,P2P,Lucknow,Android,UPI,2026-06-19 03:00:00,51.2,98.82,23.25,54.08,0,Success
user1607,TXN104274,89.66,P2M,Lucknow,iOS,UPI,2026-06-19 06:00:00,99.61,19.58,89.54,61.91,0,Success
user5552,TXN104275,2474.07,Bank Transfer,Delhi,Android,UPI QR,2026-06-19 09:00:00,74.18,53.69,95.0,76.0,1,Success
user2764,TXN104276,100.43,Shopping,Bengaluru,Android,UPI Lite,2026-06-19 12:00:00,61.45,67.1,5.54,49.3,0,Success
user3671,TXN104277,3249.74,Bank Transfer,Chennai,Web,UPI QR,2026-06-19 15:00:00,82.79,48.37,62.23,68.03,0,Success
user7519,TXN104278,905.93,Shopping,Hyderabad,iOS,UPI AutoPay,2026-06-19 18:00:00,44.2,50.69,41.5,39.52,0,Success
user4962,TXN104279,275.63,Recharge,Hyderabad,iOS,UPI,2026-06-19 21:00:00,95.01,66.12,52.6,65.95,0,Success
user4177,TXN104280,220.79,Shopping,Delhi,Android,UPI QR,2026-06-20 00:00:00,55.2,81.49,37.38,44.13,0,Success
user4722,TXN104281,103.05,Shopping,Delhi,iOS,UPI,2026-06-20 03:00:00,32.69,33.33,47.44,23.69,0,Failed
user5906,TXN104282,150.07,P2P,Mumbai,iOS,UPI AutoPay,2026-06-20 06:00:00,8.6,89.93,32.34,34.16,0,Success
user8263,TXN104283,82.37,Recharge,Bengaluru,Android,UPI Lite,2026-06-20 09:00:00,37.57,48.49,11.76,37.59,0,Success
user6054,TXN104284,153.91,P2M,Kolkata,iOS,UPI Lite,2026-06-20 12:00:00,56.86,66.19,30.2,48.44,0,Success
user1808,TXN104285,42.01,P2M,Hyderabad,Android,UPI Lite,2026-06-20 15:00:00,70.32,10.65,67.03,51.32,0,Success
user1725,TXN104286,39.81,Bill Payment,Kolkata,Android,UPI,2026-06-20 18:00:00,87.51,49.25,5.04,55.78,0,Success
user8701,TXN104287,602.46,Recharge,Jaipur,iOS,UPI AutoPay,2026-06-20 21:00:00,94.4,1.61,38.27,46.83,0,Success
user2216,TXN104288,32.71,P2P,Chennai,Android,UPI QR,2026-06-21 00:00:00,10.25,39.1,4.23,9.18,0,Failed
user5051,TXN104289,397.88,Bill Payment,Delhi,Android,UPI Lite,2026-06-21 03:00:00,60.09,5.45,35.63,38.06,0,Pending
user3197,TXN104290,24.67,Bill Payment,Mumbai,iOS,UPI,2026-06-21 06:00:00,66.66,89.7,8.76,44.54,0,Success
user3806,TXN104291,307.86,P2M,Mumbai,iOS,UPI Lite,2026-06-21 09:00:00,17.21,67.28,33.96,31.57,0,Success
user9970,TXN104292,133.28,Shopping,Lucknow,Android,UPI AutoPay,2026-06-21 12:00:00,54.56,79.19,83.81,73.56,1,Success
user1972,TXN104293,614.81,P2P,Jaipur,Web,UPI QR,2026-06-21 15:00:00,33.48,46.77,61.34,42.28,0,Success
user6634,TXN104294,117.68,Recharge,Chennai,Android,UPI Lite,2026-06-21 18:00:00,7.74,85.19,68.23,48.79,0,Pending
user8483,TXN104295,21.99,Bill Payment,Chennai,Web,UPI AutoPay,2026-06-21 21:00:00,6.59,87.3,50.38,26.85,0,Pending
user3123,TXN104296,135.91,P2P,Pune,iOS,UPI,2026-06-22 00:00:00,75.92,35.68,92.24,58.39,0,Success
user9790,TXN104297,192.42,P2M,Delhi,Android,UPI AutoPay,2026-06-22 03:00:00,61.55,37.69,54.12,48.74,0,Success
user1224,TXN104298,143.74,Bill Payment,Lucknow,Android,UPI,2026-06-22 06:00:00,71.51,50.82,10.43,43.84,0,Success
user2814,TXN104299,291.52,Bill Payment,Bengaluru,Android,UPI Lite,2026-06-22 09:00:00,68.53,4.22,93.31,54.68,0,Success
user2106,TXN104300,93.28,Bank Transfer,Bengaluru,Android,UPI Lite,2026-06-22 12:00:00,13.43,99.58,13.31,33.65,0,Failed
user1124,TXN104301,46.37,P2M,Ahmedabad,Android,UPI AutoPay,2026-06-22 15:00:00,15.16,35.92,99.92,49.19,0,Success
user4246,TXN104302,60.36,Bank Transfer,Chennai,Android,UPI,2026-06-22 18:00:00,25.25,47.08,43.54,30.73,0,Success
user3931,TXN104303,97.93,P2M,Kolkata,Android,UPI AutoPay,2026-06-22 21:00:00,39.91,75.48,7.35,38.81,0,Success
user3971,TXN104304,97.09,P2M,Jaipur,iOS,UPI AutoPay,2026-06-23 00:00:00,93.92,29.75,86.41,56.68,0,Pending
user3017,TXN104305,1819.15,Bank Transfer,Mumbai,Android,UPI Lite,2026-06-23 03:00:00,67.39,20.16,9.29,39.47,0,Success
user8415,TXN104306,575.42,P2P,Delhi,Android,UPI Lite,2026-06-23 06:00:00,25.52,12.75,17.44,12.96,0,Success
user3415,TXN104307,325.94,P2P,Jaipur,Android,UPI Lite,2026-06-23 09:00:00,5.6,52.8,41.73,30.73,0,Success
user4096,TXN104308,256.21,P2P,Hyderabad,iOS,UPI AutoPay,2026-06-23 12:00:00,68.42,0.55,67.62,47.23,0,Success
user2609,TXN104309,221.36,Shopping,Pune,Android,UPI AutoPay,2026-06-23 15:00:00,62.53,70.95,12.11,53.1,0,Success
user1717,TXN104310,222.52,Bill Payment,Mumbai,iOS,UPI QR,2026-06-23 18:00:00,67.58,46.14,62.26,71.83,1,Success
user4561,TXN104311,193.12,P2P,Jaipur,Android,UPI QR,2026-06-23 21:00:00,26.12,53.18,78.04,45.04,0,Success
user7782,TXN104312,170.74,Shopping,Jaipur,Android,UPI AutoPay,2026-06-24 00:00:00,51.7,26.32,12.35,27.26,0,Success
user2048,TXN104313,20.25,Bill Payment,Pune,Android,UPI QR,2026-06-24 03:00:00,36.17,17.83,64.76,29.84,0,Success
user9307,TXN104314,113.39,P2P,Jaipur,Android,UPI AutoPay,2026-06-24 06:00:00,81.77,70.0,95.89,78.12,1,Success
user8905,TXN104315,128.99,P2M,Lucknow,Android,UPI Lite,2026-06-24 09:00:00,6.94,21.03,96.74,32.29,0,Success
user6578,TXN104316,77.56,Recharge,Mumbai,Android,UPI,2026-06-24 12:00:00,27.54,78.01,16.17,31.33,0,Success
user2620,TXN104317,94.06,P2P,Hyderabad,Android,UPI Lite,2026-06-24 15:00:00,60.3,20.37,75.97,40.26,0,Success
user7548,TXN104318,221.57,Recharge,Mumbai,iOS,UPI AutoPay,2026-06-24 18:00:00,20.52,61.27,84.66,55.96,0,Success
user8381,TXN104319,353.4,P2P,Pune,Android,UPI Lite,2026-06-24 21:00:00,67.27,64.39,88.9,71.96,1,Success
user5780,TXN104320,221.24,P2M,Hyderabad,Android,UPI AutoPay,2026-06-25 00:00:00,13.68,50.56,32.37,37.75,0,Success
user4792,TXN104321,344.62,Recharge,Bengaluru,Web,UPI AutoPay,2026-06-25 03:00:00,2.28,99.68,27.01,28.16,0,Success
user3941,TXN104322,350.76,Shopping,Delhi,Android,UPI QR,2026-06-25 06:00:00,86.35,37.58,4.79,40.89,0,Success
user6695,TXN104323,121.55,P2M,Chennai,Android,UPI AutoPay,2026-06-25 09:00:00,33.34,88.33,39.95,42.0,0,Success
user7401,TXN104324,277.36,Recharge,Bengaluru,Web,UPI,2026-06-25 12:00:00,15.68,16.92,12.4,15.16,0,Failed
user7197,TXN104325,28.61,Recharge,Lucknow,Web,UPI QR,2026-06-25 15:00:00,17.27,33.72,78.63,30.34,0,Success
user6450,TXN104326,111.68,Bank Transfer,Mumbai,Android,UPI,2026-06-25 18:00:00,88.59,14.54,14.3,48.95,0,Success
user9975,TXN104327,99.3,Bank Transfer,Hyderabad,Android,UPI AutoPay,2026-06-25 21:00:00,65.44,60.36,81.89,59.18,0,Failed
user9432,TXN104328,758.49,P2M,Delhi,Android,UPI Lite,2026-06-26 00:00:00,95.63,63.83,10.76,69.82,0,Success
user6874,TXN104329,229.77,P2M,Delhi,iOS,UPI AutoPay,2026-06-26 03:00:00,80.0,45.35,48.06,60.11,0,Success
user2553,TXN104330,43.19,P2M,Pune,Web,UPI AutoPay,2026-06-26 06:00:00,76.75,72.02,38.46,64.5,0,Success
user2012,TXN104331,297.25,Bill Payment,Pune,Android,UPI Lite,2026-06-26 09:00:00,49.98,86.77,60.15,71.25,1,Success
user9378,TXN104332,407.4,Shopping,Pune,iOS,UPI Lite,2026-06-26 12:00:00,82.08,77.66,51.88,66.3,0,Success
user2881,TXN104333,149.96,P2P,Kolkata,iOS,UPI,2026-06-26 15:00:00,41.27,24.17,59.86,42.86,0,Failed
user7799,TXN104334,327.1,Bank Transfer,Mumbai,Android,UPI QR,2026-06-26 18:00:00,82.7,32.04,0.1,41.44,0,Failed
user5586,TXN104335,13.52,Recharge,Ahmedabad,iOS,UPI QR,2026-06-26 21:00:00,75.77,38.03,12.75,35.62,0,Success
user9622,TXN104336,11.03,Bank Transfer,Lucknow,Android,UPI QR,2026-06-27 00:00:00,67.84,20.38,51.71,38.39,0,Success
user9430,TXN104337,50.47,P2P,Jaipur,Android,UPI,2026-06-27 03:00:00,32.97,36.12,22.97,26.81,0,Success
user7447,TXN104338,190.38,P2M,Lucknow,Web,UPI,2026-06-27 06:00:00,63.07,23.8,7.63,34.65,0,Success
user3345,TXN104339,759.12,Bank Transfer,Chennai,Android,UPI Lite,2026-06-27 09:00:00,50.68,99.57,21.77,59.84,0,Success
user1075,TXN104340,53.17,Shopping,Pune,Android,UPI QR,2026-06-27 12:00:00,46.15,78.33,77.99,63.19,0,Success
user6877,TXN104341,69.85,Shopping,Chennai,iOS,UPI AutoPay,2026-06-27 15:00:00,99.02,86.0,54.17,78.19,1,Success
user7785,TXN104342,179.22,Bill Payment,Lucknow,Web,UPI,2026-06-27 18:00:00,50.44,92.21,19.01,48.49,0,Success
user5922,TXN104343,100.25,Bank Transfer,Kolkata,iOS,UPI AutoPay,2026-06-27 21:00:00,3.2,66.5,1.6,6.15,0,Success
user9090,TXN104344,94.71,P2M,Chennai,Android,UPI QR,2026-06-28 00:00:00,62.65,17.6,35.76,41.68,0,Success
user3330,TXN104345,107.61,Recharge,Mumbai,Android,UPI QR,2026-06-28 03:00:00,72.8,75.85,35.75,51.8,0,Success
user5686,TXN104346,610.81,Bill Payment,Hyderabad,Android,UPI,2026-06-28 06:00:00,88.52,1.56,73.51,66.14,0,Failed
user2902,TXN104347,500.76,P2M,Ahmedabad,Android,UPI,2026-06-28 09:00:00,63.27,11.32,91.94,51.94,0,Success
user5670,TXN104348,167.92,Bill Payment,Ahmedabad,Web,UPI Lite,2026-06-28 12:00:00,1.95,2.96,37.2,20.85,0,Success
user8143,TXN104349,857.89,Bank Transfer,Lucknow,iOS,UPI AutoPay,2026-06-28 15:00:00,11.97,13.54,68.81,19.45,0,Success
user3059,TXN104350,272.88,P2P,Jaipur,Android,UPI Lite,2026-06-28 18:00:00,16.12,75.2,63.49,52.52,0,Success
user1140,TXN104351,520.03,Bank Transfer,Pune,Android,UPI Lite,2026-06-28 21:00:00,21.13,88.55,42.21,50.56,0,Success
user2789,TXN104352,69.37,P2M,Lucknow,Web,UPI AutoPay,2026-06-29 00:00:00,79.98,27.88,6.59,40.78,0,Success
user1016,TXN104353,85.31,Recharge,Chennai,iOS,UPI QR,2026-06-29 03:00:00,30.98,11.91,47.35,19.07,0,Success
user1464,TXN104354,84.4,Recharge,Kolkata,Android,UPI AutoPay,2026-06-29 06:00:00,31.24,27.3,35.41,23.22,0,Pending
user5471,TXN104355,150.4,P2M,Hyderabad,Android,UPI QR,2026-06-29 09:00:00,75.56,64.71,55.02,64.5,0,Success
user2827,TXN104356,174.15,Bill Payment,Ahmedabad,Android,UPI Lite,2026-06-29 12:00:00,41.24,35.02,12.54,23.5,0,Success
user9711,TXN104357,226.82,Shopping,Bengaluru,iOS,UPI QR,2026-06-29 15:00:00,6.46,96.11,72.42,43.85,0,Success
user6956,TXN104358,1179.81,P2M,Ahmedabad,Android,UPI QR,2026-06-29 18:00:00,58.51,13.1,78.78,42.92,0,Success
user1089,TXN104359,337.4,Bank Transfer,Hyderabad,iOS,UPI QR,2026-06-29 21:00:00,13.01,99.03,38.85,48.17,0,Success
user5815,TXN104360,98.02,Recharge,Mumbai,Android,UPI AutoPay,2026-06-30 00:00:00,57.17,1.25,17.53,34.91,0,Success
user3851,TXN104361,163.49,P2P,Chennai,Android,UPI QR,2026-06-30 03:00:00,77.96,45.17,62.36,59.65,0,Success
user3843,TXN104362,738.74,Recharge,Delhi,Android,UPI AutoPay,2026-06-30 06:00:00,92.95,25.18,95.58,74.0,1,Success
user7543,TXN104363,358.48,Shopping,Kolkata,Web,UPI,2026-06-30 09:00:00,6.71,56.63,70.05,36.58,0,Success
user6901,TXN104364,729.08,Recharge,Jaipur,Web,UPI,2026-06-30 12:00:00,30.4,9.66,12.35,32.35,0,Success
user1969,TXN104365,101.22,Shopping,Bengaluru,iOS,UPI Lite,2026-06-30 15:00:00,65.25,87.58,39.72,68.56,0,Success
user2094,TXN104366,80.51,P2M,Lucknow,Web,UPI Lite,2026-06-30 18:00:00,31.55,13.65,91.54,44.44,0,Success
user7124,TXN104367,81.69,Recharge,Pune,iOS,UPI AutoPay,2026-06-30 21:00:00,45.1,58.74,63.44,52.63,0,Success
user8347,TXN104368,109.73,Bill Payment,Pune,Android,UPI QR,2026-07-01 00:00:00,2.01,3.33,14.72,8.38,0,Success
user4195,TXN104369,56.64,Bank Transfer,Pune,iOS,UPI QR,2026-07-01 03:00:00,69.35,31.1,72.46,41.4,0,Success
user2404,TXN104370,220.34,Bill Payment,Bengaluru,Android,UPI,2026-07-01 06:00:00,88.33,14.97,35.35,33.92,0,Success
user7940,TXN104371,224.17,Bank Transfer,Hyderabad,Android,UPI AutoPay,2026-07-01 09:00:00,97.69,97.78,48.95,80.79,1,Success
user5290,TXN104372,625.64,Recharge,Jaipur,Android,UPI QR,2026-07-01 12:00:00,83.05,1.2,41.5,41.56,0,Success
user4982,TXN104373,28.21,Recharge,Ahmedabad,Android,UPI QR,2026-07-01 15:00:00,3.18,35.24,72.57,33.82,0,Success
user6555,TXN104374,63.81,Bank Transfer,Lucknow,iOS,UPI AutoPay,2026-07-01 18:00:00,65.19,30.28,21.79,29.57,0,Success
user8954,TXN104375,367.08,P2P,Delhi,Android,UPI Lite,2026-07-01 21:00:00,49.57,65.74,38.84,58.18,0,Success
user5713,TXN104376,197.05,Recharge,Jaipur,Android,UPI AutoPay,2026-07-02 00:00:00,93.79,5.64,74.45,52.11,0,Success
user4092,TXN104377,171.54,P2P,Lucknow,iOS,UPI AutoPay,2026-07-02 03:00:00,90.21,81.06,70.48,76.52,1,Success
user5159,TXN104378,580.48,P2P,Delhi,iOS,UPI QR,2026-07-02 06:00:00,98.8,46.65,20.17,51.26,0,Success
user7308,TXN104379,59.74,Bank Transfer,Kolkata,Android,UPI,2026-07-02 09:00:00,86.19,45.28,35.07,54.92,0,Failed
user8478,TXN104380,79.14,P2P,Hyderabad,Android,UPI QR,2026-07-02 12:00:00,54.69,22.68,1.44,43.14,0,Success
user9476,TXN104381,70.35,P2P,Kolkata,Android,UPI QR,2026-07-02 15:00:00,71.49,49.0,53.02,61.22,0,Success
user5933,TXN104382,21.91,P2M,Hyderabad,iOS,UPI QR,2026-07-02 18:00:00,96.47,36.39,28.09,47.77,0,Failed
user5926,TXN104383,187.32,Bill Payment,Chennai,iOS,UPI AutoPay,2026-07-02 21:00:00,57.81,24.51,1.19,21.22,0,Success
user4969,TXN104384,97.24,P2P,Ahmedabad,Android,UPI AutoPay,2026-07-03 00:00:00,84.0,16.87,42.47,47.76,0,Success
user3965,TXN104385,78.81,Bill Payment,Mumbai,Web,UPI QR,2026-07-03 03:00:00,94.22,72.83,92.69,75.84,1,Success
user5319,TXN104386,65.8,P2P,Mumbai,Android,UPI QR,2026-07-03 06:00:00,57.05,14.2,92.34,42.7,0,Failed
user9975,TXN104387,161.14,Bill Payment,Hyderabad,Android,UPI,2026-07-03 09:00:00,15.92,16.8,37.21,34.15,0,Success
user8108,TXN104388,73.81,Recharge,Mumbai,Android,UPI Lite,2026-07-03 12:00:00,15.56,57.71,44.92,20.29,0,Success
user4939,TXN104389,204.7,Recharge,Bengaluru,Android,UPI QR,2026-07-03 15:00:00,11.53,22.61,24.27,22.27,0,Success
user1044,TXN104390,259.61,Bill Payment,Lucknow,Web,UPI AutoPay,2026-07-03 18:00:00,47.63,45.94,6.83,46.28,0,Success
user2810,TXN104391,122.17,P2P,Jaipur,Android,UPI Lite,2026-07-03 21:00:00,48.01,55.29,69.39,42.86,0,Success
user5566,TXN104392,114.15,P2M,Kolkata,Android,UPI Lite,2026-07-04 00:00:00,61.74,27.44,80.01,47.15,0,Success
user2909,TXN104393,197.45,Bill Payment,Chennai,Android,UPI,2026-07-04 03:00:00,48.29,34.36,88.01,47.31,0,Success
user7364,TXN104394,159.36,Shopping,Ahmedabad,Android,UPI Lite,2026-07-04 06:00:00,97.31,21.02,93.53,75.33,1,Success
user3581,TXN104395,620.27,P2M,Ahmedabad,Android,UPI QR,2026-07-04 09:00:00,29.13,46.04,91.6,47.94,0,Success
user1691,TXN104396,225.49,Shopping,Chennai,Android,UPI QR,2026-07-04 12:00:00,87.38,99.24,2.74,75.83,1,Success
user1931,TXN104397,490.58,Bill Payment,Pune,Android,UPI AutoPay,2026-07-04 15:00:00,10.03,36.27,97.81,45.79,0,Failed
user8910,TXN104398,302.03,P2P,Pune,Android,UPI QR,2026-07-04 18:00:00,60.19,65.33,37.95,48.29,0,Success
user7382,TXN104399,43.89,Shopping,Pune,iOS,UPI QR,2026-07-04 21:00:00,64.83,63.59,88.61,56.11,0,Success
user4406,TXN104400,93.85,Bill Payment,Chennai,iOS,UPI,2026-07-05 00:00:00,77.22,78.65,44.08,54.75,0,Success
user9339,TXN104401,156.32,P2M,Mumbai,Android,UPI Lite,2026-07-05 03:00:00,50.3,71.19,42.22,54.47,0,Success
user2032,TXN104402,390.9,P2P,Delhi,Android,UPI,2026-07-05 06:00:00,19.72,1.18,1.12,26.3,0,Success
user2311,TXN104403,1127.56,Shopping,Chennai,iOS,UPI Lite,2026-07-05 09:00:00,36.9,30.92,5.24,22.44,0,Success
user9579,TXN104404,101.07,Bill Payment,Mumbai,Android,UPI,2026-07-05 12:00:00,27.22,87.02,67.13,48.12,0,Success
user4121,TXN104405,173.34,P2P,Jaipur,Android,UPI AutoPay,2026-07-05 15:00:00,41.91,53.96,93.76,59.23,0,Success
user2873,TXN104406,365.01,P2P,Chennai,Android,UPI,2026-07-05 18:00:00,53.0,10.42,22.44,26.64,0,Failed
user7781,TXN104407,154.81,Recharge,Kolkata,iOS,UPI,2026-07-05 21:00:00,62.51,27.61,9.39,29.57,0,Success
user4748,TXN104408,849.03,P2P,Mumbai,Android,UPI AutoPay,2026-07-06 00:00:00,84.51,28.34,21.39,55.99,0,Success
user1277,TXN104409,42.62,Bill Payment,Ahmedabad,Android,UPI QR,2026-07-06 03:00:00,91.0,87.32,21.23,74.14,1,Success
user2859,TXN104410,323.12,P2M,Hyderabad,Android,UPI QR,2026-07-06 06:00:00,46.26,55.34,29.31,42.77,0,Success
user6929,TXN104411,319.97,Bank Transfer,Hyderabad,iOS,UPI AutoPay,2026-07-06 09:00:00,8.87,60.83,9.47,19.8,0,Success
user7792,TXN104412,519.07,Recharge,Chennai,Android,UPI AutoPay,2026-07-06 12:00:00,79.71,36.71,23.55,48.55,0,Success
user5713,TXN104413,174.52,Bill Payment,Kolkata,Android,UPI,2026-07-06 15:00:00,47.72,6.03,92.13,49.07,0,Success
user5675,TXN104414,400.02,Bill Payment,Kolkata,Android,UPI AutoPay,2026-07-06 18:00:00,54.64,7.52,89.02,53.86,0,Success
user2170,TXN104415,127.85,Bill Payment,Hyderabad,Android,UPI AutoPay,2026-07-06 21:00:00,59.58,42.04,31.63,49.5,0,Success
user9681,TXN104416,73.6,Shopping,Mumbai,Android,UPI Lite,2026-07-07 00:00:00,66.79,17.75,99.69,35.65,0,Success
user6308,TXN104417,63.61,Shopping,Jaipur,Android,UPI Lite,2026-07-07 03:00:00,89.01,10.43,29.84,45.31,0,Success
user3462,TXN104418,38.81,P2M,Chennai,Android,UPI QR,2026-07-07 06:00:00,95.21,26.22,72.18,64.71,0,Success
user1287,TXN104419,105.49,Bill Payment,Jaipur,iOS,UPI AutoPay,2026-07-07 09:00:00,94.02,74.2,64.4,77.96,1,Success
user6953,TXN104420,223.96,Shopping,Pune,Android,UPI,2026-07-07 12:00:00,80.95,7.3,6.46,35.09,0,Success
user5282,TXN104421,133.2,Shopping,Delhi,iOS,UPI QR,2026-07-07 15:00:00,88.92,44.82,34.23,53.69,0,Success
user2907,TXN104422,199.93,Shopping,Bengaluru,Android,UPI QR,2026-07-07 18:00:00,4.97,82.61,95.15,48.66,0,Success
user2161,TXN104423,563.9,P2M,Pune,iOS,UPI QR,2026-07-07 21:00:00,84.91,26.79,5.09,34.6,0,Failed
user1129,TXN104424,97.76,P2M,Lucknow,Web,UPI AutoPay,2026-07-08 00:00:00,7.23,30.19,17.49,11.73,0,Success
user7337,TXN104425,1703.26,Bill Payment,Ahmedabad,Android,UPI AutoPay,2026-07-08 03:00:00,74.62,88.42,97.09,89.99,1,Success
user3363,TXN104426,349.06,Recharge,Bengaluru,Web,UPI,2026-07-08 06:00:00,16.94,65.0,3.98,32.12,0,Success
user9151,TXN104427,134.7,Bill Payment,Ahmedabad,Android,UPI,2026-07-08 09:00:00,36.01,79.77,44.66,53.75,0,Success
user6983,TXN104428,131.68,Shopping,Chennai,iOS,UPI QR,2026-07-08 12:00:00,18.42,28.92,91.84,34.37,0,Success
user1143,TXN104429,59.85,Bank Transfer,Pune,Android,UPI AutoPay,2026-07-08 15:00:00,44.35,99.68,94.37,72.88,1,Success
user9207,TXN104430,159.86,Shopping,Kolkata,Android,UPI,2026-07-08 18:00:00,41.17,14.09,97.93,56.32,0,Success
user8469,TXN104431,18.89,P2P,Hyderabad,Android,UPI Lite,2026-07-08 21:00:00,4.81,96.19,48.13,43.58,0,Success
user1244,TXN104432,575.8,Bank Transfer,Hyderabad,Android,UPI Lite,2026-07-09 00:00:00,83.05,90.21,8.65,64.99,0,Success
user1926,TXN104433,9.81,Bank Transfer,Jaipur,iOS,UPI QR,2026-07-09 03:00:00,85.42,55.19,77.27,62.25,0,Success
user4178,TXN104434,171.01,Bill Payment,Bengaluru,Android,UPI Lite,2026-07-09 06:00:00,78.75,58.53,70.9,60.47,0,Pending
user3176,TXN104435,52.25,Shopping,Lucknow,Android,UPI QR,2026-07-09 09:00:00,84.76,77.5,57.96,69.51,0,Success
user6002,TXN104436,81.35,Shopping,Pune,Web,UPI AutoPay,2026-07-09 12:00:00,75.09,30.68,88.82,52.99,0,Success
user1886,TXN104437,92.56,Recharge,Hyderabad,Web,UPI QR,2026-07-09 15:00:00,93.75,52.75,91.16,66.39,0,Success
user9532,TXN104438,1125.1,P2P,Mumbai,Web,UPI QR,2026-07-09 18:00:00,57.64,90.24,68.32,65.39,0,Success
user4398,TXN104439,54.42,Bill Payment,Kolkata,iOS,UPI AutoPay,2026-07-09 21:00:00,58.26,6.82,11.21,26.78,0,Success
user9497,TXN104440,409.22,P2M,Ahmedabad,Android,UPI,2026-07-10 00:00:00,85.99,90.55,9.55,56.18,0,Success
user3654,TXN104441,523.43,Bill Payment,Chennai,Android,UPI,2026-07-10 03:00:00,34.94,72.88,40.86,46.56,0,Success
user8392,TXN104442,15.82,Bank Transfer,Jaipur,Android,UPI,2026-07-10 06:00:00,5.01,76.98,29.27,24.34,0,Success
user2371,TXN104443,88.65,Bill Payment,Bengaluru,Web,UPI,2026-07-10 09:00:00,74.99,6.47,13.3,32.84,0,Success
user8135,TXN104444,723.76,Recharge,Delhi,Android,UPI QR,2026-07-10 12:00:00,25.46,18.78,61.12,18.02,0,Success
user1320,TXN104445,44.05,Bill Payment,Hyderabad,Android,UPI,2026-07-10 15:00:00,47.42,92.53,68.35,69.1,0,Success
user5654,TXN104446,543.63,Recharge,Jaipur,Android,UPI Lite,2026-07-10 18:00:00,24.04,12.41,69.8,19.8,0,Success
user6300,TXN104447,161.12,Bank Transfer,Mumbai,Android,UPI Lite,2026-07-10 21:00:00,82.71,63.12,17.53,63.48,0,Success
user7761,TXN104448,154.3,Recharge,Mumbai,Android,UPI,2026-07-11 00:00:00,95.83,78.27,30.58,67.97,0,Success
user7854,TXN104449,175.83,Shopping,Lucknow,Android,UPI Lite,2026-07-11 03:00:00,5.5,23.13,19.91,18.33,0,Success
user6505,TXN104450,231.04,P2M,Bengaluru,Android,UPI Lite,2026-07-11 06:00:00,23.34,69.88,60.13,41.56,0,Pending
user7553,TXN104451,63.08,Bank Transfer,Lucknow,Android,UPI AutoPay,2026-07-11 09:00:00,18.96,6.56,56.71,26.71,0,Success
user5042,TXN104452,126.42,Recharge,Bengaluru,iOS,UPI AutoPay,2026-07-11 12:00:00,67.32,49.88,50.33,52.68,0,Success
user8498,TXN104453,237.6,P2P,Hyderabad,iOS,UPI,2026-07-11 15:00:00,42.87,33.44,29.61,24.86,0,Success
user7636,TXN104454,195.76,Bank Transfer,Pune,Android,UPI QR,2026-07-11 18:00:00,45.63,64.57,23.71,47.05,0,Success
user8362,TXN104455,232.58,P2P,Chennai,Web,UPI QR,2026-07-11 21:00:00,15.71,88.9,89.04,49.06,0,Success
user1011,TXN104456,79.94,P2M,Ahmedabad,iOS,UPI AutoPay,2026-07-12 00:00:00,41.47,12.55,4.89,36.04,0,Success
user1194,TXN104457,308.68,Recharge,Ahmedabad,Android,UPI AutoPay,2026-07-12 03:00:00,30.32,45.03,65.64,35.66,0,Success
user3537,TXN104458,186.14,Bank Transfer,Pune,iOS,UPI QR,2026-07-12 06:00:00,61.12,42.32,1.96,23.63,0,Success
user3842,TXN104459,33.76,Bank Transfer,Mumbai,iOS,UPI,2026-07-12 09:00:00,21.72,32.38,19.38,34.08,0,Success
user3229,TXN104460,96.41,P2M,Kolkata,Android,UPI QR,2026-07-12 12:00:00,61.48,48.02,28.95,48.81,0,Success
user4009,TXN104461,66.99,Shopping,Chennai,Android,UPI QR,2026-07-12 15:00:00,37.77,88.07,88.65,65.12,0,Success
user8984,TXN104462,66.13,P2P,Hyderabad,Android,UPI Lite,2026-07-12 18:00:00,34.63,97.37,13.77,41.04,0,Success
user3077,TXN104463,101.85,Bank Transfer,Pune,iOS,UPI QR,2026-07-12 21:00:00,30.56,0.28,93.78,34.88,0,Pending
user8845,TXN104464,302.92,Bill Payment,Chennai,Android,UPI AutoPay,2026-07-13 00:00:00,67.38,73.9,81.55,65.64,0,Success
user4867,TXN104465,87.64,P2P,Ahmedabad,iOS,UPI,2026-07-13 03:00:00,56.24,61.51,67.9,61.54,0,Success
user5873,TXN104466,205.42,Recharge,Chennai,Android,UPI QR,2026-07-13 06:00:00,85.17,99.45,41.17,66.2,0,Success
user9635,TXN104467,174.37,P2M,Bengaluru,Android,UPI Lite,2026-07-13 09:00:00,24.16,8.99,90.53,30.62,0,Success
user1297,TXN104468,75.26,P2P,Jaipur,Android,UPI AutoPay,2026-07-13 12:00:00,4.01,81.13,52.8,44.15,0,Success
user6856,TXN104469,116.19,Bill Payment,Bengaluru,Android,UPI AutoPay,2026-07-13 15:00:00,18.2,93.39,37.12,53.2,0,Success
user2015,TXN104470,389.49,Bill Payment,Pune,iOS,UPI Lite,2026-07-13 18:00:00,34.34,91.21,58.56,52.09,0,Failed
user2384,TXN104471,190.53,P2M,Hyderabad,iOS,UPI AutoPay,2026-07-13 21:00:00,17.97,56.06,23.23,33.82,0,Success
user9745,TXN104472,283.96,P2M,Delhi,Android,UPI Lite,2026-07-14 00:00:00,8.35,32.76,27.29,27.42,0,Success
user3350,TXN104473,585.52,P2P,Lucknow,Android,UPI AutoPay,2026-07-14 03:00:00,44.53,63.99,91.93,52.51,0,Success
user2269,TXN104474,253.39,Recharge,Lucknow,iOS,UPI AutoPay,2026-07-14 06:00:00,67.69,30.61,79.39,51.28,0,Success
user2260,TXN104475,24.03,Shopping,Delhi,iOS,UPI AutoPay,2026-07-14 09:00:00,75.16,41.23,51.35,39.56,0,Success
user8701,TXN104476,214.99,Bill Payment,Chennai,iOS,UPI AutoPay,2026-07-14 12:00:00,39.87,44.57,41.66,52.59,0,Success
user9376,TXN104477,88.4,P2M,Delhi,Android,UPI Lite,2026-07-14 15:00:00,47.8,30.2,80.76,47.87,0,Success
user5563,TXN104478,1002.55,Shopping,Lucknow,Web,UPI QR,2026-07-14 18:00:00,75.55,34.18,57.06,59.35,0,Success
user7897,TXN104479,244.51,Shopping,Mumbai,iOS,UPI AutoPay,2026-07-14 21:00:00,35.27,0.73,41.5,20.66,0,Success
user6672,TXN104480,90.25,Shopping,Ahmedabad,Android,UPI Lite,2026-07-15 00:00:00,78.48,29.71,51.54,45.98,0,Success
user6593,TXN104481,289.02,Recharge,Lucknow,Android,UPI Lite,2026-07-15 03:00:00,96.74,47.23,23.27,53.68,0,Success
user7155,TXN104482,179.61,P2M,Lucknow,Android,UPI Lite,2026-07-15 06:00:00,88.05,17.3,20.2,40.19,0,Success
user6543,TXN104483,29.43,Bill Payment,Mumbai,iOS,UPI QR,2026-07-15 09:00:00,45.36,80.56,98.91,81.39,1,Success
user8240,TXN104484,388.8,P2M,Lucknow,Android,UPI,2026-07-15 12:00:00,57.95,53.76,96.96,64.21,0,Success
user5683,TXN104485,109.34,P2P,Chennai,Android,UPI Lite,2026-07-15 15:00:00,71.64,79.39,42.08,64.37,0,Success
user2881,TXN104486,679.0,Bill Payment,Mumbai,Android,UPI Lite,2026-07-15 18:00:00,34.93,12.81,51.53,30.46,0,Success
user9713,TXN104487,144.83,P2M,Ahmedabad,Android,UPI Lite,2026-07-15 21:00:00,79.92,82.05,82.72,74.12,1,Success
user4809,TXN104488,691.8,Bill Payment,Hyderabad,Android,UPI QR,2026-07-16 00:00:00,43.69,95.83,72.58,68.33,0,Success
user6807,TXN104489,250.86,P2P,Bengaluru,iOS,UPI AutoPay,2026-07-16 03:00:00,84.68,35.25,9.95,42.96,0,Success
user5883,TXN104490,434.47,Bank Transfer,Hyderabad,Android,UPI QR,2026-07-16 06:00:00,25.47,28.4,37.46,37.48,0,Success
user8206,TXN104491,100.3,Bill Payment,Mumbai,Android,UPI Lite,2026-07-16 09:00:00,1.14,64.68,25.02,20.49,0,Pending
user5155,TXN104492,233.46,Bank Transfer,Mumbai,Android,UPI,2026-07-16 12:00:00,63.27,63.59,99.26,75.02,1,Success
user5673,TXN104493,29.19,Shopping,Pune,Android,UPI Lite,2026-07-16 15:00:00,45.19,11.25,74.87,46.15,0,Failed
user2409,TXN104494,144.45,Recharge,Jaipur,Android,UPI AutoPay,2026-07-16 18:00:00,5.98,92.68,4.78,45.97,0,Success
user6197,TXN104495,37.17,P2P,Jaipur,Android,UPI,2026-07-16 21:00:00,48.76,47.91,90.0,41.8,0,Success
user8452,TXN104496,52.3,Bill Payment,Mumbai,Android,UPI,2026-07-17 00:00:00,16.86,76.44,92.8,59.69,0,Success
user9718,TXN104497,67.3,P2P,Bengaluru,iOS,UPI QR,2026-07-17 03:00:00,62.97,35.93,33.33,36.64,0,Success
user3172,TXN104498,317.48,Shopping,Pune,Android,UPI QR,2026-07-17 06:00:00,44.5,26.15,64.2,46.37,0,Success
user1279,TXN104499,141.55,Bank Transfer,Delhi,iOS,UPI AutoPay,2026-07-17 09:00:00,17.11,11.13,68.2,32.88,0,Failed
user4977,TXN104500,169.26,Recharge,Kolkata,Android,UPI QR,2026-07-17 12:00:00,41.19,27.45,72.95,35.24,0,Success
user3669,TXN104501,137.75,P2P,Bengaluru,Android,UPI AutoPay,2026-07-17 15:00:00,23.27,99.34,69.35,60.56,0,Success
user8825,TXN104502,483.34,Bank Transfer,Mumbai,iOS,UPI,2026-07-17 18:00:00,65.31,65.8,55.97,55.19,0,Success
user4981,TXN104503,164.69,Shopping,Mumbai,Android,UPI,2026-07-17 21:00:00,29.51,80.28,95.38,53.75,0,Success
user5769,TXN104504,210.36,Shopping,Bengaluru,Web,UPI,2026-07-18 00:00:00,82.2,95.85,51.24,57.59,0,Success
user6247,TXN104505,92.74,Shopping,Chennai,Android,UPI AutoPay,2026-07-18 03:00:00,1.42,7.9,11.09,15.7,0,Success
user5427,TXN104506,517.71,Bank Transfer,Pune,Android,UPI QR,2026-07-18 06:00:00,40.34,16.47,8.04,21.47,0,Success
user7135,TXN104507,558.02,Bill Payment,Mumbai,Android,UPI QR,2026-07-18 09:00:00,61.71,92.8,1.84,43.66,0,Failed
user6573,TXN104508,158.08,P2M,Kolkata,iOS,UPI QR,2026-07-18 12:00:00,2.26,56.46,42.79,30.96,0,Success
user5131,TXN104509,91.44,P2P,Delhi,Web,UPI Lite,2026-07-18 15:00:00,21.58,63.48,27.32,34.35,0,Success
user8189,TXN104510,32.59,P2M,Hyderabad,Android,UPI,2026-07-18 18:00:00,32.74,42.76,89.52,40.29,0,Success
user5535,TXN104511,68.81,Shopping,Ahmedabad,Android,UPI,2026-07-18 21:00:00,2.18,81.44,86.71,40.7,0,Success
user3776,TXN104512,18.78,P2M,Kolkata,Android,UPI Lite,2026-07-19 00:00:00,54.67,51.72,83.78,63.39,0,Success
user8697,TXN104513,65.98,Bank Transfer,Ahmedabad,iOS,UPI,2026-07-19 03:00:00,63.09,82.61,86.73,70.16,1,Success
user9386,TXN104514,234.39,Shopping,Lucknow,Android,UPI,2026-07-19 06:00:00,22.75,99.22,29.76,41.11,0,Success
user1662,TXN104515,155.96,Shopping,Chennai,Android,UPI Lite,2026-07-19 09:00:00,54.35,64.67,42.61,46.72,0,Success
user9671,TXN104516,1674.5,Recharge,Kolkata,Android,UPI,2026-07-19 12:00:00,99.91,52.88,31.17,59.42,0,Success
user9044,TXN104517,113.18,Recharge,Jaipur,iOS,UPI QR,2026-07-19 15:00:00,88.69,36.52,8.61,32.64,0,Success
user5218,TXN104518,104.68,Bank Transfer,Chennai,Android,UPI Lite,2026-07-19 18:00:00,5.87,19.47,92.4,37.8,0,Pending
user6060,TXN104519,474.74,Bank Transfer,Jaipur,iOS,UPI,2026-07-19 21:00:00,12.79,65.67,61.59,37.97,0,Success
user6874,TXN104520,23.88,P2M,Delhi,iOS,UPI QR,2026-07-20 00:00:00,49.44,6.26,13.26,21.47,0,Success
user6581,TXN104521,37.27,P2P,Delhi,Android,UPI AutoPay,2026-07-20 03:00:00,24.52,95.63,20.61,46.43,0,Success
user3014,TXN104522,318.57,P2M,Delhi,Android,UPI,2026-07-20 06:00:00,8.1,64.76,45.08,42.88,0,Success
user4789,TXN104523,134.91,Bank Transfer,Chennai,Android,UPI Lite,2026-07-20 09:00:00,25.46,95.94,5.19,40.67,0,Success
user8148,TXN104524,138.03,P2P,Delhi,Android,UPI QR,2026-07-20 12:00:00,6.12,27.23,27.2,9.75,0,Success
user8766,TXN104525,64.25,P2M,Bengaluru,Android,UPI AutoPay,2026-07-20 15:00:00,52.99,94.65,70.34,62.91,0,Success
user3364,TXN104526,208.46,Bill Payment,Ahmedabad,iOS,UPI AutoPay,2026-07-20 18:00:00,49.03,61.21,92.04,58.47,0,Success
user4629,TXN104527,73.11,Bill Payment,Ahmedabad,Web,UPI,2026-07-20 21:00:00,0.63,81.03,92.87,35.08,0,Success
user6919,TXN104528,176.4,P2P,Pune,Web,UPI AutoPay,2026-07-21 00:00:00,48.25,17.89,52.0,38.94,0,Success
user6675,TXN104529,51.5,Recharge,Jaipur,iOS,UPI Lite,2026-07-21 03:00:00,51.98,50.01,31.22,45.71,0,Success
user9872,TXN104530,136.67,P2P,Ahmedabad,Android,UPI AutoPay,2026-07-21 06:00:00,60.57,56.9,92.07,62.21,0,Success
user7638,TXN104531,1242.49,P2M,Mumbai,Android,UPI,2026-07-21 09:00:00,97.01,39.29,78.66,62.04,0,Success
user5651,TXN104532,107.24,Shopping,Ahmedabad,Android,UPI AutoPay,2026-07-21 12:00:00,98.27,25.32,58.71,58.37,0,Success
user1609,TXN104533,143.77,Bill Payment,Mumbai,Android,UPI,2026-07-21 15:00:00,52.69,90.48,83.46,73.91,1,Failed
user8940,TXN104534,133.95,Shopping,Pune,Android,UPI AutoPay,2026-07-21 18:00:00,84.52,8.51,45.88,42.35,0,Success
user4866,TXN104535,195.3,Bill Payment,Lucknow,Android,UPI QR,2026-07-21 21:00:00,8.52,15.4,11.22,16.38,0,Success
user1371,TXN104536,261.95,P2M,Chennai,iOS,UPI,2026-07-22 00:00:00,53.12,32.05,93.82,55.21,0,Success
user7998,TXN104537,212.14,Bill Payment,Kolkata,Web,UPI Lite,2026-07-22 03:00:00,67.89,91.98,53.4,51.88,0,Success
user1615,TXN104538,216.87,P2P,Lucknow,Web,UPI Lite,2026-07-22 06:00:00,56.47,56.42,69.53,50.9,0,Success
user7911,TXN104539,136.89,Shopping,Pune,Android,UPI AutoPay,2026-07-22 09:00:00,23.07,37.32,39.23,33.01,0,Success
user7010,TXN104540,181.32,Bank Transfer,Ahmedabad,Web,UPI QR,2026-07-22 12:00:00,6.27,40.27,13.57,18.96,0,Failed
user3253,TXN104541,132.43,Shopping,Ahmedabad,Android,UPI AutoPay,2026-07-22 15:00:00,38.67,83.78,27.19,52.31,0,Success
user5942,TXN104542,26.78,P2M,Jaipur,Android,UPI AutoPay,2026-07-22 18:00:00,64.76,2.68,4.37,26.27,0,Success
user1864,TXN104543,2277.0,Bank Transfer,Chennai,Android,UPI QR,2026-07-22 21:00:00,99.17,1.13,8.76,46.34,0,Success
user2268,TXN104544,339.74,Shopping,Pune,Android,UPI,2026-07-23 00:00:00,23.65,4.61,20.49,13.12,0,Success
user8454,TXN104545,61.6,P2M,Delhi,Web,UPI Lite,2026-07-23 03:00:00,91.78,46.92,56.1,62.69,0,Success
user9976,TXN104546,206.45,Recharge,Kolkata,Android,UPI QR,2026-07-23 06:00:00,6.83,58.12,99.29,37.91,0,Success
user5571,TXN104547,42.69,P2P,Lucknow,Android,UPI AutoPay,2026-07-23 09:00:00,93.1,62.45,84.37,78.59,1,Success
user6229,TXN104548,100.06,Bill Payment,Bengaluru,Android,UPI,2026-07-23 12:00:00,83.24,73.11,8.59,55.32,0,Success
user3237,TXN104549,37.26,Bill Payment,Bengaluru,iOS,UPI AutoPay,2026-07-23 15:00:00,2.09,18.97,84.23,19.05,0,Success
user5054,TXN104550,155.84,Bill Payment,Bengaluru,Android,UPI,2026-07-23 18:00:00,29.82,26.23,53.63,30.43,0,Success
user1935,TXN104551,33.74,Recharge,Pune,iOS,UPI Lite,2026-07-23 21:00:00,5.1,24.35,66.03,43.18,0,Success
user7394,TXN104552,241.88,P2P,Delhi,iOS,UPI Lite,2026-07-24 00:00:00,99.55,14.92,12.98,41.71,0,Success
user8891,TXN104553,324.48,Shopping,Hyderabad,iOS,UPI,2026-07-24 03:00:00,42.78,24.44,39.54,30.68,0,Failed
user1325,TXN104554,71.74,Shopping,Bengaluru,Android,UPI Lite,2026-07-24 06:00:00,66.22,61.37,88.41,58.52,0,Success
user8774,TXN104555,192.65,P2P,Lucknow,Android,UPI AutoPay,2026-07-24 09:00:00,23.42,36.64,42.54,22.66,0,Success
user4861,TXN104556,68.04,Bank Transfer,Hyderabad,Android,UPI,2026-07-24 12:00:00,93.37,76.79,12.71,52.19,0,Success
user2985,TXN104557,273.62,P2P,Kolkata,Web,UPI AutoPay,2026-07-24 15:00:00,27.42,53.64,31.11,48.14,0,Success
user5932,TXN104558,82.38,Bill Payment,Jaipur,iOS,UPI,2026-07-24 18:00:00,26.02,21.2,22.15,23.73,0,Success
user5603,TXN104559,361.03,Shopping,Delhi,Android,UPI AutoPay,2026-07-24 21:00:00,31.46,46.74,68.69,33.03,0,Success
user3778,TXN104560,26.8,P2P,Jaipur,Android,UPI Lite,2026-07-25 00:00:00,46.25,59.34,91.1,56.95,0,Success
user9832,TXN104561,60.04,Shopping,Lucknow,Android,UPI QR,2026-07-25 03:00:00,1.85,86.62,73.35,52.29,0,Success
user8754,TXN104562,54.12,P2P,Chennai,iOS,UPI AutoPay,2026-07-25 06:00:00,59.78,83.37,84.36,70.11,1,Success
user5078,TXN104563,201.01,P2M,Chennai,Android,UPI,2026-07-25 09:00:00,3.17,42.65,80.58,24.82,0,Success
user2367,TXN104564,285.74,Bill Payment,Bengaluru,iOS,UPI Lite,2026-07-25 12:00:00,53.92,64.77,1.46,43.78,0,Pending
user5042,TXN104565,217.16,P2P,Lucknow,Web,UPI,2026-07-25 15:00:00,45.79,29.78,12.44,28.72,0,Success
user3575,TXN104566,98.6,Recharge,Jaipur,Android,UPI AutoPay,2026-07-25 18:00:00,24.25,63.3,42.34,39.76,0,Success
user7754,TXN104567,10.02,P2P,Pune,Android,UPI,2026-07-25 21:00:00,32.98,91.28,11.21,54.71,0,Success
user2581,TXN104568,170.49,P2M,Hyderabad,Web,UPI,2026-07-26 00:00:00,70.57,62.45,73.49,62.01,0,Success
user2986,TXN104569,360.7,Recharge,Bengaluru,Android,UPI AutoPay,2026-07-26 03:00:00,0.96,30.38,7.02,7.03,0,Failed
user3240,TXN104570,2393.49,Recharge,Hyderabad,Android,UPI Lite,2026-07-26 06:00:00,31.66,64.4,41.62,33.48,0,Success
user4966,TXN104571,107.3,P2P,Ahmedabad,Android,UPI Lite,2026-07-26 09:00:00,68.03,90.28,39.23,56.06,0,Success
user8604,TXN104572,84.33,P2M,Ahmedabad,Android,UPI AutoPay,2026-07-26 12:00:00,15.23,13.7,54.34,17.93,0,Pending
user9320,TXN104573,225.94,Recharge,Ahmedabad,iOS,UPI Lite,2026-07-26 15:00:00,56.04,48.24,62.94,36.93,0,Success
user6968,TXN104574,126.96,Bill Payment,Chennai,Android,UPI QR,2026-07-26 18:00:00,16.89,32.11,94.7,44.17,0,Success
user8493,TXN104575,587.2,Bank Transfer,Mumbai,Android,UPI,2026-07-26 21:00:00,15.48,24.15,27.12,24.15,0,Success
user5103,TXN104576,73.1,Bill Payment,Lucknow,iOS,UPI AutoPay,2026-07-27 00:00:00,77.23,39.62,66.6,55.55,0,Success
user3076,TXN104577,127.89,Shopping,Chennai,Android,UPI QR,2026-07-27 03:00:00,26.65,39.4,3.51,15.31,0,Success
user6231,TXN104578,393.95,Shopping,Lucknow,Android,UPI,2026-07-27 06:00:00,37.58,21.04,0.1,22.02,0,Success
user3994,TXN104579,223.27,P2M,Kolkata,iOS,UPI AutoPay,2026-07-27 09:00:00,73.0,40.36,2.54,43.14,0,Success
user4744,TXN104580,523.85,Recharge,Jaipur,iOS,UPI Lite,2026-07-27 12:00:00,17.95,63.37,44.89,49.93,0,Success
user6594,TXN104581,106.0,Bill Payment,Ahmedabad,Android,UPI AutoPay,2026-07-27 15:00:00,53.17,2.57,55.5,35.9,0,Success
user8531,TXN104582,580.15,Bill Payment,Ahmedabad,Android,UPI AutoPay,2026-07-27 18:00:00,91.78,98.92,0.62,66.34,0,Success
user8371,TXN104583,31.07,Bank Transfer,Kolkata,iOS,UPI,2026-07-27 21:00:00,55.38,29.59,39.64,39.41,0,Success
user2644,TXN104584,32.34,P2M,Delhi,Android,UPI,2026-07-28 00:00:00,4.88,62.36,4.09,20.15,0,Success
user4144,TXN104585,589.36,Recharge,Mumbai,Android,UPI,2026-07-28 03:00:00,58.97,28.35,65.33,52.13,0,Success
user1242,TXN104586,165.23,P2M,Delhi,Android,UPI QR,2026-07-28 06:00:00,9.02,39.35,63.12,30.71,0,Failed
user5085,TXN104587,411.91,P2P,Chennai,Android,UPI Lite,2026-07-28 09:00:00,28.21,54.92,78.42,45.75,0,Pending
user8954,TXN104588,181.18,Bill Payment,Delhi,iOS,UPI AutoPay,2026-07-28 12:00:00,84.97,61.19,54.63,59.56,0,Success
user8269,TXN104589,162.87,P2M,Lucknow,Android,UPI AutoPay,2026-07-28 15:00:00,1.11,77.05,62.29,37.34,0,Success
user8130,TXN104590,43.47,P2M,Pune,iOS,UPI Lite,2026-07-28 18:00:00,7.7,79.17,27.94,35.88,0,Success
user7828,TXN104591,159.68,Bank Transfer,Lucknow,Android,UPI AutoPay,2026-07-28 21:00:00,36.34,51.87,8.55,35.1,0,Success
user9362,TXN104592,640.09,P2P,Bengaluru,Android,UPI,2026-07-29 00:00:00,99.94,7.57,73.73,51.94,0,Success
user9844,TXN104593,173.59,Shopping,Chennai,Web,UPI AutoPay,2026-07-29 03:00:00,29.19,55.78,61.19,44.08,0,Success
user7331,TXN104594,324.43,Bill Payment,Ahmedabad,Android,UPI Lite,2026-07-29 06:00:00,15.73,47.76,93.83,37.68,0,Failed
user4512,TXN104595,315.57,Bank Transfer,Chennai,Android,UPI QR,2026-07-29 09:00:00,54.94,21.54,98.92,55.46,0,Success
user2499,TXN104596,59.58,P2M,Delhi,Android,UPI QR,2026-07-29 12:00:00,51.93,1.02,84.73,50.08,0,Success
user3158,TXN104597,386.5,Bill Payment,Hyderabad,Android,UPI Lite,2026-07-29 15:00:00,44.96,31.6,98.56,54.48,0,Success
user6162,TXN104598,119.85,Shopping,Chennai,Android,UPI AutoPay,2026-07-29 18:00:00,94.67,25.95,64.74,55.12,0,Success
user5039,TXN104599,126.51,P2M,Jaipur,Android,UPI AutoPay,2026-07-29 21:00:00,28.01,48.29,9.19,34.02,0,Success
user3035,TXN104600,1336.35,P2P,Chennai,Web,UPI QR,2026-07-30 00:00:00,29.33,76.16,8.98,29.38,0,Success
user8977,TXN104601,298.06,Bill Payment,Lucknow,Android,UPI AutoPay,2026-07-30 03:00:00,14.03,43.9,80.71,40.97,0,Success
user1857,TXN104602,86.62,Bank Transfer,Hyderabad,iOS,UPI QR,2026-07-30 06:00:00,69.73,95.16,23.69,78.84,1,Success
user4823,TXN104603,174.96,P2P,Mumbai,Android,UPI Lite,2026-07-30 09:00:00,32.14,22.13,6.1,13.61,0,Success
user7770,TXN104604,170.14,Shopping,Lucknow,Android,UPI Lite,2026-07-30 12:00:00,80.27,22.1,47.23,44.61,0,Success
user1298,TXN104605,885.45,Shopping,Hyderabad,Android,UPI AutoPay,2026-07-30 15:00:00,97.18,60.44,31.46,60.24,0,Success
user8244,TXN104606,170.62,Bill Payment,Hyderabad,Android,UPI,2026-07-30 18:00:00,4.37,89.63,58.81,35.64,0,Success
user1923,TXN104607,1492.19,Shopping,Chennai,Android,UPI,2026-07-30 21:00:00,99.31,67.19,60.02,67.65,0,Success
user5232,TXN104608,44.85,Recharge,Kolkata,Android,UPI QR,2026-07-31 00:00:00,25.41,67.37,68.15,46.44,0,Success
user5306,TXN104609,158.8,Bank Transfer,Pune,iOS,UPI Lite,2026-07-31 03:00:00,42.01,80.63,57.64,64.88,0,Success
user3799,TXN104610,76.49,Bill Payment,Kolkata,Android,UPI QR,2026-07-31 06:00:00,77.77,66.87,38.09,60.31,0,Success
user7578,TXN104611,100.0,Recharge,Hyderabad,Android,UPI Lite,2026-07-31 09:00:00,66.53,75.93,2.37,54.7,0,Success
user5875,TXN104612,102.19,Shopping,Chennai,Android,UPI QR,2026-07-31 12:00:00,77.84,86.61,90.51,81.91,1,Success
user6326,TXN104613,80.54,Bill Payment,Pune,Web,UPI QR,2026-07-31 15:00:00,46.63,0.79,32.69,27.32,0,Success
user7582,TXN104614,925.35,Recharge,Ahmedabad,Android,UPI QR,2026-07-31 18:00:00,91.61,88.56,50.72,60.63,0,Success
user2802,TXN104615,680.32,Shopping,Jaipur,Android,UPI AutoPay,2026-07-31 21:00:00,78.99,21.53,55.69,60.69,0,Success
user3657,TXN104616,245.34,P2M,Delhi,Android,UPI,2026-08-01 00:00:00,30.92,91.21,31.49,53.75,0,Success
user4346,TXN104617,102.07,P2M,Pune,Android,UPI Lite,2026-08-01 03:00:00,94.85,26.62,30.85,51.08,0,Success
user3949,TXN104618,82.83,P2P,Ahmedabad,Android,UPI QR,2026-08-01 06:00:00,96.11,45.52,26.09,45.02,0,Success
user1941,TXN104619,344.4,P2M,Ahmedabad,Android,UPI,2026-08-01 09:00:00,41.51,93.39,24.34,39.12,0,Success
user2907,TXN104620,221.44,Recharge,Jaipur,Android,UPI QR,2026-08-01 12:00:00,65.2,10.97,3.04,18.93,0,Success
user5837,TXN104621,141.91,Bank Transfer,Bengaluru,Android,UPI QR,2026-08-01 15:00:00,81.48,74.53,95.79,70.29,1,Success
user9105,TXN104622,281.8,P2M,Mumbai,iOS,UPI Lite,2026-08-01 18:00:00,81.73,39.24,59.53,58.4,0,Success
user2243,TXN104623,399.84,Bill Payment,Jaipur,Android,UPI AutoPay,2026-08-01 21:00:00,1.41,2.41,10.81,2.97,0,Success
user6696,TXN104624,140.61,Bill Payment,Mumbai,Android,UPI QR,2026-08-02 00:00:00,62.9,93.91,59.2,65.92,0,Success
user2466,TXN104625,74.64,Bill Payment,Bengaluru,Android,UPI Lite,2026-08-02 03:00:00,97.37,11.78,23.22,47.44,0,Success
user4957,TXN104626,43.77,P2M,Bengaluru,Android,UPI AutoPay,2026-08-02 06:00:00,23.13,77.41,31.07,48.34,0,Success
user2966,TXN104627,210.74,P2M,Jaipur,Android,UPI AutoPay,2026-08-02 09:00:00,79.56,38.43,80.12,55.42,0,Success
user1375,TXN104628,1432.6,P2P,Mumbai,Android,UPI,2026-08-02 12:00:00,53.42,81.06,88.58,56.35,0,Success
user1262,TXN104629,54.02,Bank Transfer,Kolkata,Android,UPI,2026-08-02 15:00:00,22.15,75.03,69.98,42.25,0,Success
user5362,TXN104630,492.49,Bank Transfer,Delhi,Android,UPI QR,2026-08-02 18:00:00,5.1,63.32,93.26,49.3,0,Success
user7502,TXN104631,83.47,Shopping,Kolkata,iOS,UPI,2026-08-02 21:00:00,75.99,93.92,90.5,83.42,1,Success
user8833,TXN104632,102.1,P2P,Mumbai,Android,UPI Lite,2026-08-03 00:00:00,31.65,9.89,55.12,34.05,0,Success
user2893,TXN104633,409.49,Recharge,Lucknow,Android,UPI Lite,2026-08-03 03:00:00,37.56,79.86,90.78,55.75,0,Success
user9106,TXN104634,127.07,Bill Payment,Lucknow,Android,UPI,2026-08-03 06:00:00,48.52,67.08,54.5,53.27,0,Success
user2652,TXN104635,210.24,P2M,Ahmedabad,Android,UPI Lite,2026-08-03 09:00:00,50.72,31.47,10.43,40.87,0,Success
user6540,TXN104636,206.25,Shopping,Lucknow,Android,UPI Lite,2026-08-03 12:00:00,20.62,54.6,82.95,50.0,0,Success
user4892,TXN104637,83.6,Shopping,Lucknow,Android,UPI QR,2026-08-03 15:00:00,67.06,64.46,13.12,33.96,0,Success
user1599,TXN104638,401.46,P2M,Delhi,Android,UPI QR,2026-08-03 18:00:00,69.25,73.63,31.6,54.68,0,Success
user5815,TXN104639,154.23,P2P,Bengaluru,Android,UPI Lite,2026-08-03 21:00:00,14.23,18.71,37.98,18.05,0,Success
user2912,TXN104640,40.91,Shopping,Ahmedabad,Android,UPI,2026-08-04 00:00:00,53.29,10.21,80.73,31.51,0,Success
user9792,TXN104641,67.19,Bank Transfer,Bengaluru,iOS,UPI Lite,2026-08-04 03:00:00,60.93,10.21,8.35,36.89,0,Pending
user9572,TXN104642,7.27,P2P,Mumbai,Android,UPI AutoPay,2026-08-04 06:00:00,18.63,29.39,44.49,16.78,0,Success
user5213,TXN104643,172.78,P2M,Jaipur,Android,UPI AutoPay,2026-08-04 09:00:00,89.45,15.42,43.67,46.48,0,Success
user4637,TXN104644,604.3,P2P,Ahmedabad,Android,UPI AutoPay,2026-08-04 12:00:00,48.28,53.56,58.22,57.89,0,Success
user6599,TXN104645,57.56,Bank Transfer,Pune,Android,UPI QR,2026-08-04 15:00:00,11.5,43.7,35.39,19.96,0,Success
user7448,TXN104646,294.58,Bill Payment,Ahmedabad,Android,UPI,2026-08-04 18:00:00,33.44,89.31,57.72,53.29,0,Success
user9557,TXN104647,252.29,P2M,Hyderabad,Android,UPI Lite,2026-08-04 21:00:00,47.7,71.74,98.59,66.8,0,Success
user8382,TXN104648,77.33,Bank Transfer,Bengaluru,Android,UPI,2026-08-05 00:00:00,1.01,20.58,7.15,2.87,0,Success
user9982,TXN104649,762.45,P2M,Mumbai,Android,UPI,2026-08-05 03:00:00,3.19,4.57,87.46,21.85,0,Success
user4569,TXN104650,124.88,Bank Transfer,Lucknow,Android,UPI,2026-08-05 06:00:00,5.55,70.92,30.86,33.29,0,Success
user8707,TXN104651,1224.48,Bank Transfer,Hyderabad,Android,UPI AutoPay,2026-08-05 09:00:00,53.81,84.58,46.57,62.76,0,Success
user1746,TXN104652,31.95,Shopping,Chennai,iOS,UPI Lite,2026-08-05 12:00:00,33.61,70.1,74.11,56.89,0,Success
user9504,TXN104653,125.32,Shopping,Pune,Web,UPI QR,2026-08-05 15:00:00,89.31,64.38,91.0,66.8,0,Success
user5633,TXN104654,141.14,Shopping,Kolkata,Android,UPI,2026-08-05 18:00:00,55.92,24.93,0.91,16.19,0,Success
user1920,TXN104655,157.49,Bill Payment,Bengaluru,Android,UPI,2026-08-05 21:00:00,75.99,49.46,66.22,64.28,0,Success
user8008,TXN104656,335.74,Bill Payment,Kolkata,iOS,UPI AutoPay,2026-08-06 00:00:00,68.71,72.5,6.96,56.93,0,Success
user3381,TXN104657,4905.57,Bank Transfer,Mumbai,Android,UPI AutoPay,2026-08-06 03:00:00,52.03,19.34,52.57,65.13,0,Success
user4618,TXN104658,258.54,Recharge,Kolkata,iOS,UPI Lite,2026-08-06 06:00:00,74.47,47.65,74.98,81.52,1,Success
user9989,TXN104659,168.05,P2M,Mumbai,Android,UPI QR,2026-08-06 09:00:00,54.47,11.7,16.95,39.47,0,Success
user5443,TXN104660,54.81,Shopping,Mumbai,Android,UPI QR,2026-08-06 12:00:00,38.55,53.07,76.38,41.38,0,Success
user1272,TXN104661,24.78,P2M,Delhi,Android,UPI AutoPay,2026-08-06 15:00:00,43.58,57.35,30.95,38.9,0,Success
user2773,TXN104662,528.62,Bank Transfer,Delhi,Android,UPI Lite,2026-08-06 18:00:00,83.85,53.54,61.06,66.25,0,Success
user3547,TXN104663,94.94,P2P,Pune,Android,UPI,2026-08-06 21:00:00,56.33,46.95,65.8,53.68,0,Success
user4164,TXN104664,2217.55,Bank Transfer,Mumbai,Android,UPI Lite,2026-08-07 00:00:00,37.73,58.75,64.9,50.31,0,Success
user5780,TXN104665,390.81,Bill Payment,Pune,Android,UPI QR,2026-08-07 03:00:00,17.97,99.68,1.85,46.71,0,Success
user1946,TXN104666,230.8,Recharge,Delhi,Android,UPI AutoPay,2026-08-07 06:00:00,49.54,62.25,15.23,36.8,0,Success
user1506,TXN104667,243.26,P2P,Pune,Android,UPI,2026-08-07 09:00:00,25.24,75.26,85.62,54.87,0,Success
user7719,TXN104668,245.67,P2M,Pune,Web,UPI,2026-08-07 12:00:00,95.56,19.21,93.98,63.73,0,Failed
user9435,TXN104669,81.89,Bill Payment,Jaipur,Android,UPI QR,2026-08-07 15:00:00,49.1,53.0,56.37,50.7,0,Pending
user9697,TXN104670,28.46,Shopping,Jaipur,Android,UPI,2026-08-07 18:00:00,0.89,0.75,59.7,19.36,0,Success
user7360,TXN104671,94.57,P2P,Mumbai,iOS,UPI Lite,2026-08-07 21:00:00,9.29,3.15,75.5,17.24,0,Failed
user8657,TXN104672,161.04,Bill Payment,Hyderabad,Web,UPI QR,2026-08-08 00:00:00,28.43,32.25,40.61,10.49,0,Success
user4590,TXN104673,85.81,P2M,Kolkata,Android,UPI QR,2026-08-08 03:00:00,9.22,46.66,32.8,22.35,0,Success
user2192,TXN104674,45.33,Bank Transfer,Pune,Android,UPI,2026-08-08 06:00:00,89.4,57.56,76.82,69.6,0,Success
user2464,TXN104675,77.62,P2M,Hyderabad,Android,UPI QR,2026-08-08 09:00:00,85.44,88.8,2.83,60.88,0,Success
user1390,TXN104676,462.08,P2P,Delhi,Android,UPI AutoPay,2026-08-08 12:00:00,97.09,77.18,88.53,75.9,1,Success
user6615,TXN104677,346.61,P2P,Bengaluru,iOS,UPI Lite,2026-08-08 15:00:00,70.65,30.0,44.09,47.48,0,Success
user7106,TXN104678,194.69,Bank Transfer,Kolkata,iOS,UPI QR,2026-08-08 18:00:00,64.55,74.35,50.42,59.77,0,Success
user9864,TXN104679,295.04,P2P,Lucknow,Android,UPI AutoPay,2026-08-08 21:00:00,92.35,54.94,63.43,60.6,0,Success
user3560,TXN104680,52.88,Recharge,Kolkata,iOS,UPI,2026-08-09 00:00:00,94.64,77.92,27.44,62.32,0,Success
user6867,TXN104681,74.04,Shopping,Pune,Android,UPI QR,2026-08-09 03:00:00,87.75,41.1,59.74,49.73,0,Success
user2211,TXN104682,223.86,Bill Payment,Mumbai,Web,UPI AutoPay,2026-08-09 06:00:00,86.15,9.19,69.3,36.97,0,Success
user2539,TXN104683,60.07,Bank Transfer,Mumbai,Web,UPI,2026-08-09 09:00:00,67.17,61.85,11.79,53.69,0,Success
user1643,TXN104684,182.8,P2M,Pune,Android,UPI AutoPay,2026-08-09 12:00:00,0.16,55.7,52.05,31.54,0,Pending
user9693,TXN104685,46.41,P2M,Pune,Android,UPI,2026-08-09 15:00:00,42.95,95.36,32.94,49.59,0,Success
user9921,TXN104686,31.51,Shopping,Chennai,Android,UPI Lite,2026-08-09 18:00:00,63.57,16.21,55.74,43.77,0,Success
user2283,TXN104687,342.43,P2P,Kolkata,Web,UPI QR,2026-08-09 21:00:00,54.71,65.61,2.13,43.31,0,Success
user8680,TXN104688,458.08,P2P,Jaipur,Web,UPI Lite,2026-08-10 00:00:00,82.11,47.41,74.27,76.56,1,Success
user8345,TXN104689,87.29,P2M,Jaipur,Android,UPI Lite,2026-08-10 03:00:00,81.89,37.89,16.84,53.8,0,Success
user5386,TXN104690,35.86,Shopping,Lucknow,Android,UPI QR,2026-08-10 06:00:00,59.87,79.46,68.94,64.55,0,Success
user1919,TXN104691,18.02,P2M,Hyderabad,Android,UPI Lite,2026-08-10 09:00:00,2.2,81.07,76.88,59.36,0,Success
user3339,TXN104692,1034.84,P2P,Lucknow,iOS,UPI Lite,2026-08-10 12:00:00,36.93,71.46,75.26,54.61,0,Success
user9947,TXN104693,183.35,Bank Transfer,Bengaluru,Android,UPI AutoPay,2026-08-10 15:00:00,22.88,8.36,81.75,39.81,0,Success
user6930,TXN104694,89.3,Bill Payment,Bengaluru,Android,UPI,2026-08-10 18:00:00,33.88,34.51,30.77,26.36,0,Success
user6402,TXN104695,113.99,P2P,Chennai,Android,UPI Lite,2026-08-10 21:00:00,61.73,4.68,96.71,47.79,0,Success
user6663,TXN104696,24.21,Bank Transfer,Mumbai,iOS,UPI QR,2026-08-11 00:00:00,6.65,34.37,2.38,17.98,0,Success
user6275,TXN104697,304.87,Bill Payment,Kolkata,iOS,UPI AutoPay,2026-08-11 03:00:00,2.22,64.79,48.12,34.37,0,Success
user1507,TXN104698,1212.1,Recharge,Bengaluru,Android,UPI,2026-08-11 06:00:00,43.69,51.87,27.03,42.07,0,Success
user2436,TXN104699,74.98,Shopping,Hyderabad,Android,UPI Lite,2026-08-11 09:00:00,79.36,70.29,73.99,69.26,0,Success
user9750,TXN104700,1778.38,Bank Transfer,Kolkata,iOS,UPI Lite,2026-08-11 12:00:00,3.07,55.15,80.52,50.43,0,Success
user8354,TXN104701,146.0,Recharge,Kolkata,Web,UPI QR,2026-08-11 15:00:00,84.9,55.58,82.24,67.92,0,Success
user5516,TXN104702,868.49,P2P,Jaipur,Android,UPI Lite,2026-08-11 18:00:00,38.39,51.1,29.69,33.77,0,Success
user4622,TXN104703,223.01,Shopping,Mumbai,Android,UPI QR,2026-08-11 21:00:00,11.82,36.43,27.41,22.0,0,Success
user5399,TXN104704,222.77,Bank Transfer,Bengaluru,Android,UPI Lite,2026-08-12 00:00:00,56.75,44.66,67.69,59.68,0,Success
user6037,TXN104705,1036.83,P2P,Jaipur,Android,UPI Lite,2026-08-12 03:00:00,95.24,11.24,92.82,67.98,0,Success
user9111,TXN104706,358.78,Shopping,Ahmedabad,Android,UPI QR,2026-08-12 06:00:00,54.25,83.45,25.42,50.35,0,Success
user4715,TXN104707,238.61,Shopping,Delhi,Android,UPI,2026-08-12 09:00:00,68.66,88.92,91.06,68.51,0,Pending
user8837,TXN104708,23.54,P2P,Ahmedabad,Android,UPI AutoPay,2026-08-12 12:00:00,81.64,76.63,59.15,62.54,0,Success
user2301,TXN104709,36.34,P2P,Ahmedabad,Android,UPI QR,2026-08-12 15:00:00,79.93,58.36,73.79,63.9,0,Success
user8370,TXN104710,259.45,Bank Transfer,Delhi,Android,UPI,2026-08-12 18:00:00,7.31,56.92,43.99,30.57,0,Success
user6185,TXN104711,711.79,Shopping,Ahmedabad,Android,UPI,2026-08-12 21:00:00,74.1,47.03,80.69,56.53,0,Success
user3155,TXN104712,186.5,Bank Transfer,Bengaluru,Android,UPI QR,2026-08-13 00:00:00,94.94,23.13,97.05,71.46,1,Success
user7411,TXN104713,90.8,Shopping,Kolkata,Android,UPI AutoPay,2026-08-13 03:00:00,70.07,38.38,17.06,36.51,0,Pending
user7365,TXN104714,26.07,Bank Transfer,Jaipur,Android,UPI QR,2026-08-13 06:00:00,83.64,98.99,38.56,62.34,0,Success
user1692,TXN104715,74.92,P2P,Pune,iOS,UPI Lite,2026-08-13 09:00:00,48.55,14.58,86.25,41.7,0,Success
user2478,TXN104716,186.98,P2P,Chennai,Android,UPI Lite,2026-08-13 12:00:00,31.91,54.27,17.67,35.5,0,Success
user7396,TXN104717,69.65,P2M,Jaipur,Android,UPI,2026-08-13 15:00:00,67.62,86.65,41.3,53.7,0,Success
user9448,TXN104718,62.52,Bank Transfer,Hyderabad,Android,UPI Lite,2026-08-13 18:00:00,49.22,45.3,16.61,35.45,0,Success
user1441,TXN104719,155.85,P2M,Mumbai,iOS,UPI AutoPay,2026-08-13 21:00:00,89.53,60.56,64.84,62.99,0,Success
user3646,TXN104720,698.13,P2M,Bengaluru,Android,UPI QR,2026-08-14 00:00:00,97.44,82.78,23.83,64.0,0,Success
user6209,TXN104721,325.29,Recharge,Jaipur,Android,UPI AutoPay,2026-08-14 03:00:00,81.98,54.76,38.08,55.23,0,Success
user7533,TXN104722,218.3,Shopping,Bengaluru,Android,UPI,2026-08-14 06:00:00,99.27,73.15,49.11,73.55,1,Success
user5677,TXN104723,198.04,Bill Payment,Lucknow,Android,UPI Lite,2026-08-14 09:00:00,34.84,34.73,29.71,30.5,0,Success
user8211,TXN104724,284.63,Recharge,Delhi,iOS,UPI Lite,2026-08-14 12:00:00,89.58,73.3,67.99,89.25,1,Success
user3645,TXN104725,146.92,Shopping,Pune,Android,UPI QR,2026-08-14 15:00:00,32.99,4.1,11.12,20.68,0,Success
user9210,TXN104726,108.74,Bill Payment,Hyderabad,iOS,UPI AutoPay,2026-08-14 18:00:00,11.8,15.29,87.98,33.78,0,Success
user8933,TXN104727,343.16,P2M,Kolkata,Android,UPI AutoPay,2026-08-14 21:00:00,62.14,63.73,48.13,51.46,0,Success
user6476,TXN104728,130.92,Bill Payment,Kolkata,Web,UPI QR,2026-08-15 00:00:00,45.5,44.9,57.28,40.44,0,Failed
user8928,TXN104729,49.97,P2P,Jaipur,Android,UPI Lite,2026-08-15 03:00:00,92.17,82.83,62.21,79.83,1,Success
user3080,TXN104730,694.57,P2P,Ahmedabad,iOS,UPI,2026-08-15 06:00:00,49.22,34.2,5.97,19.26,0,Success
user7089,TXN104731,25.28,Bank Transfer,Delhi,Android,UPI,2026-08-15 09:00:00,92.76,76.72,75.7,82.33,1,Success
user8396,TXN104732,748.69,Shopping,Ahmedabad,Android,UPI QR,2026-08-15 12:00:00,7.86,13.91,94.59,40.21,0,Success
user8797,TXN104733,272.18,Recharge,Ahmedabad,Android,UPI QR,2026-08-15 15:00:00,83.05,93.01,51.99,69.68,0,Success
user1861,TXN104734,62.23,P2M,Hyderabad,iOS,UPI QR,2026-08-15 18:00:00,75.91,41.84,39.09,57.1,0,Success
user9346,TXN104735,168.05,Shopping,Bengaluru,Android,UPI AutoPay,2026-08-15 21:00:00,72.0,23.09,78.48,50.08,0,Success
user4494,TXN104736,106.82,P2M,Jaipur,Android,UPI Lite,2026-08-16 00:00:00,35.51,78.92,72.04,53.68,0,Success
user1904,TXN104737,367.87,P2P,Kolkata,Android,UPI Lite,2026-08-16 03:00:00,78.38,94.79,65.1,76.44,1,Success
user2269,TXN104738,360.66,Recharge,Mumbai,Web,UPI QR,2026-08-16 06:00:00,48.33,91.81,96.54,66.72,0,Success
user1404,TXN104739,260.18,Recharge,Ahmedabad,Android,UPI,2026-08-16 09:00:00,71.52,23.79,58.18,52.23,0,Success
user2184,TXN104740,345.98,P2P,Lucknow,Android,UPI AutoPay,2026-08-16 12:00:00,55.22,67.2,24.84,43.14,0,Failed
user9938,TXN104741,146.23,Bill Payment,Hyderabad,Web,UPI QR,2026-08-16 15:00:00,15.74,54.69,2.48,24.76,0,Success
user2725,TXN104742,954.97,Recharge,Chennai,Web,UPI AutoPay,2026-08-16 18:00:00,6.46,72.51,45.35,55.73,0,Success
user9462,TXN104743,557.58,Bill Payment,Jaipur,Android,UPI QR,2026-08-16 21:00:00,36.62,48.69,65.23,48.21,0,Success
user6811,TXN104744,101.8,P2M,Lucknow,iOS,UPI AutoPay,2026-08-17 00:00:00,93.28,46.98,17.21,58.86,0,Success
user6606,TXN104745,369.02,Recharge,Ahmedabad,Android,UPI,2026-08-17 03:00:00,52.97,88.27,2.58,52.79,0,Success
user4956,TXN104746,338.18,Bank Transfer,Bengaluru,Android,UPI,2026-08-17 06:00:00,80.22,87.13,90.91,63.74,0,Success
user1171,TXN104747,126.5,P2P,Hyderabad,iOS,UPI,2026-08-17 09:00:00,57.6,78.76,30.19,50.93,0,Success
user9465,TXN104748,116.95,Bill Payment,Pune,iOS,UPI,2026-08-17 12:00:00,95.79,70.49,46.6,76.15,1,Success
user3306,TXN104749,552.53,Bank Transfer,Mumbai,Android,UPI Lite,2026-08-17 15:00:00,36.95,67.84,9.11,28.37,0,Success
user1421,TXN104750,161.63,P2M,Hyderabad,Android,UPI Lite,2026-08-17 18:00:00,5.71,5.62,38.16,12.34,0,Success
user6540,TXN104751,212.76,P2M,Lucknow,Android,UPI AutoPay,2026-08-17 21:00:00,78.07,74.95,42.38,75.75,1,Success
user5675,TXN104752,665.88,Recharge,Kolkata,iOS,UPI QR,2026-08-18 00:00:00,70.55,63.81,90.27,59.84,0,Success
user7748,TXN104753,2065.94,Recharge,Mumbai,Web,UPI Lite,2026-08-18 03:00:00,52.75,30.24,86.55,61.36,0,Success
user7103,TXN104754,96.87,Bank Transfer,Pune,Android,UPI QR,2026-08-18 06:00:00,32.64,82.01,18.9,34.91,0,Success
user2473,TXN104755,131.51,Shopping,Chennai,iOS,UPI AutoPay,2026-08-18 09:00:00,18.83,83.24,55.61,49.71,0,Success
user4243,TXN104756,176.62,Shopping,Jaipur,Android,UPI QR,2026-08-18 12:00:00,48.23,93.22,73.12,68.6,0,Success
user3181,TXN104757,180.68,Recharge,Ahmedabad,iOS,UPI,2026-08-18 15:00:00,66.62,41.84,29.19,49.18,0,Failed
user4096,TXN104758,238.97,Shopping,Delhi,Android,UPI,2026-08-18 18:00:00,57.89,55.12,39.44,40.57,0,Success
user7646,TXN104759,100.47,P2P,Bengaluru,Android,UPI Lite,2026-08-18 21:00:00,43.75,90.6,98.49,75.54,1,Pending
user6882,TXN104760,46.24,Bank Transfer,Lucknow,Android,UPI AutoPay,2026-08-19 00:00:00,53.97,31.68,75.97,42.54,0,Success
user6982,TXN104761,947.5,P2P,Hyderabad,Web,UPI Lite,2026-08-19 03:00:00,10.8,79.66,43.72,29.55,0,Success
user6798,TXN104762,302.5,Shopping,Kolkata,Android,UPI Lite,2026-08-19 06:00:00,69.58,99.2,53.41,61.23,0,Success
user9415,TXN104763,107.93,Recharge,Bengaluru,Android,UPI Lite,2026-08-19 09:00:00,73.43,65.19,62.58,55.28,0,Success
user9411,TXN104764,253.94,P2P,Kolkata,iOS,UPI AutoPay,2026-08-19 12:00:00,1.15,98.37,49.88,48.19,0,Success
user9456,TXN104765,1025.52,P2M,Hyderabad,Android,UPI,2026-08-19 15:00:00,27.05,51.58,41.16,44.41,0,Success
user5524,TXN104766,74.59,Recharge,Lucknow,Android,UPI,2026-08-19 18:00:00,9.21,15.31,35.93,17.98,0,Failed
user7559,TXN104767,202.58,Bank Transfer,Chennai,Android,UPI Lite,2026-08-19 21:00:00,99.82,17.56,16.9,38.13,0,Success
user8620,TXN104768,40.86,Bill Payment,Chennai,iOS,UPI QR,2026-08-20 00:00:00,59.33,73.14,97.36,63.43,0,Success
user3774,TXN104769,145.72,Bill Payment,Pune,Android,UPI,2026-08-20 03:00:00,46.57,0.09,9.14,18.3,0,Success
user6673,TXN104770,303.87,Recharge,Ahmedabad,Android,UPI,2026-08-20 06:00:00,46.3,66.19,60.1,43.07,0,Success
user4124,TXN104771,53.8,Shopping,Jaipur,Android,UPI AutoPay,2026-08-20 09:00:00,96.48,15.13,95.96,54.65,0,Failed
user9671,TXN104772,136.02,P2P,Delhi,Web,UPI,2026-08-20 12:00:00,65.99,98.44,37.49,62.24,0,Success
user2353,TXN104773,365.01,P2P,Jaipur,Android,UPI,2026-08-20 15:00:00,16.87,16.31,25.24,16.37,0,Success
user4854,TXN104774,295.66,Recharge,Pune,Android,UPI Lite,2026-08-20 18:00:00,44.82,55.25,95.55,49.03,0,Success
user9134,TXN104775,51.54,P2M,Chennai,Android,UPI Lite,2026-08-20 21:00:00,77.42,66.94,80.17,76.42,1,Success
user1924,TXN104776,238.36,Bank Transfer,Kolkata,Android,UPI AutoPay,2026-08-21 00:00:00,42.34,81.95,65.5,51.37,0,Success
user3170,TXN104777,286.78,Shopping,Pune,Android,UPI AutoPay,2026-08-21 03:00:00,30.95,45.93,61.2,32.16,0,Success
user6506,TXN104778,182.73,P2M,Ahmedabad,Web,UPI QR,2026-08-21 06:00:00,99.12,93.38,36.01,81.09,1,Success
user3395,TXN104779,487.52,Recharge,Lucknow,Android,UPI,2026-08-21 09:00:00,93.56,48.02,64.13,66.3,0,Success
user9220,TXN104780,90.97,Recharge,Ahmedabad,iOS,UPI Lite,2026-08-21 12:00:00,94.16,25.21,72.5,56.81,0,Success
user9226,TXN104781,247.77,P2M,Mumbai,iOS,UPI Lite,2026-08-21 15:00:00,13.17,59.3,3.17,18.78,0,Success
user6515,TXN104782,51.15,Bill Payment,Ahmedabad,Android,UPI,2026-08-21 18:00:00,23.43,65.8,11.77,28.4,0,Success
user3670,TXN104783,33.09,Recharge,Lucknow,Android,UPI AutoPay,2026-08-21 21:00:00,44.21,50.74,31.51,33.49,0,Pending
user4365,TXN104784,358.2,Bank Transfer,Bengaluru,Web,UPI Lite,2026-08-22 00:00:00,83.21,73.32,32.31,56.29,0,Success
user1588,TXN104785,167.43,Shopping,Hyderabad,iOS,UPI AutoPay,2026-08-22 03:00:00,73.68,42.07,90.05,62.47,0,Success
user4138,TXN104786,103.19,P2M,Lucknow,Android,UPI Lite,2026-08-22 06:00:00,84.97,0.43,68.45,40.83,0,Success
user7663,TXN104787,56.53,Bill Payment,Ahmedabad,Android,UPI Lite,2026-08-22 09:00:00,92.08,26.45,37.35,31.61,0,Success
user5086,TXN104788,375.07,P2M,Chennai,Android,UPI QR,2026-08-22 12:00:00,78.08,94.59,80.92,88.53,1,Success
user9531,TXN104789,36.31,Bill Payment,Pune,Android,UPI Lite,2026-08-22 15:00:00,26.18,76.32,32.32,31.72,0,Success
user5270,TXN104790,442.69,Bill Payment,Pune,Android,UPI,2026-08-22 18:00:00,28.54,18.95,99.08,30.1,0,Success
user7019,TXN104791,257.49,Bank Transfer,Pune,Web,UPI,2026-08-22 21:00:00,35.25,6.67,78.16,42.89,0,Success
user1556,TXN104792,38.18,Shopping,Chennai,Android,UPI,2026-08-23 00:00:00,30.31,35.08,80.84,38.13,0,Success
user9022,TXN104793,186.04,Recharge,Kolkata,iOS,UPI AutoPay,2026-08-23 03:00:00,24.91,83.63,26.1,43.11,0,Success
user6452,TXN104794,2330.24,Bill Payment,Hyderabad,iOS,UPI Lite,2026-08-23 06:00:00,75.25,10.6,14.5,43.69,0,Success
user4567,TXN104795,538.84,Recharge,Lucknow,Android,UPI AutoPay,2026-08-23 09:00:00,3.4,54.34,38.95,34.81,0,Success
user4899,TXN104796,71.66,Shopping,Ahmedabad,iOS,UPI QR,2026-08-23 12:00:00,72.84,27.5,33.42,45.81,0,Success
user7477,TXN104797,335.86,Recharge,Kolkata,Android,UPI Lite,2026-08-23 15:00:00,82.36,72.63,76.98,65.83,0,Success
user8500,TXN104798,39.81,Bank Transfer,Ahmedabad,Android,UPI,2026-08-23 18:00:00,6.6,0.04,17.43,0.0,0,Success
user2016,TXN104799,41.62,Bank Transfer,Pune,Android,UPI QR,2026-08-23 21:00:00,6.18,27.72,52.75,36.35,0,Success
user7470,TXN104800,153.35,P2P,Ahmedabad,Android,UPI QR,2026-08-24 00:00:00,28.55,67.93,62.82,47.3,0,Success
user3062,TXN104801,284.76,Bank Transfer,Chennai,Android,UPI Lite,2026-08-24 03:00:00,20.83,54.68,38.52,37.15,0,Success
user5321,TXN104802,369.2,Bill Payment,Bengaluru,Web,UPI,2026-08-24 06:00:00,58.11,77.89,20.06,46.06,0,Success
user4496,TXN104803,374.35,Shopping,Ahmedabad,iOS,UPI AutoPay,2026-08-24 09:00:00,67.55,15.77,89.57,53.81,0,Success
user2813,TXN104804,269.01,Bank Transfer,Kolkata,Android,UPI Lite,2026-08-24 12:00:00,63.41,53.1,13.88,39.17,0,Success
user7256,TXN104805,32.66,P2M,Lucknow,iOS,UPI,2026-08-24 15:00:00,35.73,19.58,30.38,24.03,0,Success
user3313,TXN104806,154.33,Shopping,Hyderabad,Android,UPI QR,2026-08-24 18:00:00,49.84,63.92,75.66,46.4,0,Success
user2231,TXN104807,432.11,Bill Payment,Pune,Android,UPI Lite,2026-08-24 21:00:00,64.0,13.13,60.53,45.48,0,Success
user6831,TXN104808,255.52,Shopping,Mumbai,Android,UPI QR,2026-08-25 00:00:00,11.94,14.87,73.06,11.22,0,Success
user3999,TXN104809,196.78,Bank Transfer,Lucknow,Android,UPI,2026-08-25 03:00:00,22.95,32.82,80.88,46.39,0,Success
user4440,TXN104810,227.97,P2M,Bengaluru,Android,UPI AutoPay,2026-08-25 06:00:00,89.05,40.19,89.54,79.48,1,Success
user5056,TXN104811,224.2,P2P,Delhi,Android,UPI AutoPay,2026-08-25 09:00:00,34.23,49.86,30.46,31.87,0,Success
user1305,TXN104812,22.99,Bill Payment,Ahmedabad,Android,UPI QR,2026-08-25 12:00:00,80.12,58.07,47.43,63.58,0,Success
user2689,TXN104813,520.55,Bill Payment,Ahmedabad,Android,UPI QR,2026-08-25 15:00:00,25.1,46.88,68.83,38.39,0,Success
user4917,TXN104814,146.86,Shopping,Hyderabad,Web,UPI QR,2026-08-25 18:00:00,4.16,4.56,79.47,22.93,0,Success
user8080,TXN104815,332.81,Recharge,Hyderabad,Web,UPI Lite,2026-08-25 21:00:00,50.04,34.35,57.78,39.05,0,Success
user9611,TXN104816,16.35,Recharge,Pune,iOS,UPI,2026-08-26 00:00:00,89.25,6.14,51.37,42.99,0,Success
user3936,TXN104817,863.5,P2M,Mumbai,Android,UPI QR,2026-08-26 03:00:00,81.93,11.81,69.18,48.27,0,Success
user4862,TXN104818,51.6,P2P,Mumbai,iOS,UPI QR,2026-08-26 06:00:00,25.29,9.28,38.2,7.9,0,Success
user6649,TXN104819,2082.53,P2P,Chennai,iOS,UPI QR,2026-08-26 09:00:00,90.99,15.81,89.37,65.4,0,Success
user4261,TXN104820,1365.45,Shopping,Pune,iOS,UPI AutoPay,2026-08-26 12:00:00,47.97,81.29,21.22,36.05,0,Success
user2819,TXN104821,43.6,Shopping,Pune,Android,UPI QR,2026-08-26 15:00:00,4.9,62.76,88.4,39.95,0,Success
user2342,TXN104822,371.31,Recharge,Bengaluru,Android,UPI,2026-08-26 18:00:00,2.79,50.68,64.36,20.56,0,Success
user6560,TXN104823,59.31,Bank Transfer,Jaipur,Android,UPI AutoPay,2026-08-26 21:00:00,48.51,73.23,60.07,51.47,0,Success
user3226,TXN104824,86.54,P2P,Bengaluru,Android,UPI,2026-08-27 00:00:00,54.63,96.12,47.0,61.7,0,Success
user2079,TXN104825,88.51,Bank Transfer,Ahmedabad,Android,UPI AutoPay,2026-08-27 03:00:00,7.99,41.77,15.47,28.91,0,Success
user5206,TXN104826,256.71,P2P,Delhi,iOS,UPI AutoPay,2026-08-27 06:00:00,92.22,36.74,86.49,65.1,0,Success
user7280,TXN104827,226.93,Bank Transfer,Pune,iOS,UPI Lite,2026-08-27 09:00:00,71.82,97.78,5.25,54.16,0,Success
user8235,TXN104828,49.32,Bank Transfer,Mumbai,Android,UPI AutoPay,2026-08-27 12:00:00,80.13,77.13,27.0,50.2,0,Success
user1813,TXN104829,254.67,P2P,Hyderabad,Android,UPI AutoPay,2026-08-27 15:00:00,58.4,77.71,10.97,40.88,0,Success
user6089,TXN104830,133.74,P2M,Delhi,Android,UPI,2026-08-27 18:00:00,66.35,59.99,10.68,52.36,0,Success
user3031,TXN104831,26.56,P2M,Mumbai,Android,UPI,2026-08-27 21:00:00,38.79,50.7,39.04,41.82,0,Success
user9514,TXN104832,106.27,Shopping,Mumbai,Android,UPI QR,2026-08-28 00:00:00,67.93,55.06,16.04,38.15,0,Success
user6911,TXN104833,863.01,Bank Transfer,Delhi,iOS,UPI Lite,2026-08-28 03:00:00,97.82,65.21,58.14,55.78,0,Success
user3653,TXN104834,109.92,Bank Transfer,Hyderabad,Android,UPI AutoPay,2026-08-28 06:00:00,64.77,37.68,62.72,61.36,0,Success
user4340,TXN104835,26.17,Bank Transfer,Jaipur,iOS,UPI Lite,2026-08-28 09:00:00,34.16,78.23,88.21,48.85,0,Success
user8876,TXN104836,370.36,Bank Transfer,Chennai,iOS,UPI QR,2026-08-28 12:00:00,28.52,90.92,29.97,45.41,0,Success
user2141,TXN104837,64.88,Bank Transfer,Pune,iOS,UPI Lite,2026-08-28 15:00:00,96.33,57.13,30.92,52.59,0,Success
user9558,TXN104838,203.25,Recharge,Bengaluru,Android,UPI AutoPay,2026-08-28 18:00:00,18.5,38.15,24.64,16.79,0,Success
user3897,TXN104839,138.1,Bill Payment,Ahmedabad,Android,UPI,2026-08-28 21:00:00,80.62,69.56,78.18,70.19,1,Success
user5041,TXN104840,954.96,Bank Transfer,Bengaluru,Android,UPI Lite,2026-08-29 00:00:00,46.53,18.22,42.81,40.36,0,Success
user3038,TXN104841,138.2,Recharge,Mumbai,Android,UPI AutoPay,2026-08-29 03:00:00,44.38,96.86,55.24,63.28,0,Success
user5270,TXN104842,52.22,P2M,Pune,Android,UPI QR,2026-08-29 06:00:00,74.75,65.8,37.46,59.56,0,Success
user5683,TXN104843,102.63,Bank Transfer,Hyderabad,iOS,UPI AutoPay,2026-08-29 09:00:00,14.8,6.76,15.68,4.17,0,Success
user1494,TXN104844,48.0,P2M,Hyderabad,Web,UPI Lite,2026-08-29 12:00:00,46.63,52.98,10.25,36.05,0,Success
user8116,TXN104845,133.05,Shopping,Hyderabad,iOS,UPI AutoPay,2026-08-29 15:00:00,3.58,75.03,86.83,48.06,0,Success
user2784,TXN104846,962.75,Bill Payment,Ahmedabad,Android,UPI AutoPay,2026-08-29 18:00:00,67.04,27.78,26.55,30.46,0,Failed
user4510,TXN104847,571.62,P2P,Ahmedabad,Android,UPI Lite,2026-08-29 21:00:00,5.84,5.1,94.16,13.65,0,Success
user4786,TXN104848,1262.93,Bill Payment,Pune,Android,UPI Lite,2026-08-30 00:00:00,8.73,48.92,94.73,44.3,0,Success
user6266,TXN104849,264.87,Bank Transfer,Jaipur,Android,UPI QR,2026-08-30 03:00:00,84.48,83.36,47.89,61.29,0,Success
user6428,TXN104850,189.26,Bank Transfer,Mumbai,iOS,UPI AutoPay,2026-08-30 06:00:00,44.3,25.15,95.86,38.35,0,Success
user7681,TXN104851,60.44,Bill Payment,Hyderabad,Android,UPI,2026-08-30 09:00:00,20.1,71.7,2.85,15.29,0,Success
user7893,TXN104852,214.79,Bill Payment,Hyderabad,Android,UPI Lite,2026-08-30 12:00:00,59.26,40.78,9.17,30.76,0,Success
user5658,TXN104853,143.97,Shopping,Hyderabad,iOS,UPI AutoPay,2026-08-30 15:00:00,51.93,5.96,24.33,37.36,0,Success
user8082,TXN104854,357.32,P2M,Ahmedabad,Android,UPI,2026-08-30 18:00:00,41.09,30.4,20.92,35.48,0,Success
user7869,TXN104855,53.4,P2P,Jaipur,Web,UPI,2026-08-30 21:00:00,90.54,31.39,25.26,57.79,0,Success
user8607,TXN104856,172.89,Bill Payment,Bengaluru,Android,UPI AutoPay,2026-08-31 00:00:00,74.95,90.47,45.23,59.84,0,Success
user8669,TXN104857,34.0,P2P,Jaipur,iOS,UPI AutoPay,2026-08-31 03:00:00,15.16,98.17,6.29,43.9,0,Success
user7219,TXN104858,229.89,Bill Payment,Ahmedabad,Android,UPI AutoPay,2026-08-31 06:00:00,57.08,20.98,55.54,49.28,0,Success
user5534,TXN104859,322.39,P2M,Bengaluru,Android,UPI,2026-08-31 09:00:00,8.87,43.05,30.95,34.8,0,Failed
user6979,TXN104860,32.41,P2P,Delhi,Android,UPI AutoPay,2026-08-31 12:00:00,24.47,97.67,7.15,37.92,0,Success
user9890,TXN104861,42.96,Recharge,Pune,iOS,UPI Lite,2026-08-31 15:00:00,90.99,40.73,75.32,59.63,0,Success
user2312,TXN104862,44.88,P2M,Delhi,iOS,UPI,2026-08-31 18:00:00,46.21,34.92,65.34,42.46,0,Success
user3962,TXN104863,137.33,P2P,Pune,Android,UPI Lite,2026-08-31 21:00:00,89.21,10.99,79.34,55.27,0,Success
user3938,TXN104864,40.55,Bill Payment,Hyderabad,Web,UPI Lite,2026-09-01 00:00:00,16.6,75.33,93.92,42.81,0,Failed
user4197,TXN104865,650.99,Bill Payment,Delhi,iOS,UPI AutoPay,2026-09-01 03:00:00,20.53,44.7,58.58,32.53,0,Success
user6296,TXN104866,253.7,P2M,Ahmedabad,Android,UPI Lite,2026-09-01 06:00:00,35.28,63.87,78.67,59.47,0,Success
user8204,TXN104867,298.58,P2M,Mumbai,iOS,UPI AutoPay,2026-09-01 09:00:00,36.63,50.99,19.92,29.79,0,Success
user6730,TXN104868,33.48,Bill Payment,Bengaluru,Android,UPI,2026-09-01 12:00:00,74.53,17.45,41.04,42.16,0,Failed
user1126,TXN104869,597.75,P2P,Kolkata,Android,UPI Lite,2026-09-01 15:00:00,59.94,17.64,53.01,44.05,0,Success
user6602,TXN104870,314.07,Recharge,Lucknow,Android,UPI AutoPay,2026-09-01 18:00:00,55.32,93.98,54.12,70.43,1,Success
user2191,TXN104871,82.9,Shopping,Mumbai,Android,UPI QR,2026-09-01 21:00:00,60.24,88.95,71.83,70.12,1,Success
user3639,TXN104872,35.1,P2M,Delhi,Android,UPI AutoPay,2026-09-02 00:00:00,73.22,61.06,79.59,70.43,1,Success
user2366,TXN104873,152.0,Bill Payment,Bengaluru,Android,UPI QR,2026-09-02 03:00:00,89.28,0.12,66.69,51.29,0,Success
user7453,TXN104874,102.88,P2P,Delhi,Android,UPI AutoPay,2026-09-02 06:00:00,41.47,43.33,4.72,30.93,0,Success
user7671,TXN104875,107.24,P2M,Delhi,Web,UPI QR,2026-09-02 09:00:00,80.29,53.04,35.12,59.12,0,Success
user7683,TXN104876,81.01,P2P,Chennai,Android,UPI Lite,2026-09-02 12:00:00,49.51,44.94,57.24,28.99,0,Success
user5539,TXN104877,337.46,P2M,Kolkata,iOS,UPI QR,2026-09-02 15:00:00,72.21,92.54,50.79,71.35,1,Success
user9876,TXN104878,12.18,Bill Payment,Chennai,Android,UPI Lite,2026-09-02 18:00:00,87.48,4.09,4.48,18.46,0,Failed
user3887,TXN104879,685.35,P2P,Chennai,Android,UPI Lite,2026-09-02 21:00:00,3.22,65.49,98.06,43.05,0,Success
user5086,TXN104880,445.02,Bill Payment,Jaipur,iOS,UPI AutoPay,2026-09-03 00:00:00,54.66,31.38,95.61,59.61,0,Success
user3261,TXN104881,202.49,P2P,Ahmedabad,Android,UPI Lite,2026-09-03 03:00:00,98.94,55.95,77.38,70.02,1,Success
user5180,TXN104882,142.01,P2M,Ahmedabad,Android,UPI,2026-09-03 06:00:00,49.62,65.59,5.54,38.22,0,Success
user3841,TXN104883,484.47,Shopping,Chennai,Android,UPI QR,2026-09-03 09:00:00,86.43,44.08,43.02,56.88,0,Success
user7040,TXN104884,157.23,Shopping,Hyderabad,Android,UPI AutoPay,2026-09-03 12:00:00,18.59,14.84,40.98,34.52,0,Success
user4560,TXN104885,124.16,Recharge,Jaipur,Android,UPI Lite,2026-09-03 15:00:00,60.43,51.9,55.8,35.74,0,Success
user5758,TXN104886,512.2,Recharge,Delhi,Android,UPI QR,2026-09-03 18:00:00,87.03,93.3,5.59,55.82,0,Success
user1626,TXN104887,1330.61,Bank Transfer,Kolkata,Android,UPI QR,2026-09-03 21:00:00,43.15,53.59,42.37,54.19,0,Success
user6014,TXN104888,62.12,Bill Payment,Chennai,iOS,UPI,2026-09-04 00:00:00,48.67,12.29,75.78,38.02,0,Success
user2375,TXN104889,250.84,P2P,Kolkata,iOS,UPI QR,2026-09-04 03:00:00,8.2,82.42,99.8,51.68,0,Success
user2181,TXN104890,55.35,Recharge,Pune,Android,UPI AutoPay,2026-09-04 06:00:00,4.22,22.17,59.54,27.91,0,Success
user6708,TXN104891,270.87,P2M,Jaipur,Android,UPI AutoPay,2026-09-04 09:00:00,46.87,37.02,94.06,42.85,0,Success
user1490,TXN104892,75.33,Shopping,Kolkata,Android,UPI Lite,2026-09-04 12:00:00,84.35,42.88,99.85,73.68,1,Success
user4729,TXN104893,550.9,P2P,Delhi,iOS,UPI Lite,2026-09-04 15:00:00,93.13,33.97,43.48,52.2,0,Success
user6974,TXN104894,148.4,Bank Transfer,Pune,Android,UPI AutoPay,2026-09-04 18:00:00,65.87,40.45,66.87,51.05,0,Success
user4534,TXN104895,171.83,Shopping,Hyderabad,Android,UPI QR,2026-09-04 21:00:00,82.64,79.55,21.32,52.77,0,Success
user4296,TXN104896,838.08,P2P,Delhi,Android,UPI QR,2026-09-05 00:00:00,73.49,22.34,47.56,49.52,0,Success
user2940,TXN104897,78.81,Recharge,Lucknow,iOS,UPI,2026-09-05 03:00:00,70.15,47.04,7.84,38.57,0,Success
user6014,TXN104898,325.33,Recharge,Ahmedabad,Android,UPI Lite,2026-09-05 06:00:00,76.9,2.0,2.91,30.82,0,Success
user2882,TXN104899,87.06,Bill Payment,Mumbai,Android,UPI QR,2026-09-05 09:00:00,50.53,50.77,89.29,52.81,0,Success
user5908,TXN104900,542.56,Bank Transfer,Bengaluru,iOS,UPI QR,2026-09-05 12:00:00,45.79,11.17,85.84,41.62,0,Success
user3987,TXN104901,979.22,P2P,Mumbai,Android,UPI Lite,2026-09-05 15:00:00,15.91,28.22,31.21,19.88,0,Success
user6585,TXN104902,126.1,Bank Transfer,Hyderabad,iOS,UPI AutoPay,2026-09-05 18:00:00,84.38,32.49,45.7,48.52,0,Success
user4159,TXN104903,18.28,P2M,Ahmedabad,Android,UPI QR,2026-09-05 21:00:00,4.46,8.24,49.36,10.41,0,Success
user5530,TXN104904,82.42,Bank Transfer,Kolkata,iOS,UPI,2026-09-06 00:00:00,26.74,36.06,52.07,26.43,0,Success
user1681,TXN104905,1868.02,Recharge,Jaipur,Android,UPI QR,2026-09-06 03:00:00,51.99,49.81,13.46,52.5,0,Success
user6254,TXN104906,90.73,Bill Payment,Delhi,Android,UPI QR,2026-09-06 06:00:00,97.16,43.11,77.51,67.79,0,Success
user2073,TXN104907,963.93,Recharge,Ahmedabad,Android,UPI,2026-09-06 09:00:00,78.6,28.04,34.78,31.92,0,Failed
user3387,TXN104908,89.45,Shopping,Ahmedabad,Android,UPI AutoPay,2026-09-06 12:00:00,36.87,29.49,3.17,21.9,0,Success
user3693,TXN104909,87.27,Recharge,Chennai,Android,UPI,2026-09-06 15:00:00,71.39,63.36,67.66,67.98,0,Success
user5340,TXN104910,357.52,P2P,Bengaluru,Android,UPI,2026-09-06 18:00:00,93.14,71.84,82.99,63.93,0,Success
user3156,TXN104911,317.14,Bill Payment,Delhi,Android,UPI Lite,2026-09-06 21:00:00,53.89,57.65,91.81,63.66,0,Success
user8966,TXN104912,384.59,P2P,Ahmedabad,Android,UPI QR,2026-09-07 00:00:00,46.19,97.62,67.44,62.65,0,Failed
user3580,TXN104913,164.83,P2M,Chennai,iOS,UPI AutoPay,2026-09-07 03:00:00,55.3,94.49,19.13,40.37,0,Success
user8257,TXN104914,461.44,P2M,Pune,Android,UPI QR,2026-09-07 06:00:00,31.15,9.85,58.98,25.06,0,Success
user3159,TXN104915,429.02,Recharge,Hyderabad,Web,UPI AutoPay,2026-09-07 09:00:00,90.73,26.14,91.18,61.72,0,Success
user7772,TXN104916,517.51,Bill Payment,Hyderabad,Android,UPI,2026-09-07 12:00:00,79.73,86.84,35.06,54.76,0,Success
user2627,TXN104917,87.92,Bank Transfer,Jaipur,Android,UPI Lite,2026-09-07 15:00:00,70.55,2.97,95.34,44.23,0,Success
user9219,TXN104918,461.11,Bill Payment,Jaipur,Android,UPI,2026-09-07 18:00:00,58.91,59.22,9.77,43.35,0,Success
user8080,TXN104919,97.38,Bill Payment,Ahmedabad,iOS,UPI QR,2026-09-07 21:00:00,96.95,95.45,72.81,82.62,1,Success
user2985,TXN104920,140.18,Bill Payment,Ahmedabad,iOS,UPI Lite,2026-09-08 00:00:00,29.77,67.87,11.99,37.08,0,Pending
user9488,TXN104921,137.33,Recharge,Delhi,Web,UPI Lite,2026-09-08 03:00:00,28.31,9.19,79.89,28.2,0,Success
user3181,TXN104922,60.45,P2P,Bengaluru,Android,UPI QR,2026-09-08 06:00:00,24.21,74.78,9.77,41.03,0,Success
user3296,TXN104923,28.92,Recharge,Ahmedabad,Android,UPI AutoPay,2026-09-08 09:00:00,74.18,37.65,32.57,44.45,0,Success
user8164,TXN104924,557.65,Bank Transfer,Hyderabad,iOS,UPI Lite,2026-09-08 12:00:00,79.73,92.15,77.69,73.03,1,Success
user3597,TXN104925,81.27,P2P,Kolkata,iOS,UPI AutoPay,2026-09-08 15:00:00,59.71,28.63,46.02,39.47,0,Success
user1901,TXN104926,125.24,Bank Transfer,Ahmedabad,Web,UPI AutoPay,2026-09-08 18:00:00,65.2,47.32,88.27,61.77,0,Success
user7060,TXN104927,78.99,Shopping,Chennai,Android,UPI AutoPay,2026-09-08 21:00:00,34.9,74.66,40.17,46.8,0,Failed
user2677,TXN104928,126.89,Shopping,Hyderabad,iOS,UPI Lite,2026-09-09 00:00:00,3.98,25.75,99.5,30.97,0,Success
user3881,TXN104929,98.9,P2P,Ahmedabad,Android,UPI,2026-09-09 03:00:00,25.36,18.18,1.87,21.52,0,Success
user6622,TXN104930,589.39,Recharge,Mumbai,Android,UPI Lite,2026-09-09 06:00:00,58.43,0.27,69.61,37.58,0,Failed
user9052,TXN104931,90.88,Bank Transfer,Mumbai,Android,UPI,2026-09-09 09:00:00,81.29,48.8,91.59,70.9,1,Success
user2378,TXN104932,911.01,Bank Transfer,Mumbai,iOS,UPI Lite,2026-09-09 12:00:00,77.72,92.86,53.6,79.78,1,Success
user2248,TXN104933,512.48,P2M,Bengaluru,Android,UPI,2026-09-09 15:00:00,17.95,28.15,98.85,36.88,0,Success
user6650,TXN104934,102.06,Bank Transfer,Lucknow,Android,UPI,2026-09-09 18:00:00,5.14,4.34,70.8,18.24,0,Success
user7079,TXN104935,225.84,Recharge,Chennai,Android,UPI Lite,2026-09-09 21:00:00,85.06,62.04,42.95,51.71,0,Success
user8036,TXN104936,275.71,P2M,Chennai,Android,UPI AutoPay,2026-09-10 00:00:00,7.56,5.62,51.54,11.13,0,Success
user7487,TXN104937,380.55,Recharge,Hyderabad,Android,UPI AutoPay,2026-09-10 03:00:00,39.33,50.69,87.75,56.32,0,Success
user2058,TXN104938,420.09,Bill Payment,Kolkata,Android,UPI,2026-09-10 06:00:00,9.42,38.15,95.76,44.11,0,Success
user3048,TXN104939,197.68,Bank Transfer,Hyderabad,Android,UPI QR,2026-09-10 09:00:00,56.4,47.54,55.59,35.36,0,Success
user7115,TXN104940,63.15,Bill Payment,Delhi,iOS,UPI QR,2026-09-10 12:00:00,36.33,16.26,30.72,18.19,0,Success
user5248,TXN104941,311.34,Shopping,Pune,Android,UPI Lite,2026-09-10 15:00:00,20.25,9.02,23.93,26.03,0,Success
user3476,TXN104942,129.48,Shopping,Mumbai,Android,UPI Lite,2026-09-10 18:00:00,59.52,74.9,47.7,49.51,0,Failed
user5603,TXN104943,10.08,P2P,Kolkata,Web,UPI Lite,2026-09-10 21:00:00,36.34,24.57,29.63,25.63,0,Success
user4553,TXN104944,242.32,Bank Transfer,Pune,Android,UPI QR,2026-09-11 00:00:00,16.68,80.04,42.08,41.1,0,Success
user1220,TXN104945,78.72,P2M,Pune,iOS,UPI AutoPay,2026-09-11 03:00:00,70.01,75.84,83.45,69.35,0,Failed
user5818,TXN104946,103.71,Bill Payment,Pune,Android,UPI Lite,2026-09-11 06:00:00,83.68,19.84,47.2,36.98,0,Success
user8192,TXN104947,165.01,Recharge,Bengaluru,Web,UPI Lite,2026-09-11 09:00:00,27.37,90.83,64.09,54.26,0,Success
user5623,TXN104948,34.69,Bank Transfer,Ahmedabad,Android,UPI AutoPay,2026-09-11 12:00:00,18.64,16.13,9.01,0.0,0,Success
user8349,TXN104949,188.49,P2P,Pune,iOS,UPI,2026-09-11 15:00:00,7.53,79.71,76.21,41.35,0,Failed
user6618,TXN104950,119.5,Recharge,Ahmedabad,Android,UPI Lite,2026-09-11 18:00:00,52.79,42.05,48.29,40.85,0,Success
user8209,TXN104951,68.22,Bill Payment,Jaipur,Web,UPI QR,2026-09-11 21:00:00,83.13,18.3,36.09,32.28,0,Success
user5576,TXN104952,171.78,Bank Transfer,Mumbai,Android,UPI QR,2026-09-12 00:00:00,25.08,93.81,61.1,57.11,0,Success
user2871,TXN104953,30.26,Bill Payment,Pune,Android,UPI Lite,2026-09-12 03:00:00,46.06,96.33,10.2,41.18,0,Success
user8915,TXN104954,176.91,Bank Transfer,Chennai,Android,UPI QR,2026-09-12 06:00:00,16.08,51.14,41.4,43.36,0,Success
user2462,TXN104955,262.59,Bank Transfer,Ahmedabad,Web,UPI AutoPay,2026-09-12 09:00:00,40.42,46.92,81.1,51.85,0,Success
user6521,TXN104956,222.57,Bill Payment,Chennai,iOS,UPI,2026-09-12 12:00:00,1.54,90.08,26.21,32.79,0,Pending
user9536,TXN104957,361.0,Bill Payment,Chennai,Android,UPI,2026-09-12 15:00:00,91.07,59.61,91.41,78.42,1,Success
user9236,TXN104958,526.03,Recharge,Lucknow,Android,UPI Lite,2026-09-12 18:00:00,67.66,26.6,60.36,36.02,0,Success
user8813,TXN104959,151.21,P2P,Pune,Android,UPI Lite,2026-09-12 21:00:00,33.28,42.52,54.08,39.45,0,Success
user3068,TXN104960,490.51,Bill Payment,Jaipur,Android,UPI,2026-09-13 00:00:00,88.12,83.6,39.96,58.02,0,Success
user6753,TXN104961,150.64,Shopping,Kolkata,Android,UPI,2026-09-13 03:00:00,18.29,85.96,74.2,56.7,0,Success
user8237,TXN104962,81.49,P2P,Chennai,Web,UPI Lite,2026-09-13 06:00:00,7.87,93.93,56.45,41.97,0,Success
user8016,TXN104963,110.75,Shopping,Mumbai,iOS,UPI QR,2026-09-13 09:00:00,94.26,28.83,79.65,46.96,0,Success
user7191,TXN104964,214.21,Recharge,Delhi,Web,UPI Lite,2026-09-13 12:00:00,30.9,68.0,33.17,30.28,0,Success
user2514,TXN104965,485.5,Bill Payment,Chennai,Android,UPI AutoPay,2026-09-13 15:00:00,93.6,6.84,70.2,53.27,0,Success
user3598,TXN104966,164.26,P2P,Mumbai,iOS,UPI Lite,2026-09-13 18:00:00,63.76,72.59,94.34,70.35,1,Success
user2001,TXN104967,83.63,Bill Payment,Hyderabad,Android,UPI Lite,2026-09-13 21:00:00,98.0,56.32,27.99,47.35,0,Success
user2033,TXN104968,695.24,Bank Transfer,Mumbai,Android,UPI Lite,2026-09-14 00:00:00,75.34,24.98,98.1,46.64,0,Pending
user7899,TXN104969,39.06,Bill Payment,Bengaluru,Android,UPI Lite,2026-09-14 03:00:00,10.55,65.46,41.05,30.58,0,Success
user9465,TXN104970,84.17,P2P,Kolkata,Android,UPI Lite,2026-09-14 06:00:00,85.22,13.52,3.85,46.16,0,Success
user6051,TXN104971,400.53,Bill Payment,Hyderabad,Web,UPI Lite,2026-09-14 09:00:00,14.79,33.38,35.77,21.09,0,Success
user5476,TXN104972,959.54,Bill Payment,Lucknow,Android,UPI QR,2026-09-14 12:00:00,69.22,40.09,14.96,43.38,0,Success
user1478,TXN104973,265.25,P2M,Mumbai,iOS,UPI Lite,2026-09-14 15:00:00,50.04,77.71,30.43,30.42,0,Success
user1515,TXN104974,210.58,P2M,Mumbai,iOS,UPI,2026-09-14 18:00:00,70.77,30.88,9.6,55.72,0,Success
user2191,TXN104975,122.63,P2P,Ahmedabad,Android,UPI Lite,2026-09-14 21:00:00,76.5,4.9,17.82,25.17,0,Pending
user7297,TXN104976,283.74,P2P,Jaipur,Android,UPI QR,2026-09-15 00:00:00,80.37,18.07,12.67,37.89,0,Success
user1271,TXN104977,186.67,Bank Transfer,Kolkata,Android,UPI AutoPay,2026-09-15 03:00:00,83.5,60.81,4.35,35.87,0,Success
user9334,TXN104978,77.13,Bank Transfer,Bengaluru,Android,UPI,2026-09-15 06:00:00,84.72,1.53,29.62,40.49,0,Success
user8778,TXN104979,120.42,Bill Payment,Chennai,iOS,UPI Lite,2026-09-15 09:00:00,41.26,79.22,94.1,57.71,0,Success
user7008,TXN104980,68.89,Shopping,Bengaluru,Web,UPI Lite,2026-09-15 12:00:00,88.92,90.11,94.94,83.6,1,Success
user8987,TXN104981,166.27,P2P,Lucknow,Android,UPI,2026-09-15 15:00:00,71.96,49.54,84.66,59.4,0,Success
user4332,TXN104982,192.84,Bill Payment,Pune,Web,UPI Lite,2026-09-15 18:00:00,83.9,70.76,1.21,54.53,0,Failed
user1787,TXN104983,840.82,Shopping,Pune,Android,UPI QR,2026-09-15 21:00:00,98.92,46.27,2.81,58.13,0,Success
user7222,TXN104984,90.25,P2M,Bengaluru,Android,UPI Lite,2026-09-16 00:00:00,11.64,30.88,1.04,3.83,0,Failed
user1622,TXN104985,136.9,Bank Transfer,Lucknow,Android,UPI AutoPay,2026-09-16 03:00:00,37.06,16.49,36.66,38.94,0,Success
user4841,TXN104986,577.77,P2P,Chennai,Android,UPI QR,2026-09-16 06:00:00,80.65,51.82,98.03,64.36,0,Success
user4676,TXN104987,997.34,Bill Payment,Hyderabad,Android,UPI Lite,2026-09-16 09:00:00,8.63,92.99,89.68,58.43,0,Success
user3572,TXN104988,263.67,P2M,Jaipur,Android,UPI AutoPay,2026-09-16 12:00:00,54.08,89.0,25.05,46.14,0,Success
user7915,TXN104989,127.29,Recharge,Jaipur,Android,UPI,2026-09-16 15:00:00,85.84,91.96,41.02,68.96,0,Success
user6033,TXN104990,102.21,P2M,Bengaluru,Android,UPI QR,2026-09-16 18:00:00,1.9,96.64,82.44,47.77,0,Success
user8788,TXN104991,25.97,Bill Payment,Jaipur,Android,UPI Lite,2026-09-16 21:00:00,93.95,16.54,75.86,70.65,1,Success
user6214,TXN104992,64.86,Bank Transfer,Bengaluru,Android,UPI Lite,2026-09-17 00:00:00,97.81,14.65,13.26,36.55,0,Success
user5712,TXN104993,181.56,Shopping,Pune,Android,UPI,2026-09-17 03:00:00,32.23,42.78,10.78,38.33,0,Success
user1066,TXN104994,136.87,Recharge,Mumbai,Android,UPI,2026-09-17 06:00:00,76.68,68.93,54.37,54.25,0,Success
user8533,TXN104995,305.95,Recharge,Hyderabad,iOS,UPI QR,2026-09-17 09:00:00,12.72,43.97,10.21,31.96,0,Success
user5616,TXN104996,134.94,Bank Transfer,Jaipur,Android,UPI QR,2026-09-17 12:00:00,77.29,89.24,82.5,81.52,1,Success
user2140,TXN104997,79.36,Recharge,Delhi,Android,UPI QR,2026-09-17 15:00:00,48.15,71.74,25.33,42.21,0,Success
user6730,TXN104998,230.75,P2P,Pune,iOS,UPI Lite,2026-09-17 18:00:00,86.03,63.4,18.83,53.05,0,Success
user8465,TXN104999,2008.74,Bill Payment,Lucknow,Android,UPI Lite,2026-09-17 21:00:00,21.26,7.1,18.57,19.31,0,Failed
